"(0,0)","(1,0)","(2,0)","(3,0)","(4,0)","(5,0)","(0,1)","(1,1)","(2,1)","(3,1)","(4,1)","(5,1)","(0,2)","(1,2)","(2,2)","(3,2)","(4,2)","(5,2)","(0,3)","(1,3)","(2,3)","(3,3)","(4,3)","(5,3)","(0,4)","(1,4)","(2,4)","(3,4)","(4,4)","(5,4)","(0,5)","(1,5)","(2,5)","(3,5)","(4,5)","(5,5)"
0.0,0,0.0,0.0,0.0,0.0,0.0,0.0,0.0,0.0,0,0.0,0.0,0.0,0.0,0.0,0.0,0.0,0.0,0.0,0.0,0.0,0.0,0.0,0.0,0,0,0,0.0,0.0,0.0,0.0,0.0,0.0,0.0,0.0
1.0,0,1.0,-0.04,-0.04,1.0,-0.04,-1.0,-0.04,1.0,0,-1.0,-0.04,-0.04,-1.0,-0.04,1.0,-0.04,-0.04,-0.04,-0.04,-1.0,-0.04,1.0,-0.04,0,0,0,-1.0,-0.04,-0.04,-0.04,-0.04,-0.04,-0.04,-0.04
1.88704,0,1.06336,0.02336,0.74408,1.792,-0.7369600000000001,-1.13464,0.752,1.7840799999999999,0,-1.69696,-0.0796,-0.93496,-1.0396,0.752,1.06336,-0.07168,-0.0796,-0.0796,-0.93496,-1.13464,0.752,1.7840799999999999,-0.0796,0,0,0,-1.0396,0.02336,-0.0796,-0.0796,-0.0796,-0.0796,-0.17464000000000002,-0.0796
2.6083936000000003,0,1.19822176,0.7282479199999999,1.5265918400000003,2.42867296,-0.75969832,-0.6093064,1.3753435999999999,2.489752,0,-2.17368064,-0.8613277600000001,-0.98357296,-0.4225290399999999,0.86647568,1.12295008,-0.08814568,-0.11880399999999999,-0.8809297600000001,-1.1341163200000002,-0.44229736,1.3753435999999999,2.40820768,-0.11880399999999999,0,0,0,-0.92434024,0.14724464,-0.11880399999999999,-0.11880399999999999,-0.11880399999999999,-0.19407568000000003,-0.22325296000000003,-0.10861096
3.2488685639200003,0,1.83155532328,1.4876427293600003,2.18577416864,2.948753224,-0.34961115064000003,-0.06842292544000006,2.00867716328,3.1297612204000003,0,-2.48984286616,-0.9059615140000001,-0.52217637952,-0.28986976072000004,1.0520744727200002,1.17751969576,-0.08659320160000006,-0.8347294141600002,-1.1228058947200001,-0.5444073997600001,0.13126578488000007,1.8869628567199999,2.9131512796,-0.15761596,0,0,0,-0.76932527176,0.30427783016000004,-0.15761596,-0.15761596,-0.21723113056000004,-0.25524332896,-0.23963160712,-0.122195146
3.8601303865393604,0,2.55839605782256,2.14825613258912,2.7281958387987197,3.38084467883416,0.13775684099359997,0.53240298212672,2.5913977572502405,3.73020288956272,0,-2.68860170778112,-0.5708134084950401,-0.3875085036860801,-0.02179431101727969,1.21543727256464,1.23480195702832,-0.06667428273664003,-1.0345564385442403,-0.6340239057596802,-0.018630937262559946,0.6116252680246399,2.3076270614192005,3.3287665916706404,-0.26307403236184,0,0,0,-0.59592616480288,0.47729269871312,-0.1960398004,-0.24325501548352005,-0.28516448038720005,-0.28032641197312,-0.23666528664112005,-0.11875236990016
4.453014101664937,0,3.211248444702791,2.702698547521618,3.1778117617188015,3.746161039770906,0.70730554267075,1.0667315771078143,3.165444261467397,4.287326335643897,0,-2.801269683348993,-0.4356898950768888,-0.06732156576534856,0.21733023504997528,1.367804137567578,1.2978944408988857,-0.029429708422356413,-0.6247017900064977,-0.15588741084707775,0.44040511269581073,1.0085198241623452,2.659631844033466,3.6770343637848186,-0.37018366128605706,0,0,0,-0.41695896691617895,0.6558072253360686,-0.27811024170637005,-0.3140147615323994,-0.31848108539937664,-0.28294353659044486,-0.21647843065388273,-0.09855638440844368
5.037658813307864,0,3.77182982754797,3.168839378714677,3.55616627231888,4.060503787784327,1.2025665055216057,1.6059734462050828,3.6949917471254907,4.798542223653797,0,-2.850649187408896,-0.08514090857239509,0.22229911861939336,0.44027996499567923,1.5122211670127355,1.3684867731377965,0.02339237429264051,-0.24324431147081724,0.286703160570452,0.8238635001634103,1.3416844926857672,2.9594238280418645,3.9742225902920345,-0.4225638508781311,0,0,0,-0.23872848960925497,0.8336686424244275,-0.3528807875299106,-0.35441194241972135,-0.3271505358887089,-0.26747373732278323,-0.1807669588109235,-0.06288882319965253
5.607608086703946,0,4.248936123834698,3.5652544663110324,3.880039921844326,4.335694605362354,1.7222302419632374,2.107432447641012,4.177444310595629,5.263870435160821,0,-2.8534084363822263,0.23103379915758762,0.4960767163473559,0.6450458337556879,1.6517239692427517,1.4469899099565577,0.08976052732520196,0.1368061319861959,0.6628911177692156,1.1477643212578774,1.6264003321193088,3.2194303615806175,4.232433332166281,-0.4336869546965519,0,0,0,-0.06464740514599032,1.0074876077422925,-0.39746327759881545,-0.3692767890229623,-0.31661500606560866,-0.23612723136816252,-0.13133799736772248,-0.013500745870872074
6.166879599207577,0,4.65789320032694,3.9070749833464196,4.162118031972161,4.580616458176017,2.2071120452319737,2.5662833012265867,4.613489598448819,5.685466249767194,0,-2.821779423478655,0.5369373603680997,0.7451383333101173,0.8353610381937566,1.7881528146463268,1.5330659445237402,0.16761380232418133,0.46494710287486135,0.9837671580137795,1.4255972683848357,1.8743231522066934,3.4489391070519404,4.460714764447376,-0.4092851255353184,0,0,0,0.10365132938897226,1.1756045113751412,-0.4147510899034274,-0.36387588903050855,-0.2897025384445752,-0.1907728857261324,-0.07009514557858826,0.04771210859553993
6.713193815371916,0,5.012270283889165,4.2060590634002,4.411947605205894,4.801973101310445,2.656174253569449,2.981714503790598,5.0067214394291675,6.0667168218169,0,-2.7647745076055754,0.8146834156441896,0.9730609377142516,1.0140866290164228,1.9226073788582174,1.625968631546744,0.255004730196655,0.7517811603953587,1.2602346802018558,1.6682988088989819,2.094144893503586,3.6549211035596807,4.665864706498555,-0.3591844141398002,0,0,0,0.26558432519497366,1.3374130334403602,-0.4097692894405986,-0.3414918364761443,-0.24845322810712278,-0.13328838667201615,0.0011100522048956424,0.11889633538476505
7.244416940599753,0,5.3230789588214735,4.471267315959561,4.63672832206864,5.004845357014655,3.066777732872748,3.3568461487368806,5.361449057256638,6.411577700662569,0,-2.689060604704413,1.0680518486522033,1.1831095793962598,1.1835320486401955,2.0556924660017497,1.7247718300912869,0.35017167600615573,1.0032002678688043,1.5023889228216882,1.8841189140084649,2.292355988983086,3.8426285902642854,4.85301420614692,-0.29061488077420045,0,0,0,0.4211782069054584,1.4929224656312141,-0.38658795114356576,-0.3043903402831178,-0.1947581414094471,-0.06551193921478185,0.08056864098732097,0.19834052513842132
7.758386489628782,0,5.599011987831704,4.709690487723953,4.841909730525197,5.19310021323432,3.4415565599355533,3.6957232704324374,5.682124028663461,6.724138557338924,0,-2.5995893126568355,1.2999506089552513,1.3784216546073333,1.3454196622286307,2.1877087247072193,1.828508609012077,0.4515673739396835,1.2268582866946993,1.718086531614281,2.079243388576821,2.4738186405328126,4.016036304931038,5.0260535712904595,-0.20912236621736813,0,0,0,0.5707911186738308,1.6424787111771704,-0.34812022986408814,-0.25451773537233946,-0.13044756785717776,0.010838999697431406,0.16675863385101486,0.2845207319958237
8.253436461692864,0,5.846907331910392,4.926741582037181,5.031633495525571,5.369692948038753,3.78378820294231,4.002582578280398,5.9730164707684015,7.008360259443114,0,-2.5000526444939872,1.513883020265403,1.5615395428877006,1.5010406842749058,2.318776580926867,1.9362513066405977,0.5578613217649582,1.4287165290695611,1.9133150741887819,2.258306005331727,2.6421919626641457,4.178165101502948,5.187944990888613,-0.11862984641792507,0,0,0,0.7149398381917422,1.786589995277661,-0.29674506342695706,-0.19370898534660802,-0.057244130675355526,0.09421895995009522,0.2583578452406521,0.37611336461481876
8.72840691945963,0,6.072151789438648,5.126628810762801,5.209060246960756,5.536891204897623,4.097010030711944,4.281477134844216,6.238068179081291,7.267927623612387,0,-2.3932138217286703,1.7127772864362343,1.734498089540174,1.6513719772279911,2.448915704847972,2.0471533912440583,0.6679275091309148,1.6134756029684154,2.0925889633133,2.42479135670106,2.8002426462058456,4.331320356122183,5.340953113171,-0.02188966326437887,0,0,0,0.854195047987524,1.925821053454747,-0.23453963246915688,-0.12369173059350996,0.023287078406755028,0.18327476750071528,0.3542382554347435,0.47198941740429196
9.182614558279013,0,6.279001795007613,5.312636802596062,5.376611763177148,5.696441895212644,4.384607127180311,4.536131545046438,6.480827530801007,7.506177584946477,0,-2.2811482941202814,1.8990605646501735,1.898919149682163,1.7971643322820468,2.5780943425772995,2.1604674882209425,0.7808247770844753,1.7847283336381474,2.259316372739734,2.5813323458540056,2.9500723988030972,4.477268361115359,5.486815973327412,0.07917804777403853,0,0,0,0.9891205768802955,2.060731584863113,-0.16335035090767994,-0.046047596559364995,0.10976445738510399,0.2768451022694585,0.4534505156230037,0.5711988551992441
9.615785677017453,0,6.470831450911135,5.487339140803012,5.536151110117489,5.849696047516558,4.649702020846768,4.769885423172529,6.704433093879286,7.726075030649773,0,-2.1654200483858483,2.0747081771693003,2.056103495028212,1.9390045471100676,2.706258999062195,2.275549072535198,0.8957743236924104,1.9452241898398661,2.41608053463614,2.729928510987522,3.0932850494000244,4.6173674693203335,5.626872330708121,0.18322543412735479,0,0,0,1.120240584008684,2.1918428832357244,-0.08480275448524757,0.0378160261302481,0.20099468355966174,0.3739481386227717,0.5552040314756279,0.6729506068839747
10.027985538286382,0,6.650323789450239,5.652759682186876,5.689117189436377,5.997702593547054,4.895108146717132,4.985683913254269,6.91162518807872,7.930217640121277,0,-2.0472111115719045,2.241331662920321,2.2071022311342317,2.0773589261390724,2.833351513372807,2.3918520020080867,1.012137040314294,2.097071210950192,2.564849599638888,2.872106131876481,3.231109896499464,4.752666061918676,5.7621569894067175,0.28929626592897223,0,0,0,1.2480241421014941,2.3196220343443117,-0.0003058620202748899,0.1266753625530412,0.29596387313404826,0.47376332437600616,0.6588458975850547,0.7765914361739581
10.419550821138161,0,6.819618617067373,5.810495568942119,5.836625657597669,6.141279110804806,5.123324062216845,5.186092977252808,7.104772959819393,8.12085737933646,0,-1.927417076612675,2.4002507234673764,2.3527710872785677,2.2126037992668284,2.9593182117158583,2.5089198242576702,1.1293921778345675,2.2418930478700796,2.707131287692712,3.0090360787711155,3.3644932006169466,4.883976073876969,5.893472484001323,0.39670241215980784,0,0,0,1.3728803351915646,2.444476745333182,0.08893693712896969,0.21948510930766843,0.39382139978633846,0.5756110891138125,0.7638405513787431,0.8815855510310835
10.791028863793569,0,6.9804272567139485,5.961811462696933,5.979544935961745,6.281065397142428,5.336545990900173,5.373327726565567,7.285909063651562,8.299930608719617,0,-1.8067178671019408,2.552551195023231,2.4938114112489345,2.3450471184994206,3.0841142082274624,2.6263752987603066,1.2471180901764534,2.380946340279719,2.84408690950888,3.1416209628143785,3.4941663803315075,5.011928423114521,6.021443230722655,0.5049404789454736,0,0,0,1.4951594282041958,2.5667563277720884,0.18191050215126237,0.31536460027369845,0.49386061973583456,0.6789327123364994,0.8697511241870786,0.9874959237566803
11.143124770739187,0,7.1341219741721575,6.107712054351942,6.11855369185723,6.417564200010811,5.536689985262792,5.549286753055674,7.45676700525206,8.469091683527452,0,-1.685630385500168,2.6991303784959655,2.630801366822911,2.474943925536279,3.2077048385342244,2.7439095958853588,1.3649753384182015,2.515208508053935,2.9766157363040118,3.27055991327262,3.620697089374038,5.1370149767018285,6.1465566061092485,0.6136356867254822,0,0,0,1.6151572867783526,2.6867559878889478,0.2777670105453461,0.4135798016849733,0.5954991108782028,0.7832715673987932,0.9762229163020268,1.0939677445166387
11.476656479269632,0,7.281805956009737,6.248998094000986,6.2541844773962945,6.551172294045116,5.725418368194374,5.715588192027612,7.618818137424877,8.629746885749473,0,-1.5645478510116608,2.840732633362102,2.764219935471342,2.6025075970530493,3.3300654884584517,2.861272000713347,1.4826921638675146,2.645443503609701,3.1054177445214806,3.3963969748263194,3.744527652410767,5.259620453422233,6.269194233342933,0.7225040402279106,0,0,0,1.7331212938154286,2.80472265312001,0.3758040699643109,0.5135240965491614,0.6982599053337284,0.8882563200561664,1.0829690937621355,1.200714103165331
11.792517341480485,0,7.424368275698807,6.386309859093162,6.386856983408198,6.682204276744043,5.904167370236411,5.8736049694629,7.7733065752667985,8.783086828177067,0,-1.4437693166678849,2.977977514201906,2.894465604584375,2.7279181629719624,3.451180603842835,2.9782605467424945,1.6000521856338676,2.7722512843464244,3.2310405343817346,3.5195574533253855,3.866004120056462,5.380046768965953,6.389655899689369,0.8313267096443324,0,0,0,1.8492567064423011,2.920861266585366,0.47544358737596576,0.6146996161410468,0.801754466740562,0.9935862736307324,1.189758518077121,1.307503808579191
12.091645520912518,0,7.562527218647379,6.520161002899046,6.516903469896106,6.810910848228822,6.074174126527173,6.024497794441984,7.921281125344644,8.930116323746901,0,-1.3235219090255517,3.1113822056345253,3.0218710899544132,2.851328577074152,3.571042356895175,3.0947137552771595,1.7168841027411503,2.8961052213911116,3.35391461079135,3.6403753490981554,3.985398328687066,5.498531680619275,6.508177904323684,0.939932546338828,0,0,0,1.9637328465528747,3.0353409342541973,0.5762123553887185,0.7167000616544524,0.9056677131301712,1.0990188284959648,1.2964055236221421,1.4141511588360103
12.374999397659243,0,7.696864540351255,6.650965003495665,6.644588278836657,6.937492896778351,6.23650199812621,6.169245170828201,8.063623852183978,9.071681261027175,0,-1.2039776518022096,3.241379558687805,3.1467150611608283,2.972869537630816,3.6896492447704734,3.2105035075247383,1.8330531529055063,3.017380532192111,3.47438006085957,3.759114165011215,4.1029247189231075,5.615263113805531,6.624947178886897,1.048186016801555,0,0,0,2.076688803149225,3.1483005971821343,0.6777247941013536,0.8191954410066773,1.009745119368578,1.2043589027509376,1.4027614164454467,1.5205074350140508
12.643538161128882,0,7.827852633629556,6.779055897026393,6.770122853458112,7.062112383501092,6.392063691974293,6.308670153896625,8.20107523245375,9.208492369311871,0,-1.0852662413086482,3.36833269894089,3.2692315717406957,3.09265326556054,3.8070047699746707,3.3255289926128575,1.948454080282545,3.136376000174226,3.592706835768902,3.875982763948662,4.218753208539645,5.730390204435145,6.7401121869370995,1.1559787526098844,0,0,0,2.188238501463097,3.2598540797444437,0.7796679595566763,0.9219188318592358,1.113781784613721,1.3094501045694797,1.5087074602710007,1.6264538837185505
12.89820680707129,0,7.955876129187152,6.904704578306314,6.893677332717572,7.1849007758099175,6.541641977033035,6.443463854941466,8.334256040514822,9.341145962528108,0,-0.9674847832018694,3.492546934341335,3.389617708300835,3.210776519463778,3.9231162743566834,3.439711632091528,2.0630053802009924,3.2533306476324966,3.7091102513907908,3.9911475080848096,4.333019081785553,5.844031833967701,6.853791359896855,1.2632235240803877,0,0,0,2.298475099963508,3.370094472152509,0.8817887393370043,1.024655102122196,1.2176132761725447,1.4141674292393895,1.6141491261167678,1.7318959642879284
13.13992482082679,0,8.081249110819098,7.028131651054926,7.0153895263195345,7.305965597709652,6.685907993513491,6.574205858848727,8.463686214538706,9.470141866735899,0,-0.8507052388508004,3.6142795148161495,3.5080398399422057,3.327323040601857,4.037993952003543,3.55299086425905,2.17664461221199,3.3684365944852566,3.8237628944126403,4.104741591501468,4.445830612760501,5.9562832435117565,6.966079642421305,1.3698498503816476,0,0,0,2.4074747369931497,3.479097867039081,0.9838830549591011,1.1272314249488502,1.3211080326397604,1.5184112588738794,1.7190114020979865,1.8367586569236425
13.369577906714506,0,8.204228864845923,7.1495175831063635,7.1353718795973125,7.425395528913071,6.8254372694368435,6.7013818060949575,8.589801001445506,9.59589879315762,0,-0.7349801383875914,3.733747667446103,3.6246387547295464,3.442365562784784,4.151650039963311,3.665320669541206,2.289324598825376,3.481849019529393,3.936803811170293,4.216872243884546,4.5572749607729515,6.067221171321642,7.07705358224353,1.4758007267972564,0,0,0,2.5152996806103167,3.5869265023301016,1.0857868461882234,1.2295093839905624,1.4241611074907852,1.6221024597186335,1.8232349840535476,1.9409826521558347
13.588012204556874,0,8.325026882583092,7.269010749891207,7.253716891059421,7.5432643825611745,6.960723622269107,6.8253984286664675,8.712964692516277,9.718767438864733,0,-0.620346976956866,3.8511352363534583,3.739533901834809,3.555967482938618,4.264098171915762,3.7766667245151204,2.401010353211436,3.5936939094769644,4.048345631180645,4.327626311792442,4.667422742759632,6.176907851801878,7.186775296151269,1.581030126329471,0,0,0,2.6220009492275844,3.693631377050978,1.1873686018460878,1.3313784551628334,1.5266890473803334,1.7251783943946992,1.9267731923091438,2.044521266801529
13.796030512864816,0,8.443817679848674,7.386733818405899,7.370501335418216,7.659634214143277,7.092191152153966,6.946596337192518,8.833482253767519,9.839041594839758,0,-0.5068316069083495,3.9665981858960295,3.8528269084122493,3.668184261583847,4.375352873796787,3.88700408279884,2.5116766033437035,3.7040741108006814,4.158480112708144,4.437074597944003,4.776331589179951,6.285394134252332,7.295295565847784,1.6855010486739235,0,0,0,2.7276204739913656,3.799254410356702,1.2885232105783444,1.4327506596474653,1.6286257197419078,1.8275896903989923,2.029589483318947,2.1473379550482092
13.994390111025794,0,8.560745877605475,7.502788823562547,7.485789562014282,7.774557755717733,7.220204540233799,7.065260846298747,8.95160913531491,9.956967525641154,0,-0.3944508617402017,4.0802691724950115,3.9646045037145727,3.7790646043664964,4.485429178794632,3.9963152933362793,2.6213058017832176,3.8130740734872757,4.267282476662569,4.545275245723779,4.884048916162544,6.392721919273675,7.402656258507785,1.7891839653662711,0,0,0,2.8321928711420643,3.903830211571212,1.389166924106767,1.5335562006457892,1.7299189273048996,1.9292976294876067,2.1316554461719024,2.249404304573268
14.183801838407128,0,8.675931894540655,7.617261211686478,7.599636075807273,7.88808032503222,7.3450778593371675,7.1816311048207275,9.067559518023021,10.072751862541155,0,-0.28321459030564566,4.192261349700328,4.074940955631436,3.8886514633281797,4.5943423400609,4.104588879060694,2.7298865292922994,3.9207635821650215,4.37481480567057,4.652276386759673,4.990614091465511,6.498926065021522,7.508892222060255,1.8920555593318968,0,0,0,2.935746886743512,4.007387523309425,1.4892332489692957,1.633739918153347,1.8305276701605548,2.030272044006693,2.2329491926361107,2.350698426320332
14.36493014609513,0,8.789476529499495,7.730223066387896,7.712087560435359,8.000241325163449,7.467082090640655,7.295907772258996,9.181513227561613,10.186568226755586,0,-0.17312723694394383,4.302671539568815,4.183900104094557,3.9969828879017193,4.702107621662729,4.211818110663641,2.8374122167432074,4.027200700085282,4.48112871868256,4.758118217599381,5.09606013021816,6.604035880686339,7.614032771079292,1.9940976892731594,0,0,0,3.03830656896917,4.109950392650743,1.588669607199269,1.7332584185615223,1.9304199375450908,2.130489625281125,2.3334540655042857,2.4512036626590485
14.538393887144187,0,8.901464654528262,7.841735685886009,7.823184466495653,8.111075424263182,7.586451522509855,7.408259455987798,9.293621517913145,10.298562773707436,0,-0.06418907101084459,4.411582878724758,4.291537059821376,4.104092749427821,4.808740150986005,4.318000020804268,2.94388012354002,4.132434098851943,4.586267481793644,4.862834632577392,5.2004150249397885,6.708076297978447,7.7181028530248,2.0952965303255127,0,0,0,3.13989221565226,4.211539117919484,1.6874346298514962,1.8320777574108935,2.029570930856579,2.229932565685057,2.4331576036388385,2.5509075523016356
14.704767654173944,0,9.011968194293418,7.951851644964309,7.93296226038258,8.220613484988423,7.703389188963362,7.518828097252319,9.404011899767942,10.408858824626618,0,0.043602854991928286,4.519067027893348,4.397899624387197,4.21001135847948,4.914254818543055,4.423134613403185,3.0492905222630777,4.236504907076544,4.690267678621182,4.966454510570828,5.303702790415585,6.811068791004838,7.821123964500132,2.1956418561594466,0,0,0,3.240521137652343,4.312171011519549,1.7854959687269516,1.9301715732057676,2.1279616363321674,2.3285874700876015,2.532050713532714,2.6498010017747866
14.864583509576356,0,9.121048532123808,8.060616446712507,8.041452407666583,8.328883297768886,7.818071486548499,7.627733469058523,9.512792164828799,10.51756072899151,0,0.15025395787150586,4.625186018022611,4.503029477727225,4.314765990909638,5.018666213704502,4.527224230668752,3.153646048762072,4.339448180989203,4.793160535369926,5.069002731045124,5.405944285762737,6.9130320992386025,7.923114871728585,2.295126436782828,0,0,0,3.340208272072701,4.4118610127846996,1.8828285306427215,2.0275195874698184,2.2255776803031497,2.4264444841952546,2.6301270066729514,2.74787762272177
15.018332984200836,0,9.228758454794614,8.168069847266633,8.14868314855094,8.435910160141358,7.930652090726648,7.735076926276198,9.620053735141587,10.62475708074256,0,0.2557715399407976,4.729993793446195,4.60696317123885,4.418381335945484,5.121988587150322,4.630273047280389,3.2569511847499704,4.44129407703872,4.894972974284356,5.170500977797609,5.50715786204423,7.013982796180445,8.02409217750217,2.3937455323835604,0,0,0,3.438966673610727,4.510622179076067,1.979413055051226,2.1241064011191186,2.3224084121826656,2.523496597155638,2.727382269791461,2.8451332021107825
15.166469245904883,0,9.335143725838858,8.274246919525256,8.254680110245042,8.541717335140088,8.041265276597807,7.840944527886126,9.725874447231377,10.730523392955385,0,0.36016433277735316,4.83353750222994,4.709732958224318,4.5208798776040355,5.22423583278196,4.732286666824599,3.3592118463488307,4.542068788890357,4.995728452822504,5.270968375799597,5.607359873045173,7.11393573694994,8.124070767600497,2.491496467724685,0,0,0,3.5368079073594645,4.608466078409928,2.075234969842386,2.2199205298702567,2.4184461705594336,2.6197390839116537,2.823814041468556,2.941565278809238
15.309409360484436,0,9.440244359397957,8.379178908249658,8.359466791259468,8.646326414554778,8.15002873415116,7.945409633332186,9.830320863961514,10.83492431969908,0,0.4634421405270668,4.935858575396988,4.81136748815255,4.622282219043378,5.325421483459138,4.8332718002819535,3.4604350572456815,4.641795297660931,5.095447633326916,5.370421996538737,5.706565078541239,7.212904410783817,8.223064162490711,2.5883782745524924,0,0,0,3.633742362164094,4.705403102695228,2.1702834719763837,2.3149536319973825,2.5136856962287975,2.715169059457604,2.919421273750891,3.037172805181614
15.447536584872598,0,9.544095652446318,8.482893918244425,8.46306494499676,8.749757607280486,8.257045955251353,8.048535059284509,9.933450192467365,10.938015499980844,0,0.5656155610056823,5.036993629766217,4.911892386881607,4.722607358089162,5.425558716249099,4.933236010234092,3.56062868933734,4.740493973739916,5.194148918285148,5.468877259547291,5.80478696297882,7.310901218774802,8.321084794526794,2.684391391639668,0,0,0,3.7297795001035565,4.80144271713418,2.2645507894482857,2.409199890548689,2.6081236629437248,2.8097851225833117,3.014204061659422,3.1319558765836453
15.581202646691368,0,9.64672902189604,8.585417468841737,8.565494884075504,8.852029968626475,8.362408258202574,8.1503748696046,10.035311874027842,11.039845086799687,0,0.6666957676816652,5.136975223380367,5.011330741386012,4.821872921018738,5.524660363938407,5.032187507627055,3.659801257152888,4.838183060401018,5.291848878772964,5.566348251825235,5.902037987513207,7.407937692788647,8.418144226505902,2.7795374137342495,0,0,0,3.8249280547332587,4.896593658410204,2.358031589242269,2.502655519380071,2.7017583023488405,2.9035870711057585,3.1081634268687823,3.225915515032312
15.710729975764062,0,9.748172684019119,8.6867729411963,8.66677572219912,8.953161583046676,8.466196505863945,8.250975859718121,10.135948901093915,11.140455014190586,0,0.7666943393560359,5.2358324877194775,5.109703504536219,4.9200953606986735,5.622738930397604,5.130134990506242,3.757961755089657,4.934879063062533,5.388562597841324,5.662847982222014,5.998329789482319,7.504024668066346,8.51425332403342,2.873818881992211,0,0,0,3.919196188306967,4.990864091873165,2.4507225026436914,2.595318368297536,2.7945891041808313,2.996575674159016,3.2013011445841935,3.3190534960763998
15.836413862486308,0,9.848452206353661,8.786981939565006,8.766925566768395,9.053169710090836,8.568482564781624,8.350378786727562,10.235398907666006,11.239882046526741,0,0.8656231272454773,5.333591656916408,5.2070298329717355,5.017290124323181,5.7198066080445615,5.2270875162296955,3.855119528706565,5.030597063091785,5.4843039460552125,5.758388584219144,6.093673340376658,7.599172419336976,8.609422391483788,2.967239109542748,0,0,0,4.012591616215951,5.084261735954419,2.542621744770603,2.6871876074341308,2.886616576561745,3.0887524899941665,3.293619604848734,3.4113722100995156
15.95852452538868,0,9.947590956423433,8.886064583503654,8.865961672612086,9.152070901288237,8.6693305455091,8.448619388221708,10.333695071586186,11.338158647062526,0,0.9634941514193609,5.430276510873083,5.3033273690094545,5.113471795267922,5.815875296157356,5.323054400356701,3.951284173089797,5.125350971155185,5.5790858028252295,5.852981477724003,6.188079071008587,7.693390768167279,8.703661279256597,3.0598020367362326,0,0,0,4.105121705270285,5.176793960432647,2.6337288096648535,2.77826347490886,2.977842054234605,3.1801197200590425,3.3851217012842203,3.5028745510581563
16.077309076126717,0,10.045610466907846,8.984039744534826,8.963900564997479,9.249881094038336,8.76879785806151,8.545729225662143,10.430866860890966,11.435313696559959,0,1.0603195202875595,5.5259087464052525,5.398612475765841,5.208654212938335,5.910956619171547,5.418045136770993,4.046465452724039,5.219153732050905,5.672920234369044,5.946637498265002,6.281556970737914,7.786689167628297,8.796979468389948,3.15151211139628,0,0,0,4.196793551138355,5.268467863863818,2.7240442259215247,2.8685470749857616,3.0682675450252135,3.270680091988793,3.4758107416869564,3.5935638270756494
16.192993374776997,0,10.142530733123666,9.080925238146389,9.060758138347865,9.346615687296627,8.866936111155084,8.641736382267014,10.526940650980261,11.53137308768242,0,1.1561113681972226,5.620508288227676,5.492900433190249,5.302850573940305,6.005061944385116,5.512069334692969,4.140673238436513,5.312017490542634,5.765818636929235,6.039367000233558,6.3741166661626485,7.879076769067864,8.889386137307037,3.242374190065124,0,0,0,4.287614039202355,5.359290334431239,2.8135693607831858,2.95804021650715,3.1578956067701167,3.3604367656298506,3.5656903760336203,3.6834436884469217
16.305783771930656,0,10.238370455638227,9.176737979828562,9.156549735731806,9.44228960283282,8.96379187939294,8.736666040306636,10.621940234843809,11.626360216515097,0,1.2508818072597814,5.714093549654751,5.586205601461151,5.396073517423181,6.098202398707493,5.6051366691140405,4.2339174578866405,5.403953725798941,5.857791852126807,6.1311799394440305,6.465767483545977,7.9705624747628105,8.98089021446108,3.3323934568128344,0,0,0,4.377589892234588,5.449268097619184,2.9023062630076453,3.046745283430348,3.2467292485193244,3.449393257413338,3.654764538358324,3.7725180695149
16.415868736850115,0,10.333147238381942,9.271494112137614,9.251290213118493,9.536917335042762,9.059407358759811,8.830540958531309,10.715887244813036,11.720296388955026,0,1.3446428903609733,5.806681651271227,5.67854155715007,5.488335197030832,6.190388884244366,5.697256841890027,4.326208056796585,5.494973360524722,5.94885025994488,6.222085939198268,6.556518498355239,8.061154979426691,9.071500419848254,3.4215753566876166,0,0,0,4.466727707613385,5.538407753428015,2.990257536739063,3.1346651309465137,3.3347718510781896,3.5375533793476333,3.743037399684499,3.8607911416020753
16.523420373050676,0,10.426877750649293,9.365209108398018,9.34499399155133,9.630512991668839,9.15382092758081,8.923381866944382,10.808801501158246,11.813201156694197,0,1.4374065829579865,5.898288604472024,5.769921206677562,5.579647341538657,6.281632092620618,5.7884395512932505,4.417554968693608,5.585086849664271,6.039003853737428,6.312094343184031,6.6463785745833,8.150862802920656,9.161225297732052,3.509925541325707,0,0,0,4.555033986246997,5.62671580529857,3.0774262401588803,3.2218030019813364,3.4220271029568075,3.6249211896609546,3.8305133297713345,3.9482672747568226
16.628595824218657,0,10.519577859780176,9.457897857552785,9.437675099728885,9.723090327289777,9.2470676273947,9.015207793205903,10.90070130022841,11.90509259500265,0,1.5291847417786077,5.988929465635893,5.8603568808461155,5.670021305945416,6.3719425180207265,5.878694468272515,4.507968091393651,5.674304252594019,6.128262300782837,6.40121425785752,6.735356395966348,8.239694316020271,9.250073242429012,3.597449824622452,0,0,0,4.642515154932975,5.714198682472866,3.1638158039361928,3.3081624599340964,3.508498948596924,3.711500952731766,3.917196865893218,4.0349510065328875
16.731538574490898,0,10.611262740022658,9.549574733788267,9.529347208959823,9.814662771051273,9.339179575914677,9.106036332512051,10.991603652648934,11.995987532423879,0,1.619989098938317,6.078618465749007,5.949860413613655,5.759468114522923,6.461330468977763,5.968031218028758,4.597457268820326,5.762635291955584,6.2166349912044225,6.489454586421839,6.823460490772775,8.327657760701122,9.338052518616564,3.6841541466974728,0,0,0,4.729177583527945,5.8008627571657385,3.24942996549511,3.393747334355715,3.59419154638575,3.7972971064283185,4.00309268723584,4.120847016385617
16.832379647886945,0,10.701946962034794,9.640253653851182,9.620023662046654,9.905243449801578,9.430186322333297,9.195883870764398,11.081524480279725,12.085901740753549,0,1.7098312503064355,6.16736911950117,6.0384432077500865,5.847998497098395,6.549806078975244,6.056459365799957,4.686032277043632,5.850089401666104,6.304131077523087,6.57682405608557,6.910699251490592,8.414761266098433,9.42517127731694,3.770044544672017,0,0,0,4.815027598021024,5.886714357640481,3.334272715916792,3.4785616769399454,3.679109234475607,3.882314235363593,4.088205593783023,4.205960104558993
16.931238712178267,0,10.791644566639274,9.729948124406818,9.709717497328088,9.994845207553544,9.520115153616828,9.284765769154475,11.170478779130999,12.17485009222663,0,1.798722647200373,6.25519431721401,6.1261162895823915,5.935622919648558,6.637379315945736,6.143988405976497,4.773702813653271,5.9366757661514304,6.390759506661817,6.663331239945762,6.997080950466077,8.501012861053296,9.511437568468745,3.855127129020945,0,0,0,4.900071490379526,5.971759778056978,3.418348256934729,3.56260972573879,3.7632565028341363,3.966557048878145,4.172540488799323,4.29029517456847
17.028225092758902,0,10.880369125761456,9.818671281330557,9.798441468853369,10.083480622003044,9.60899135908018,9.3726965168867,11.258480754185987,12.262846689638394,0,1.8866745906821705,6.342106402406312,6.21289035466747,6.0223516101176235,6.724059990759964,6.23062775384934,4.860478489764634,6.022403352453421,6.47652904586522,6.748984574568971,7.08261375232898,8.586420483966494,9.596859350806563,3.939408064470119,0,0,0,4.984315525856537,6.0560052857818105,3.5016609659947333,3.6458958759409166,3.84663797027265,4.050030362806937,4.256102364196934,4.373857218568148
17.12343870219712,0,10.968133792928597,9.906435922457794,9.88620806345938,10.171162018682248,9.696838459395623,9.459689857599164,11.345543931045638,12.34990497413057,0,1.9736982278852793,6.428117237338464,6.298775805925598,6.108194580228633,6.809857764803448,6.316386739437359,4.946368824100976,6.107280936546021,6.561448303711361,6.833792374128525,7.167305723867269,8.67099199052968,9.681444499617896,4.022893554586702,0,0,0,5.0677659483073745,6.139457126707292,3.5842153677612267,3.7284246558922405,3.929258365457079,4.132739084279746,4.3388962882212665,4.456651305036618
17.2169708911378,0,11.054951345260022,9.993254535022078,9.973029515361297,10.257901483206524,9.783678405232562,9.545758894077098,11.43168124845398,12.436037814550277,0,2.0598045499206803,6.513238258491297,6.383782785510821,6.193161643936573,6.8947821567361744,6.40127460295471,5.031383238710787,6.19131712493999,6.645525747163852,6.917762841784237,7.251164841877909,8.754735159784104,9.765200812827391,4.105589829359086,0,0,0,5.15042898394852,6.2221215290129726,3.666016110779099,3.8102007073086708,4.01112251111006,4.2146881989586324,4.420927395005338,4.538682568331648
17.308905226121805,0,11.140834218515174,10.07913931877381,10.058917818741104,10.343710871979159,9.869531749922343,9.630916175054756,11.516905135054284,12.521257581607886,0,2.145004391006993,6.597480523611654,6.46792120148062,6.277262433068634,6.978842548526521,6.485300491570086,5.115531055971003,6.274520372450959,6.728769715427909,7.000904078853664,7.3341989994118055,8.837657698862714,9.848136015763947,4.187503135188586,0,0,0,5.232310843902429,6.3040047057130195,3.7470679482621474,3.8912287688462848,4.092235310775029,4.295882760238037,4.502200875635097,4.619956199755783
17.39931819971684,0,11.225794536472236,10.164102205580743,10.143884738718233,10.428601821643124,9.95441779986698,9.715173767239994,11.601227573140246,12.60557620949618,0,2.2293084285446048,6.680854751687609,6.5512007501481415,6.360506410609893,7.062048190844458,6.568473457181882,5.198821496599358,6.356898996840128,6.8111884312260464,7.083224092214459,7.416416010745165,8.919767246696827,9.930257764891765,4.268639726819957,0,0,0,5.3134177257999955,6.385112856261165,3.82737572218788,3.971513662365388,4.172601737641981,4.376327880030129,4.5827219704407955,4.700477439847991
17.488279878134538,0,11.309844135671582,10.248154876157455,10.227941821007565,10.512585757509939,10.038354745843117,9.798543315148502,11.684660151682106,12.689005247167069,0,2.3127271839133328,6.763371356991332,6.633630934851173,6.4429028820189265,7.144408207891945,6.650802454990685,5.2812636784568925,6.438461190903278,6.892790009989896,7.164730800289782,7.497823615341261,9.001071376909486,10.011573650727469,4.349005860825179,0,0,0,5.393755814655468,6.465452167428079,3.9069443500451637,4.051060281360796,4.252226825036974,4.456028720835075,4.662495962287448,4.780251571674415
17.57585449125634,0,11.39299458636472,10.33130877444712,10.311100400507373,10.595673901148775,10.121359777875076,9.881036090882196,11.76721411050768,12.771555901077209,0,2.395271023820076,6.845040478140023,6.715221081747691,6.524461004895637,7.225931601740947,6.732296342695975,5.362866615967299,6.519215032475833,6.9735824673687725,7.245432037898841,7.578429481012401,9.081577600071126,10.092091200118768,4.428607790327438,0,0,0,5.473331283183535,6.545028813620826,3.9857788137139147,4.129873581138721,4.3311156582587005,4.534990488857003,4.741528170683486,4.859283914937284
17.66210096971903,0,11.475257210352487,10.41357512007875,10.39337160901029,10.677877277281747,10.20344918594894,9.962663035612442,11.848900377187928,12.853239070895768,0,2.4769501620599916,6.9258720029689105,6.795980353144191,6.605189797271076,7.306627256242085,6.812963880180043,5.443639220016046,6.599168492734346,7.0535737253784125,7.325335560198476,7.658241206448913,9.161293365456137,10.17181787802329,4.507451760712115,0,0,0,5.552150291692401,6.623848956778244,4.063884150061961,4.207958570406357,4.409273367509969,4.613218427975008,4.819823946563164,4.937579820757581
17.7470734334286,0,11.556643096268871,10.494964919242628,10.474766382191183,10.759206720101975,10.284638448501163,10.043434794219744,11.929729597904183,12.934065379405212,0,2.557774661583995,7.005875589879845,6.875917758776787,6.685098144744986,7.386503940559718,6.892813729570691,5.523590298220954,6.678329443104125,7.13277161745093,7.4044490458970245,7.73726632324767,9.24022606240982,10.25076108889708,4.58554400612083,0,0,0,5.6302189876582815,6.701918745947675,4.141265442928469,4.285320304008355,4.486705121723181,4.690717814417078,4.897388667627305,5.0151446670160515
17.8308216355865,0,11.637163112763295,10.575488974261553,10.555295465994618,10.839672879107676,10.364942310329573,10.12336174428677,12.009712163349302,13.014045197609361,0,2.637754436788494,7.085060686220139,6.955042165393426,6.764194806659618,7.465570312382623,6.971854455597065,5.602728555488622,6.756705661025203,7.211183892596988,7.482780099885715,7.815512297545508,9.318383021412156,10.328928177779183,4.662890746564924,0,0,0,5.707543505064235,6.779244316625959,4.217927816230499,4.361963876598414,4.563416123119516,4.767493952015407,4.974227734149986,5.091983854160122
17.9133913660302,0,11.716827919950298,10.65515789208296,10.634969422520214,10.919286224527001,10.44437485133398,10.202454020430988,12.088858230529485,13.093188665884389,0,2.716899255961521,7.163436544155717,7.03336230492591,6.842488421467305,7.543834920853208,7.050094526170902,5.681062594789188,6.834304834782536,7.288818218850538,7.56033625540403,7.892986531341311,9.395771514906581,10.406326431140457,4.739498185527735,0,0,0,5.784129963568412,6.855831789929751,4.29387642798269,4.437894417077143,4.639411602373866,4.843552167945839,5.050346565177025,5.168102801402639
17.99482481741497,0,11.795647979427203,10.733982091874779,10.71379863548439,10.998057052393749,10.52294954728975,10.280721534789686,12.167177741180781,13.171505711861117,0,2.795218743833828,7.241012234426855,7.110886781490977,6.91998751142316,7.621306209252699,7.127542313139708,5.758600918096134,6.911134567568287,7.365682186133859,7.637124975832581,7.969696363573268,9.472398757947436,10.482963077550417,4.815372507951723,0,0,0,5.85998446755264,6.931687271646131,4.369116465062629,4.513117083661376,4.71469681428313,4.91889780887348,5.1257505950566875,5.243506943252797
18.075160917498422,0,11.873633563105017,10.81197181187349,10.79179331532176,11.075995489322379,10.600679323685775,10.358173994326965,12.244680437388192,13.249006065605624,0,2.8727223841948906,7.317796658311799,7.187624077418574,6.996700486712461,7.697992517474653,7.204206093169766,5.835351927449178,6.987202380913496,7.441783308654263,7.713153656188347,8.04564907100414,9.548271908708474,10.558845288204415,4.890519878528226,0,0,0,5.935113105091144,7.006816851203254,4.44365313858823,4.587637059477192,4.789277033855855,4.9935362374418455,5.200445270254539,5.31820172633121
18.154435630535986,0,11.950794761052633,10.889137115605267,10.868963503977033,11.153111497021534,10.67757660351217,10.434820915514258,12.321375874891586,13.325699272565119,0,2.9494195225427373,7.39379855807084,7.263582558471411,7.0726356491040026,7.773902084314822,7.2800940487256955,5.911323926107281,7.06251571760134,7.517129026922382,7.788429624382459,8.12085186895651,9.623398068885727,10.633980177344489,4.964946440225026,0,0,0,6.009521946870317,7.081226600592005,4.5174916798004645,4.661459548590321,4.863157552757401,5.06747282905508,5.274436046413541,5.39219260643023
18.232682230555266,0,12.02714148851785,10.96548789757868,10.94531907942851,11.229414876577918,10.753653349759368,10.510671636838717,12.397273434477082,13.401594704663662,0,3.0253193687436006,7.469026526099595,7.338770478391599,7.147801195205471,7.849043049601393,7.355214269120498,5.986525119765802,7.137081944153818,7.5917267094648935,7.862960142288716,8.195311911931357,9.697784284020841,10.708374802600064,5.038658313000999,0,0,0,6.0832170450834955,7.154922573262565,4.590637336366058,4.734589772404745,4.936343676057589,5.140712968912431,5.347728385627844,5.465485045787943
18.309931549050923,0,12.102683492258812,11.041033888529373,11.02086975997656,11.30491527253654,10.828921103285095,10.58573532951365,12.47238233178223,13.476701569864447,0,3.1004309996829607,7.543489012983551,7.413195982886791,7.222205219384119,7.923423456186341,7.429574751615508,6.060963617817538,7.210908352967155,7.665583654290456,7.936752406661561,8.269036294136248,9.771437543765447,10.782036165269059,5.11166159266826,0,0,0,6.156204432319172,7.227910803014365,4.663095369031897,4.807032966373751,5.008840719238048,5.213262049261914,5.420327753904474,5.538084510550052
18.386212199429597,0,12.177430356295327,11.115784660282424,11.095625108324299,11.379622176798671,10.903391016616226,10.660021006699171,12.546711625785296,13.5510289204595,0,3.174763361893959,7.617194334615312,7.486867113148829,7.2958557164055176,7.997051251815551,7.503183402554205,6.134647434641741,7.28400216415757,7.738707090156504,8.009813549934432,8.342032049944171,9.84436478210263,10.854971210555455,5.183962349871169,0,0,0,6.2284901204567005,7.300197302893469,4.734871048576326,4.8787943769785365,5.080654005424569,5.285125466846202,5.492239618791782,5.609996468398518
18.46155078033678,0,12.25139150716966,11.189749630286297,11.16959453547276,11.453544932355118,10.97707388417619,10.733537531486908,12.620270226201308,13.624585660301623,0,3.2483252741526165,7.690150678510479,7.559791808981882,7.36876058383417,8.069934290892895,7.5760480385172855,6.207584490908751,7.356370527168113,7.811104177675298,8.082150640923441,8.414306154299496,9.916572877538,10.927186827775907,5.255566629158621,0,0,0,6.300080099580175,7.371788064108071,4.805969653013303,4.949879258938009,5.1517888628162565,5.356308620518639,5.563469447157226,5.6812263863295325
18.53597205981351,0,12.324576218790474,11.262938065862631,11.242787304448862,11.526692736869519,11.049980169363511,10.806293623857847,12.693066899968267,13.697380551155625,0,3.321125430031996,7.762366109436736,7.631977911603721,7.440927624232524,8.142080336151201,7.648176387489205,6.279782614890654,7.428020522178077,7.882782010290427,8.153770685456204,8.485865523084144,9.988068653270167,10.998689850545183,5.326480448131588,0,0,0,6.370980336918421,7.442689054970031,4.876396465013924,5.0202928726202005,5.222250622288381,5.426816909011214,5.634022703099993,5.751779728566312
18.609499142060823,0,12.39699361692032,11.335359088208309,11.315212533881535,11.59907464612391,11.12212002885119,10.878297866785564,12.765110276974534,13.769422218314626,0,3.3931724004095987,7.833848574452766,7.703433166172838,7.512364547188774,8.213497060241188,7.719576090028576,6.351249543770539,7.4989591613492825,7.953747615148834,8.224680626941826,8.556717013454273,10.058858877348143,11.069487056947995,5.396709796652226,0,0,0,6.441196775816911,7.512906219868302,4.946156769516604,5.090040481631198,5.292044615149982,5.496655728839415,5.703904845986342,5.821661954594618
18.682153618432462,0,12.468652683356574,11.407021676179948,11.386879201438681,11.670699577336956,11.193503334429014,10.949558711626713,12.836408855151987,13.840719155601684,0,3.4644746359239527,7.904605907438736,7.774165224085015,7.58307897119874,8.284192047247753,7.790254700436563,6.421992924944669,7.56919338993727,8.024007953888772,8.294887346894715,8.62686742415558,10.128950262821517,11.139585169703057,5.466260636104287,0,0,0,6.51073533474581,7.582445478278414,5.015255851502624,5.1591273505617625,5.361176171040514,5.565830472331387,5.773121328597459,5.8908785173107665
18.753955704131798,0,12.539562259846868,11.47793466988582,11.457796147135728,11.741576312363701,11.264139692669605,11.020084482915836,12.906971005037512,13.91127972985588,0,3.535040469377652,7.974645833187595,7.844181645075435,7.653078425422844,8.354172794141729,7.860219687918728,6.492020317313252,7.638730087290667,8.093569923360022,8.364397665422473,8.696323495823572,10.198349467887876,11.208990856323906,5.535138898697144,0,0,0,6.579601906346983,7.651312723810873,5.083698993918,5.227558742875315,5.429650615952481,5.634346525770803,5.841677595381111,5.959434861273455
18.824924361955723,0,12.609731051773123,11.548106774105925,11.527972076524927,11.811713500784446,11.334038462663965,11.089883382660846,12.97680497388756,13.981112184984584,0,3.604878118085119,8.043975971115813,7.913489899156204,7.722370351335789,8.423446712173899,7.929478437736949,6.5613391925565505,7.707576067757726,8.162440356289709,8.433218341685956,8.765091911273764,10.26706309604084,11.277710729279821,5.603350486807796,0,0,0,6.647802356521843,7.719513823300351,5.151491475726149,5.295339918923677,5.497473270369067,5.702209267644459,5.9095790807996575,6.027336421051925
18.895077414306282,0,12.6791676316323,11.617546561557704,11.597415563773218,11.881119662889368,11.403208772041474,11.158963494218836,13.045918889415574,14.050224645649495,0,3.673995686164173,8.112603838643462,7.98209736841405,7.790962104283505,8.49202112821724,7.998038252348789,6.629956936393917,7.775738081515887,8.230626021904424,8.501356074337975,8.833179295785664,10.33509769622124,11.345751346159453,5.670901272356677,0,0,0,6.7153425235610875,7.787054615936721,5.218638570078412,5.3624761340791895,5.564649447507487,5.769424066986931,5.976831207767953,6.094588619663999
18.964431644579005,0,12.747880442337442,11.686262476021902,11.666135054635479,11.94980319256468,11.471659531463343,11.227332785817794,13.114320763210067,14.11862512064212,0,3.742401166771071,8.180536854286107,8.05001134868874,7.858860954959656,8.559903286062323,8.065906352532416,6.6978808498240205,7.8432228153373185,8.298133626517206,8.568817501945775,8.90059221738351,10.402459762973365,11.41311920983902,5.737797096214324,0,0,0,6.782228217316813,7.8539409124384045,5.285145542591792,5.42897263697361,5.631184451660132,5.835996281815631,6.043439386175463,6.161196867098359
19.033002888934764,0,12.81587780035855,11.754262835341041,11.734138869329053,12.017772360085466,11.53939944775534,11.294999113778522,13.182018493880975,14.186321505994899,0,3.8101024442791704,8.24778234049475,8.117239051149214,7.926074090811788,8.627100347670211,8.133089878495698,6.765118150345024,7.910036893301171,8.364969814086443,8.63560920340138,8.967337187116044,10.469155736607581,11.479820768656486,5.804043767636727,0,0,0,6.848465218416951,7.920178494268018,5.351017649724906,5.494834667835598,5.697083576626685,5.901931257650463,6.109409011487637,6.227166558916039
19.100806119368652,0,12.883167898719819,11.821555834300868,11.801435205314846,12.08503531481979,11.606437035826112,11.36197022548158,13.249019869973823,14.253321587866074,0,3.8771072964017224,8.314347526274773,8.18378760378157,7.992608617385761,8.693619394386577,8.199595890968485,6.831675973153889,7.976186877461481,8.431141166752225,8.701737698323013,9.033420659337043,10.535192003370291,11.545862416592627,5.86964706372787,0,0,0,6.914059277521697,7.985773112889951,5.4162601372445955,5.560067456919783,5.762352104231251,5.967234326113,6.174745463422058,6.292503074926724
19.167855518904254,0,12.94975880986696,11.888149547403886,11.868032139989614,12.151600087848204,11.672780629500108,11.42825376211632,13.315332572684383,14.319633045229988,0,3.9434233962595586,8.380239549610476,8.24966405280067,8.058471559615555,8.759467428120152,8.265431372277419,6.89756137232432,8.041679268478024,8.496654205354673,8.767209447450108,9.098849031987909,10.60057489562189,11.6112504934597,5.934612728928374,0,0,0,6.979016114621284,8.050730489069258,5.480878238776742,5.624676223021268,5.826995302919284,6.031910803600644,6.239454104695398,6.357211777935817
19.234164549664204,0,13.01565848841646,11.95405193154253,11.933937633293723,12.217474594502445,11.738438391379084,11.493857261242814,13.380964178400921,14.385263452399032,0,4.00905831439465,8.445465459717967,8.31487536399515,8.123669863064476,8.824651372488288,8.330603227402895,6.962781321963069,8.106520506216247,8.561515389937867,8.832030853033926,9.163628646883234,10.665310692023054,11.675991285098046,5.998946474529495,0,0,0,7.043341418374263,8.11505631221101,5.544877174435651,5.688666172070284,5.891018426429729,6.095965990031683,6.303540279837518,6.421298012558669
19.299746014497334,0,13.080874773796605,12.019270828578843,11.999159530238096,12.282666636826749,11.803418321833144,11.558788159192089,13.445922161096647,14.450220281399085,0,4.074019520730649,8.510032219146098,8.379428424013954,8.188210395122775,8.889178073932039,8.395118285017919,7.027342717344528,8.17071697032129,8.62573112024224,8.896208259225265,9.22776579000004,10.729405617729592,11.740091023580886,6.062653978211897,0,0,0,7.107040845485319,8.178756239739137,5.6082621495272145,5.752042495802262,5.954426712538179,6.159405167657588,6.367009314069433,6.4847671040986645
19.364612112778605,0,13.145415392788877,12.083813967836388,12.06370556335393,12.347183905964966,11.867728267210834,11.623053793325944,13.510213894591095,14.514510904216653,0,4.138314386481631,8.573946705742342,8.443330041601238,8.252099946166044,8.953054302802705,8.45898329850887,7.091252376023708,8.234274980770296,8.689307736187775,8.959747952460487,9.291266691771114,10.792865844595884,11.803555887427345,6.125740883608826,0,0,0,7.170120020121502,8.241835896513672,5.671038353321564,5.814810370499086,6.0172253818673695,6.222233599939194,6.4298665122420635,6.547624357486085
19.42877449093961,0,13.209287961977038,12.147688968509566,12.127583355068332,12.411033984476466,11.931375927347721,11.686661404173938,13.573846654696128,14.57814259493286,0,4.201950186010331,8.637215714498312,8.506586948785367,8.31534523067785,9.016286754421817,8.52220494697815,7.154517038927767,8.297200798406486,8.75225151834982,9.02265616184675,9.354137527382749,10.855697491386865,11.86639200182366,6.188212799893285,0,0,0,7.232584533365786,8.304300874285259,5.733210957891385,5.876974955797777,6.079419636761581,6.284456530483675,6.492117157832973,6.609875056274955
19.492244288234616,0,13.272499990110221,12.210903341994921,12.190800420008893,12.474224348583554,11.994368862444116,11.749618137462305,13.636827621259659,14.641122531757032,0,4.264934098637201,8.699845959287678,8.56920580202671,8.377952888339824,9.078882050115942,8.584789836228929,7.217143371426357,8.359500625457827,8.814568688429011,9.084939059547072,9.416384417077047,10.917906623998388,11.92860543885243,6.250075301388971,0,0,0,7.29443994270669,8.36615673118569,5.7947851170125215,5.938541393563132,6.141014660221864,6.346079182039482,6.553766511998442,6.671524461695226
19.55503217819901,0,13.335058880385597,12.273464494148486,12.253364167239937,12.53676237035303,12.056714499374854,11.811931046047063,13.699163880118125,14.703457798970549,0,4.3272732104016445,8.761844074507449,8.631193183328381,8.439929485091692,9.140846738227886,8.64674449973218,7.27913796438115,8.421180606042766,8.876265409716398,9.146602761165825,9.478013426458828,10.97949925568575,11.990202217729717,6.311333927204631,0,0,0,7.355691771562752,8.427408991253285,5.855765965123749,5.9995148068212165,6.202015614899199,6.407106755546584,6.6148198126784274,6.73257781175783
19.61714840621343,0,13.39697193265547,12.335379727472816,12.315281902433107,12.598655319814313,12.118420137487215,11.873607091761725,13.760862424966927,14.765155388789937,0,4.388974515776786,8.823216616632424,8.692555601313204,8.501281514163596,9.202187295105396,8.708075399576245,7.340507335174875,8.482246826664884,8.937347787554767,9.207653326134889,9.539030566807101,11.040481347300135,12.051188305049743,6.371994180891552,0,0,0,7.4163455088406565,8.48806314399187,5.916158616342914,6.059900298750767,6.262427642142937,6.467544429239538,6.675282273752079,6.793040320410301
19.6786028235474,0,13.458246345563088,12.396656243237036,12.376560829974693,12.659910367016455,12.179492953937029,11.934653147188225,13.82193015915672,14.826222203156874,0,4.4500449193391445,8.883970065691116,8.753299492269903,8.562015397082554,9.262910126068494,8.768788927399264,7.4012579287203275,8.542705316698251,8.997821869796763,9.268096758100775,9.599441795391044,11.10085880753267,12.111569615036904,6.432061530123882,0,0,0,7.47640660852573,8.548124643962106,5.97596816353682,6.119702951729859,6.322255861102016,6.5273973578010756,6.735159084241641,6.852917176740774
19.7394049182205,0,13.518889218610992,12.457301143532955,12.437208055012023,12.720534584026236,12.239940008607688,11.995075997358478,13.882373897422164,14.886665055461494,0,4.510491237394544,8.94411082667066,8.813431221170898,8.62213748465474,9.323021566356461,8.828891405304763,7.46139611844973,8.602562048864721,9.057693647260415,9.327939005312858,9.65925301579037,11.160637493165805,12.171352009804792,6.491541406401387,0,0,0,7.535880489303647,8.60759891040398,6.035199677442457,6.178927826435309,6.381505367876652,6.586670671563993,6.794455407562663,6.912213544228279
19.79956384298663,0,13.578907554165385,12.517321433269975,12.49723058544116,12.780534946869436,12.299768248652143,12.05488234139276,13.94220036754881,14.946490672204556,0,4.5703201995616,9.003645230857122,8.872957082663826,8.681654057925083,9.382527882055308,8.888389086760773,7.52092820728492,8.661822939704383,9.116969054182483,9.387185961012765,9.718470078219855,11.21982320933163,12.230541299621912,6.550439204774309,0,0,0,7.594772534212069,8.666491326889226,6.093858205837306,6.237579960992499,6.440181234718259,6.6453694757593,6.853176380818562,6.97093456003739
19.85908844071765,0,13.638308259399528,12.576724022111378,12.556635333837946,12.839918337417265,12.358984512693599,12.11407879408026,14.001416211982965,15.005705694603213,0,4.629538450314069,9.062579537117047,8.931883302038615,8.7405713291154,9.441435271006549,8.947288157482806,7.579860428588825,8.720493850040041,9.175653968669895,9.445843463824973,9.777098779857893,11.278421709776866,12.289143243183796,6.608760283589881,0,0,0,7.653088090321138,8.724807241002537,6.15194877275661,6.295664370173377,6.498288509275581,6.703498849808643,6.911327114137646,7.029085334355349
19.91798726743609,0,13.697098148179078,12.6355157263544,12.615429119334388,12.898691545219876,12.417595534717204,12.172671887406278,14.060027989388724,15.06431668014442,0,4.688152550483346,9.120919933125215,8.990216036171663,8.798895442542173,9.499749863698035,9.005594736301056,7.638198947098639,8.778580585436544,9.233754213149522,9.503917298148549,9.835144865178858,11.336438697134158,12.34716354789111,6.666509964260054,0,0,0,7.710832468441547,8.782551964050386,6.2094763777556174,6.35318604464059,6.555832213885011,6.761063846659128,6.968912690050856,7.086670949769867
19.97626861322256,0,13.755283942891898,12.69370327075622,12.673618669442352,12.95686126928876,12.475607947681343,12.230668072030085,14.118042176155786,15.12233010408957,0,4.746168978722344,9.17867253654318,9.047961374448427,8.856632475515035,9.557477724137442,9.063314876012209,7.695949859841193,8.836088896655566,9.29127555481645,9.56141319455004,9.892614026289065,11.393879823199278,12.404607870133514,6.723693531049987,0,0,0,7.768010942859222,8.839730770796344,6.266445995214899,6.410149950235765,6.612817344903262,6.818069492158786,7.025938162908483,7.143696460685939
20.033940521201753,0,13.812872276224649,12.751293290308077,12.731210621826285,13.014434119829797,12.533028286874638,12.288073718716756,14.175465167861228,15.179752360933414,0,4.803594132931963,9.235843396152509,9.105125339665715,8.91378843921673,9.614624850709157,9.120454564216162,7.753119197030955,8.893024480106353,9.348223706080857,9.618336830157384,9.949511903266053,11.450750689214017,12.461481815578859,6.780316230886767,0,0,0,7.824628751095373,8.896348899221831,6.322862573686951,6.466561027310066,6.669248872080605,6.874520784470959,7.082408558334267,7.20016689278001
20.091010804791352,0,13.869869692888498,12.808292331959327,12.788211526026807,13.071416619928614,12.589862993041745,12.344895119725958,14.232303280687962,15.23658976581997,0,4.860434331651329,9.292438492946365,9.161713888914615,8.970369279565496,9.67119717701495,9.177019724138106,7.809712922951087,8.949392978292927,9.40460432501356,9.674693829054753,10.005844084501048,11.507056846154299,12.517790939467483,6.836383273187857,0,0,0,7.880691093690972,8.952411550311218,6.37873103528237,6.522424190095232,6.725131737972959,6.93042269352599,7.138328872715304,7.25608724248995
20.147487063380233,0,13.926282651295859,12.864706856293381,12.844627845136772,13.127815207189876,12.646118415298993,12.401138490160283,14.288562752802362,15.29284855591787,0,4.916695815412944,9.348463741182508,9.217732914445085,9.02638087806037,9.727200572699163,9.23301621543621,7.865736936818023,9.005199980258029,9.460423015790255,9.730489762678236,10.061616107044289,11.562803795023326,12.573540746911215,6.891899829708737,0,0,0,7.936203134014576,9.00792388786027,6.434056275093977,6.57774432611344,6.78047085739123,6.985780160508668,7.193704072726262,7.311462476539355
20.20337669658639,0,13.982117525190082,12.920543239157238,12.900465957431464,13.183636235332061,12.701800813858657,12.456809969275403,14.344249745693222,15.348534891757215,0,4.972384748063834,9.403924989400652,9.273188244512918,9.081829052610317,9.782640844258735,9.28844983499537,7.921197073629966,9.060451022024116,9.515685329134461,9.785730150212201,10.116833456953074,11.617996987149311,12.628736693196833,6.946871034409169,0,0,0,7.991169998092545,9.062891038306942,6.488843160657313,6.632526295624316,6.835271116886329,7.040598097379916,7.248539094886512,7.366297531494733
20.25868691723048,0,14.03738060522998,12.975807773246254,12.955732157954424,13.238885975739187,12.756916362578838,12.511915621754076,14.399370345473956,15.403654858529896,0,5.027507218053797,9.458828021406628,9.32808564420995,9.136719558347556,9.837523735838653,9.343326317707257,7.976099104999739,9.115151587031667,9.570396762759154,9.840420458986266,10.171501569642224,11.672641824487597,12.683384184093645,7.001301983337523,0,0,0,8.045596774460645,9.117318090583566,6.54309653144604,6.686774931107586,6.889537374268387,7.094881386431341,7.302838845148755,7.420597313354195
20.313424763147665,0,14.092078100530726,13.030506669645744,13.010432660060413,13.293570618970941,12.811471151354302,12.566461438945812,14.453930564149855,15.458214467355084,0,5.08206923969176,9.51317855722572,9.382430816278076,9.191058088425775,9.891854930013189,9.397651337237086,8.03044873997239,9.169307106574923,9.624562761807066,9.894566104872691,10.225625830236783,11.726743659926791,12.737488576164914,7.055197734532611,0,0,0,8.099488514036185,9.171210095989522,6.596821198400781,6.740495036779865,6.943274458158764,7.14863487987122,7.356608198517854,7.474366697166361
21.110290515516187,0,15.132648899054157,14.88605442344375,13.064573596916949,14.13260425484909,18.560647738852662,12.620453340073851,14.50793634085192,15.512219656511462,0,10.534757639683955,11.977350479849484,11.764356887564581,12.355667295689521,14.04318809128585,12.061889041990591,11.773472859966352,9.355030534292588,9.6781887192896,9.94817245268408,10.279211573926766,11.780307797598667,12.791055177082843,8.619020379844796,0,0,0,9.997380141054565,11.757890114715158,6.868110913032713,6.793691388144155,6.996487167573442,7.201863399440643,7.82247205924338,8.69186491069644
21.899187610361025,0,15.462137210882016,15.03720299505822,13.739808142030036,14.885543177165317,19.766279095102547,12.904381794490927,14.967021271236703,16.14967297691531,0,12.278904582497903,17.010462038545302,12.364367805116855,13.045232534860913,14.663016045387412,12.885853209872113,12.45021652854335,11.330350286145428,9.961764597604358,10.309215701638987,10.737921342554193,12.274383349371085,13.460120634743081,9.075750218369,0,0,0,10.483775531019347,12.244287455570817,8.13878256865359,6.846368731570709,7.049180271536532,7.581366824010005,9.451404174418789,10.90716833087845
22.680195734257413,0,15.873315527207554,15.64153358765522,14.46983220843688,15.623259976915271,20.53855201547569,13.355487057180639,15.572770602545477,16.730862682721046,0,13.220573303649518,18.523001197843772,13.155784144004034,13.529591848019392,15.317718486445495,13.405521637521046,13.128686446819653,15.540205308019111,10.33518594356748,10.776524078716413,11.23600441410812,12.934008788064776,14.105171437143825,10.730635969864244,0,0,0,10.971389848374326,12.870493778388948,8.631524151670456,6.898531783907934,7.360180218380157,8.946622737293664,10.093515200901281,11.672974342836513
23.45339377691484,0,16.453604379587432,16.21481487054387,15.198648678987396,16.352838028066756,21.27822488972485,13.958250166133302,16.121731074862538,17.31580920005104,0,13.9912954158395,19.362732945099683,13.710752460827521,14.152511077630523,15.877419479783573,14.059929048540551,13.758182378567641,17.19188068259934,10.820613109012982,11.265220972720476,11.872553527302111,13.544610015321553,14.745214620513563,14.392508525984258,0,0,0,11.604081439196868,13.491642257267474,9.996139225754742,7.155172026170856,8.503040891175855,9.725495341097961,10.690680870845354,12.30831353731409
24.21885983914569,0,17.002584517054128,16.807693939239336,15.920780156668377,17.075044902227233,22.02349890184651,14.507642271360252,16.704126316705004,17.89125208712284,0,14.721724210565093,20.08662916784888,14.332943289827869,14.69764003341163,16.46715245893136,14.661255716111443,14.392203010730457,18.068521377888572,11.310660201808828,11.879417866608021,12.474578459836156,14.17894701773275,15.37594261839442,16.42568618876356,0,0,0,12.21180777808464,14.122686625396714,13.05684656652017,8.111132446993109,9.346194406602406,10.352667327246918,11.331779578806714,12.922281114163626
24.976671240754232,0,17.57688561000342,17.38928475569982,16.63575003358431,17.790022243394635,22.757919968750855,15.08488601338799,17.2681938834974,18.464081446420188,0,15.438336956255856,20.81014880357243,14.893695329842112,15.27887752195753,17.036402332204073,15.284802229540858,15.01403896772573,18.77714927732636,11.907215696025586,12.470994872292183,13.094957399002322,14.798179839693793,16.000720627744972,17.522554796662934,0,0,0,12.836840983988994,14.744861499713037,15.064773383838556,8.968190194533742,10.009859015686835,10.984597557209806,11.93597165594268,13.546319815918261
25.72690452834669,0,18.13806042193456,17.970603434279976,17.34357612341825,18.497849072189467,23.487961414909098,15.644289108709721,17.836273055628922,19.031695527267278,0,16.146488334107215,21.51895318445872,15.480043328830755,15.83748922427251,17.60935680096313,15.893152121730536,15.63215601570341,19.47938998479121,12.490318130416313,13.07844362704056,13.70316304642692,15.416613415313474,16.618701883450456,18.30096807738174,0,0,0,13.450746978923986,15.36315928306052,16.2171267932159,9.663509998941654,10.641753350416161,11.588239867834146,12.555338879258963,14.160677163486959
26.46963548306322,0,18.701085981823347,18.545784875585614,18.044324537610873,19.19859755953922,24.209801188288843,16.207637171374614,18.396682272570185,19.595518920884754,0,16.847301155327287,22.225366095423666,16.048564772562493,16.4021788729077,18.174436350849987,16.50086759377826,16.243017397298722,20.168012025496854,13.087193137081586,13.675582485050116,14.309897289819888,16.02705790265756,17.230548106270394,19.011268547276227,0,0,0,14.06253454486474,15.97458861162923,17.01654975970994,10.301643633320047,11.244953138707045,12.198299886204262,13.162134393408587,14.77250774041578
27.20493912823259,0,19.257612574759076,19.117446626764714,18.738065525602014,19.89233855477292,24.925277700192755,16.76353635232536,18.9548742059591,20.15495288675785,0,17.541054895909866,22.923281697055398,16.620575591593504,16.95824947109342,18.737052585542635,17.100757779971513,16.848238714282775,20.854755258670814,13.675501361214458,14.271137027975175,14.909378889331105,16.63237091189181,17.83613709505002,19.697296696554204,0,0,0,14.667105051397693,16.580269292659057,17.72142583535274,10.90572832525335,11.847554231337773,12.799673817048047,13.767637314568256,15.377403751658962
27.932889736950262,0,19.811391232070466,19.684294818247967,19.424869109449354,20.57914213933727,25.633504380759508,17.317287453567577,19.508093028851615,20.710318108330647,0,18.227861004770308,23.61566181012891,17.18499237668842,17.51266556065609,19.294564404167645,17.695781600901032,17.447171232210792,21.533734509436517,14.26205214448433,14.859937343758029,15.503834478230814,17.23123899958517,18.43564287196686,20.37703091078502,0,0,0,15.266327822279937,17.179710639341238,18.394347245570934,11.50259715961968,12.443157400906934,13.398304168913574,14.365877880008968,15.976932345342469
28.65356083958076,0,20.360482597832004,20.246961715608336,20.104804658026094,21.259077687984995,26.33497706326299,17.866135382045822,20.057653564277803,21.261479004817016,0,18.90779705329964,24.301000234056445,17.74699607293324,18.06188580015523,19.848208210792027,18.284573115672917,18.040181485075824,22.207387032360263,14.842327783852463,15.443924594295805,16.092182777028903,17.824277987492668,19.0290904598814,21.049369851809157,0,0,0,15.859299095371952,17.77318696229825,19.05840597745561,12.09249489912299,13.035202067159124,13.990639506411993,14.95908005015706,16.570269038668055
29.36702523118495,0,20.905798609938614,20.80515481014503,20.777940851173287,21.932213881139212,27.02953031703354,18.411361636950947,20.60290584321581,21.808513194528715,0,19.580933345437444,24.98005346849627,18.303904939967246,18.607586846996824,20.397390804482065,18.86777874598511,18.627190349700196,22.874313952177772,15.417931340504063,16.022083988457545,16.674926873888467,18.411282993119514,19.6165631205161,21.71602576028754,0,0,0,16.446444285803548,18.36065576393542,19.715040109414137,12.67819402721638,13.621556498375808,14.577738021993968,15.546094829497513,17.1577696339339
30.073354978873102,0,21.446885816415207,21.35903265671682,21.44434568239457,22.598618712361194,27.717332286542945,18.95231281894182,21.144167610303352,22.351394465914826,0,20.247338196258873,25.652499893528454,18.856974807698965,19.148929706527404,20.942403643771954,19.4451696648147,19.208319931921597,23.53513463102455,15.98795231062504,16.594879496829652,17.25189558070934,18.992426071595826,20.198114756698676,22.37622975066173,0,0,0,17.02763903547481,18.942220896372913,20.366022581674155,13.258555164102484,14.202636700097633,15.158899233316838,16.12739913229327,17.73932194691656
30.77262142908437,0,21.98396667620033,21.908536335386714,22.104086465304196,23.258359495270888,28.39839200871049,19.489300222397695,21.681290153775862,22.890146610752932,0,20.907078983049324,26.31856516636353,19.405573283007453,19.686319214055878,21.48312025476741,20.016923082697556,19.783602357382247,24.189565522897848,16.552792346203162,17.162138411054148,17.823237071927544,19.567714948634013,20.773810429306508,23.030320118402468,0,0,0,17.60301758195682,19.51792302055828,21.010807159355977,13.83368218896962,14.777970259406269,15.734362160973006,16.702814012939157,18.315044336769123
31.464895214793525,0,22.516939599937604,22.453713376725272,22.757229840384777,23.911502870351473,29.072797702714535,20.02217427882559,22.21435441885169,23.424770118141584,0,21.56022235889831,26.97821617738644,19.950009329800498,20.219562462030193,22.019617103094916,20.583035777920955,20.35310987857866,24.83779704080092,17.112291818846735,17.72400106585251,18.38895961466094,20.13723198581154,21.34370887242687,23.67813927757879,0,0,0,18.17260335896713,20.08783097965975,21.64961797925899,14.40322151886575,15.347652942853065,16.304032406120466,17.272481168186275,18.88496300890328
32.150246262645595,0,23.045863344420166,22.994560708160055,23.403841781714554,24.558114811681257,29.74059923628895,20.551014876984524,22.74333163770295,23.955277651070332,0,22.206834300380233,27.63155010576142,20.490142114132112,20.748761716587186,22.5518751593233,21.14358770394842,20.916895846955544,25.47980600959518,17.66657665787126,18.280468804071855,18.949136827820567,20.701025701514002,21.90787057192768,24.31980683327493,0,0,0,18.736470732286797,20.65200042648614,22.28231741815675,14.967178991475048,15.911628948332318,16.868003501615384,17.83641240638932,19.44914910942239
32.82874380001914,0,23.57072063826618,23.531100707135042,24.04398760363104,25.19826063359774,30.40186483722939,21.075793199181284,23.26824778068743,24.481677050528557,0,22.846980122326844,28.27860212491031,21.026054652984257,21.273878367132824,23.079922492280726,21.698620685220696,21.475021364506215,26.115679567842225,18.215646451253242,18.831610189179134,19.503812542326333,21.25915927815401,22.46635422403745,24.95532811258782,0,0,0,19.294671000317607,21.210492137685243,22.908987156507298,15.525511567391257,16.469961305049182,17.42630331918019,18.394682928463883,20.00765492784238
33.50045636201895,0,24.09153255549917,24.063344339966445,24.677731967328363,25.832004997295062,31.056653235219812,21.596535179668834,23.78910352555312,25.00397952076078,0,23.48072448603013,28.919437972097242,21.55772378246385,21.79494397968568,23.603765630201615,22.248193590119882,22.027543108360625,26.74545415881942,18.759563679149387,19.37746290059734,20.053043916724075,21.811688422305952,23.019218382154616,25.58477318402343,0,0,0,19.84726529896026,21.763363696099944,23.52963523883551,16.07826064394242,17.02268456719045,17.978996936541076,18.947341298706778,20.560541220821033
34.16545179839876,0,24.608302804889167,24.591308968202462,25.305138887388704,26.459411917355407,31.705027091792985,22.113241629489206,24.30591295742584,25.522195667489175,0,24.108131406091655,29.55410837599564,22.085179675524227,22.311957444091952,24.12342239985329,22.792356795583977,22.574518891816027,27.36919163985993,19.298362075972808,19.91807906319349,20.596881375611957,22.35867138868539,23.566520732308053,26.208184784221622,0,0,0,20.394309500977275,22.310673229177418,24.144322054141576,16.625461784715437,17.569857118044244,18.526135702010905,19.494448394355377,21.10786441674441
34.82379728041477,0,25.121044627817334,25.115009696186938,25.926271738248445,27.080544768215148,32.34704642773875,22.625926771477594,24.818684733300557,26.036337374088944,0,24.729264256951634,30.182670973800512,22.608427886744128,22.82493466774364,24.638906078379343,23.33116392771409,23.11600511304058,27.98694165165599,19.832089251447453,20.453503663705927,21.13537781360989,22.900164383347544,24.10831843996633,26.825620366044948,0,0,0,20.935861030124144,22.852477710273295,24.75309094915037,17.1671682708647,18.1115311853654,19.067777997327617,20.036059136530778,21.649682165807395
35.475559307610624,0,25.629767686850464,25.634463520518956,26.54119326059959,27.695466290566294,32.98277179281092,23.13459941993799,25.327431150538985,26.54641686196051,0,25.344185779302823,30.805179557963015,23.127486961523125,23.33388437132127,25.150232961228763,23.864666399561827,23.652057939488046,28.59875947065725,20.360786098336064,20.98378462319254,21.66858429691819,23.43622367527932,24.644668003961407,27.437130620588444,0,0,0,21.4719757269106,23.388833739752677,25.35599699268909,17.70343201644061,18.647763348585823,19.603978879603247,20.57223049200869,22.18605073546793
36.12080371453452,0,26.134484360756453,26.14968728847028,27.149965567727225,28.304238597693928,33.61226272168975,23.639272022991527,25.832163708431725,27.05244710636575,0,25.952958086430463,31.42168924533538,23.642370069590037,23.838819743579315,25.657418680990148,24.392915949992183,24.18273276870337,29.204697221237048,20.884496454494553,21.50896799361607,22.19655205937777,23.966904629658206,25.175625335382264,28.042769363637056,0,0,0,22.002709288020885,23.9197971963371,25.95309092340989,18.234308111335213,19.178608415665767,20.134794367832328,21.103017707605247,22.717026163404306
36.75959567738917,0,26.63520665035138,26.66069865116156,27.752650151783588,28.906923181750283,34.23557848163479,24.139956224243505,26.332895214570918,27.554441599218258,0,26.555642670486826,32.032253947755905,24.153093832111846,24.339752743385368,26.160479941905255,24.915963460208957,24.70808448877362,29.80480805620305,21.403262436828303,22.029100217009535,22.719331569985723,24.492262164186048,25.701245732161762,28.642588533219882,0,0,0,22.52811660864074,24.445423407574197,26.54442584044032,18.75985087125166,19.70412160562503,20.66027930925416,21.62847598870497,23.24266372272893
37.39199972061528,0,27.13194763478995,27.167515569992222,28.349307889999377,29.50358091996608,34.85277771237418,24.63666496551935,26.8296387265608,28.052414427294472,0,27.15230040870262,32.63692758766167,24.65967399202384,24.836696813567862,26.6594336507367,25.433859512672562,25.228167366821392,30.399144105432782,21.917126642496626,22.544227046507793,23.236972973712557,25.012350546688236,26.221583901610554,29.236640510090353,0,0,0,23.048252095640628,24.965767081477395,27.13005351276766,19.280114784162855,20.224357290843056,21.18048828628666,22.148659714209792,23.763018170230723
38.01807972340913,0,27.624720728709587,27.670156523371368,28.939999050833013,30.094272080799712,35.46391860383877,25.12941142823293,27.32240802680465,28.546380199269386,0,27.742991569536255,33.235763504589215,25.162127468413054,25.329665528069444,27.15429730271503,25.94665413371533,25.743035111145463,30.98775745347306,22.4261310836517,23.054394057327837,23.74952588879756,25.527223499298568,26.73669396045714,29.824976952500656,0,0,0,23.563169531511765,25.480882348610244,27.710025945387684,19.795153701611948,20.73936946632596,21.695475174338917,22.663622798942598,24.278143639089713
38.63789892617504,0,28.1135400051853,28.168640375996073,29.524783300058314,30.679056330025013,36.06905881411513,25.618209507997236,27.81121735724248,29.036354046603908,0,28.327775818761555,33.82881474056754,25.66047132539369,25.818673209570964,27.64508876433805,26.454396920416656,26.252740851923274,31.57069966081001,22.930317690058057,23.559646402882,24.25703950740421,26.036934159539538,27.24662944519787,30.407649339745795,0,0,0,24.072922147576545,25.990822752814136,28.284394531433485,20.305021050249326,21.249211492408964,22.205293341281642,23.173418531486753,24.788093697464515
39.25151993691329,0,28.598420004673002,28.662986412129417,30.10371970679136,31.257992736758062,36.66825551341975,26.10307354944175,28.29608151317117,29.522351589803375,0,28.9067122254946,34.41613390130935,26.154723237397526,26.303734595819492,28.131826347779075,26.957136986365185,26.75733716005837,32.148021992265434,23.42972806361227,24.060028931496984,24.759562553257798,26.54153510832804,27.751443317465718,30.984708700631202,0,0,0,24.57756259949399,26.495641265735394,28.85321041966527,20.809769669937268,21.753936201792037,22.709995558511277,23.678099657716494,25.292921330894973
39.859004737544154,0,29.07937579369501,29.153214290559248,30.676866749457076,31.831139779423776,37.26156536725861,26.58401844032866,28.777015764573033,30.004388922355215,0,29.479859268160318,34.997773223360426,26.644901232373623,26.784864967364054,28.614528745760563,27.45492299307172,27.256876047928785,32.719775305368906,23.924403592545584,24.55558613138451,25.257143306998465,27.041078366432913,28.251187971586436,31.556205740599204,0,0,0,25.07714298845352,26.995390290090562,29.416524319770566,21.309451866466873,22.253595850295756,23.2096340494967,24.177718350850462,25.792678960334968
40.46041469016871,0,29.556422903883014,29.639344038277393,31.244282321696137,32.398555351662836,37.849044549086116,27.06105953313937,29.25403586185018,30.482482587100993,0,30.04727484039938,35.5737845419865,27.131023785622027,27.262080053377122,29.093215034588475,27.947803140790114,27.75140897855551,33.28601010379499,24.414385393723535,25.046362157918892,25.749829599438016,27.535615405667457,28.74591524096037,32.12219077849082,0,0,0,25.57171486079073,27.490121668072327,29.97438658899208,21.80411938299468,22.74824214555995,23.704260475673916,24.67232623482852,26.28741844355908
41.05581054326702,0,30.029577329859222,30.121396026316326,31.806023738212804,32.96029676817951,38.43074873875395,27.534212651142724,29.727158001752745,30.95664955719771,0,30.609016256916043,36.14421930730945,27.613109745187376,27.735396045786185,29.567904645206546,28.435825178589884,28.240986870655835,33.84677651150764,24.89971433782697,25.532400821673217,26.23766882005725,28.025197152997123,29.235676404856772,32.68271377634682,0,0,0,26.061329217646072,27.97988668719806,30.52684718779142,22.29382341711643,23.23792624155461,24.193925952167625,25.161974382750326,26.77719108427366
41.64525243783435,0,30.49885549964955,30.59939095503972,32.36214774056431,33.51642077053101,39.00673312786725,28.003494054624856,30.196398813489484,31.426907215781352,0,31.165140259267552,36.70912857729031,28.091178339661507,28.204829562037173,30.038617350513817,28.919036405244096,28.72566010552189,34.402124285473214,25.380431034983616,26.013745595363826,26.72070791823484,28.509873997873925,29.7205221948741,33.237824324830726,0,0,0,26.546036519753294,28.464736087226136,31.073955700752563,22.778614619900306,23.722698749944573,24.67868104966745,25.64671332698338,27.26204763749624
42.22879991345601,0,30.96427425929791,31.073349835680006,32.9127105028923,34.066983532859,39.577052421831524,28.468920427318025,30.661775336005817,31.893273337148635,0,31.715703021595537,37.26856302204909,28.56524914705631,28.670397633611035,30.50537324565968,29.397483674463682,29.205478532906124,34.95210280993915,25.85657583961802,26.49043961182469,27.198993407922263,28.989695797915033,30.200502801422346,33.78757165041127,0,0,0,27.025886694407113,28.944720066431252,31.615761327010574,23.25854310469637,24.202609743825647,25.158575802804997,26.126593063673816,27.742038316566585
42.80651191432145,0,31.425850851519424,31.54329397447856,33.45776763759701,34.612040667563704,40.14176084352297,28.930508853979667,31.12330500041971,32.35576606807435,0,32.26076015630024,37.822572922832,29.03534208334623,29.132117682995492,30.968192732521114,29.871213398026725,29.68049147725611,35.496761099769046,26.328188846245915,26.962525666372567,27.67257137065332,29.464711885244707,30.6756678800609,34.33200461225324,0,0,0,27.500929141271705,29.419888288049496,32.15231288586472,23.733658451839794,24.677708765099037,25.633659715385054,26.601663059788223,28.217212799257354
43.378446795178235,0,31.88360289810621,32.00924495633742,33.99737420095467,35.15164723092136,40.70091213619534,29.388276803127674,31.581005610831866,32.81440390990785,0,32.8003667196579,38.37120817368183,29.501477382328826,29.590007507103277,31.42709650293609,30.340271549881756,30.150747743661235,36.03614779953843,26.795309889796698,27.43004621714487,28.14148745932808,29.934971072398778,31.146066557773487,34.87117170424323,0,0,0,27.97121273861661,29.89028988651103,32.68365881533732,24.20400971542272,25.14804483007458,26.103981766998515,27.071972258836794,28.687620234180716
43.94466232722645,0,32.33754838136876,32.47122462945405,34.53158469867875,35.68585772864545,41.25455956677415,29.84224210813903,32.03489532676276,33.2692057011151,0,33.334577217381984,38.91451828191177,29.96367558047485,30.044085258420065,31.88210552328854,30.80470366975297,30.61629562381736,36.57031118480019,27.257978543919165,27.893043386488408,28.605786901603988,30.400521658317942,31.61174743914366,35.405121054674595,0,0,0,28.43678584922747,30.35597347364424,33.209847174305885,24.669645429072766,25.613666435817592,26.569590418864447,27.5375690871011,29.153309246925474
44.505215703954185,0,32.78770562686756,32.92925509020786,35.06045309142559,36.21472612139229,41.80275592897976,30.292422949968877,32.484992645622256,33.72019060040468,0,33.863445610128835,39.452552369261404,30.421957500138962,30.49436942806868,32.33324101917229,31.264554866951293,31.077182901865243,37.09929916241734,27.71623412041383,28.351558961916297,29.06551450345217,30.861411434180845,32.07275861245047,35.93390042718732,0,0,0,28.897696326352115,30.816987144766085,33.73092564303677,25.130613612123945,26.07462156603253,27.030533619919236,27.998501459501362,29.614327946194873
45.060163546914644,0,33.234093286323294,33.38335866863153,35.58403280024496,36.73830583021166,42.34555354654764,30.738837839893502,32.9313163859592,34.16737807034914,0,34.387025318948204,39.985359172822605,30.87634423431103,30.94087882874464,32.780524460727484,31.719869824053948,31.533456860173615,37.62315927145532,28.170115668272434,28.805634397342633,29.520714652611055,31.31768768919781,32.52914765567728,36.45755722121762,0,0,0,29.353991519511933,31.273378484701478,34.24694152459327,25.586961775498303,26.53095769705048,27.48685881266909,28.454816785516172,30.07072392981867
45.609561911445496,0,33.67673032122021,33.83355791428677,36.10237671197614,37.256649741942844,42.88300427641408,31.18150560302594,33.37388567110824,34.610787861523065,0,34.905369230679376,40.512987046171965,31.326857131350813,31.383632578488502,33.223977548343576,32.17069280061388,31.985164285034934,38.14193868390855,28.619661973051134,29.2553108142506,29.971431322065186,31.76939721630943,32.98096164243904,36.97613847279371,0,0,0,29.805718280261797,31.725194573713537,34.75794174591342,26.038736927612646,26.98272180364992,27.93861293903729,28.90656197495974,30.522544290701724
46.15346629233104,0,34.11563598683292,34.27987558261271,36.61553718459001,37.76981021455672,43.4151595119294,31.620445362221027,33.81271991339743,35.05043999712667,0,35.41852970329325,41.03548396049471,31.773517780437935,31.822650084807478,33.663622198857404,32.617067636821545,32.432351472290954,38.65568420560721,29.06491155622227,29.700629002956802,30.417708073487535,32.21658631781842,33.42824714782782,37.489690855268734,0,0,0,30.252922967860627,32.172481993355284,35.2639728591317,26.485985580158044,27.429960364840223,28.3858424460975,29.35378344371151,30.969835622681607
46.691931629407726,0,34.55082981678588,34.7223346216952,37.12356605247774,38.27783908244446,43.94207018606708,32.055676522534,34.24783879881672,35.48635475808986,0,35.92655857118099,41.552897505800416,32.21634799736397,32.257951029361,34.0994805321656,33.05903775715588,32.875064232881776,39.164442277132935,29.505902674671148,30.141629423890794,30.85958806067434,32.65930081094317,33.87105025417861,37.99826068018412,0,0,0,30.695651454872568,32.61528683224002,35.765081042862526,26.92875375382475,27.87271936954759,28.828593291746824,29.79652711935475,31.412644026310307
47.22501231311365,0,34.98233160807248,35.16095815946427,37.626514631686604,38.780787661653314,44.46378677464243,32.48721875613275,34.67926227217571,35.918552668639386,0,36.42950715038985,42.0652748921784,32.65536981082791,32.68955535308627,34.53157485827234,33.496646174006685,33.31334789832319,39.66825897482253,29.942673320252986,30.578352208926006,31.29711403295815,33.09758603330028,34.30941655675652,38.50189389816574,0,0,0,31.133949132691143,33.05365469173361,36.261312103577865,27.367086983938997,28.31104432223391,29.266910950294836,30.23483844674673,31.851015114554933
47.75276218998251,0,35.4101614065493,35.59576949129854,38.12443372510338,39.278706755070075,44.98035929953276,32.91509198769227,35.10701052271711,36.34705448231832,0,36.927426243806615,42.57266295111443,33.090605449138344,33.11748324180409,34.9599276647446,33.92993549127678,33.74724732611182,40.16718001181776,30.375261219446408,31.010837162742067,31.730328338605638,33.53148684831425,34.74339116936679,39.00063609989626,0,0,0,31.56786091699187,33.487630691569215,36.75271147701143,27.801030326029178,28.744980248435827,29.700840417981787,30.668762393511514,32.28499401842189
48.27523456808269,0,35.8343394928789,36.02679206802973,38.61737362758597,39.77164665755267,45.49183733190143,33.33931638023818,35.531103970183096,36.77188116844438,0,37.42036614628921,43.07510813685497,33.52207732735122,33.541755112266365,35.38456160457112,34.358947907959674,34.17680690505997,40.66125073917779,30.80370383308161,31.439123764225737,32.159272928196565,33.9610476505571,35.17301872988892,39.49453251713913,0,0,0,31.99743125311244,33.91725947538605,37.23932422961886,28.230628361314952,29.174571700231873,30.130426218421515,31.098343455461528,32.714625392504225
48.79248222240186,0,36.25488636891497,36.45404948433397,39.10538413104374,40.25965716101044,45.998269995423314,33.75991232143637,35.95156325131733,37.19305389899544,0,37.908376649746984,43.57265652782235,33.94980803481165,33.962391598645326,35.80549948441033,34.7837252216947,34.602070560560975,41.15051614704283,31.228038356149632,31.863251167904398,32.583989357985224,34.386312371018164,35.59834340573618,39.983628023822355,0,0,0,32.42270412136258,34.34258521619338,37.721195060076646,28.655925202124003,29.59986276163575,30.55571240797299,31.523625661946703,33.13995342045436
49.30455740017784,0,36.67182274451497,36.877565467500304,39.58851452946693,40.74278755943364,46.499705969511375,34.17690041031189,36.36840920679286,37.61059403591007,0,38.39150704817017,44.06535382807604,34.3738203230979,34.379413539446304,36.22276425321806,35.204308832298544,35.023081759786365,41.63502086585136,31.64830171768545,32.28325820541272,33.00451879324355,34.807324482305724,36.01940889924174,40.46796713717475,0,0,0,32.84372304226443,34.76365162176109,38.19836830082517,29.07696449723607,30.02089705391849,30.97674258104044,31.94465258113347,33.56102182038286
49.811511826176066,0,37.085169524769455,37.29736386656499,40.066813623905894,41.221086653872604,46.99619349254335,34.59030144438752,36.78166286855294,38.0245231187919,0,38.869806142609136,44.55324536881923,34.794137094351726,34.792841964835226,36.63637899124352,35.62073974527357,35.43988351681587,42.11480916760637,32.06453058072443,32.69918338698994,33.42090201158584,35.2241270037812,36.43625845297265,40.94759401891488,0,0,0,33.26053108172466,35.18050193993799,38.670887919650475,29.493789437156188,30.437717740859895,31.39355987530372,32.361467325214335,33.9778738501849
50.31339670791431,0,37.494947797636044,37.713468641802045,40.540329727400476,41.69460275736717,47.4877803650876,35.000136407229114,37.191345447554056,38.43486285300622,0,39.34332224610371,45.03637610994826,35.210781389986714,35.20269808436786,37.04636689938396,36.033058575292586,35.852518397701196,42.58992496718958,32.476761342328565,33.11106490300668,33.833179406274816,35.636762506627164,36.848934854972974,41.42255247648939,0,0,0,33.673170856139315,35.59317896389894,39.13879752130445,29.90644275931796,30.850367533930807,31.806206976879892,32.7741125555493,34.390552312795414
50.810262740835164,0,37.90117882196718,38.125903854559546,41.0091106698601,42.163383699826795,47.97451395312749,35.40642645638718,37.59747832189932,38.84163509815834,0,39.812103188563334,45.51479064164295,35.62377637976276,35.60900327511051,37.45275128888731,36.44130554966015,36.26102852546498,43.06041182372132,32.88503013368051,33.51894062551973,34.24139098950893,36.04527311885036,37.257480443937006,41.89288596435905,0,0,0,34.0816845374325,36.00172503732239,39.60214034916121,30.314966753218158,31.258888697407176,32.21472612541727,33.1826304877402,34.79909956137409
51.30216011342681,0,38.30388401592041,38.53469365743231,41.47320380289513,42.627476832861824,48.4564411912834,35.80919291172311,38.0000830253521,39.24486185694264,0,40.27619632159836,45.98853318599614,36.03314535121724,36.01177907014061,37.8555555713937,36.84552051175036,36.66545558503549,43.52631294196401,33.28937282024252,33.92284810985346,34.64557639569071,36.44970053022028,37.66193711431406,42.35863758533038,0,0,0,34.48611385803022,36.406182059498846,40.06095928690793,30.719403265483685,31.663323053417106,32.619159119122855,33.587062896638884,35.20355750442165
51.78913851229254,0,38.703084945740784,38.93986228476131,41.93265600459981,43.08692903456651,48.93360858603168,36.20845724410996,38.39918123621862,39.644565264352345,0,40.73564852330304,46.45764759868059,36.438911699442244,36.41104714741735,38.25480324930579,37.24574292442095,37.06584082811853,43.98767117376739,33.68982500197846,34.32282459620646,35.04577488467582,36.850085997145,38.062346321345636,42.81985009193092,0,0,0,34.886500115769834,36.80659149037211,40.51529686026843,31.11979370487212,32.06371198692189,33.019547319724325,33.987451121290846,35.60396761082808
52.271247127169616,0,39.09880331490485,39.34143404345078,42.38751368428744,43.54178671425414,49.406062218919715,36.60424106449682,38.79479476658972,40.040767577239706,0,41.19050620299068,46.922177370651255,36.841098917198785,36.80682931901121,38.65051790647905,37.642011873403845,37.46222507800715,44.44452901955387,34.08642201363617,34.718907011282006,35.442025345003024,37.24647034748464,38.45874908603632,43.276565887826095,0,0,0,35.2828841787469,37.202994355513795,40.9651952387582,31.516179047206816,32.46009645063221,33.41593165736777,34.38383606981439,36.000370914854486
52.74853465589792,0,39.49106095361626,39.739433304093886,42.83782278717819,43.99209581714489,49.87384774977658,36.99656611332692,39.186945551931544,40.4334911642169,0,41.64081530588144,47.38216562988158,37.23973058535806,37.19914752068316,39.042723199222934,38.03436607067197,37.85464873433046,44.89692862984161,34.47919892508801,35.111131969941425,35.83436629710456,37.638893985303696,38.85118600005934,43.72882702927623,0,0,0,35.67530649009964,37.59543125103258,41.410696237468805,31.90859984024766,32.85251696986045,33.80835263545182,34.77625822421755,36.39280802104914
53.22104930933894,0,39.87987980864309,40.13388449239844,43.283628799040045,44.43790182900674,50.3370104199184,37.385454250299595,39.57565564101543,40.82275849588815,0,42.08662131774329,47.83765514313178,37.63483036366083,37.5880238018033,39.43144284760394,38.42284385778232,38.24315177774224,45.34491180680425,34.86819054172777,35.499535776878645,36.22283589649695,38.02739689556339,39.23969723059794,44.176675226631254,0,0,0,36.06380707273262,37.9839423484191,41.85184131888071,32.297096208498516,33.24101364731021,34.196850335399766,35.16475764515251,36.78131910909921
53.68883881624555,0,40.26528193348733,40.524812080904056,43.72497675078327,44.87924978074997,50.79559505534802,37.7709274444663,39.96094718617761,41.20859213540365,0,42.52796926948651,48.288688317747834,38.02642198178585,37.97348031559943,39.816700627042394,38.80748320919548,38.627773774550505,45.78852000586504,35.253431404921365,35.8841544283151,36.6074719369522,38.41201864875455,39.624322525123546,44.62015184586196,0,0,0,36.44842553398023,38.36856739932759,42.2886715947025,32.6817078579524,33.62562616780404,34.581464421369944,35.54937397660964,37.165943938618845
54.1519504280831,0,40.64728947887742,40.912240580982484,44.16191122300907,45.31618425297577,51.2496460699481,38.15300776465163,40.34284243389928,41.59101472932639,0,42.964903741712305,48.73530720348948,38.41452923071869,38.35553930972667,40.198520360194394,39.1883217355713,39.008553881288705,46.22779433732415,35.63495579250958,36.26502361371369,36.988311853649066,38.79279840547225,40.00510121611178,45.05929791012578,0,0,0,36.82920107021107,38.74934574029532,42.72122782773551,33.06247408077538,34.0063938029502,34.962234144906084,35.93014645055123,37.54672185387508
54.61043092380226,0,41.02592468357437,41.29619453511327,44.594476350512615,45.74874938047932,51.69920746866719,38.531717370189895,40.72136371569831,41.97004899880301,0,43.39746886921585,49.177553494385506,38.79917595441249,38.73422311714862,40.576925909111,39.565396687040845,39.38553084922967,46.66277556801722,36.01279771936084,36.64217871751066,37.36539272630453,39.16977492093298,40.38207222569735,45.49415410136563,0,0,0,37.20617247137415,39.12631629740066,43.1495504337622,33.43943375993009,34.38335541574976,35.33919834952798,36.30711389148651,37.923691788452096
55.06432661456424,0,41.40120986548314,41.67669850942659,45.02271582674112,46.176988856707816,52.14432285069824,38.9070785019687,41.09653343932356,42.345717731030184,0,43.82570834544436,49.615468530615416,39.18038604173228,39.109554147321894,40.95194116766674,39.93874495645465,39.75874302884308,47.093504123003754,36.386990937972,37.015654820864455,37.73875128228506,39.54298654943538,40.755274070268705,45.924760761940036,0,0,0,37.57937812548762,39.49951759086102,43.57367948345712,33.81262537373998,34.756549465144616,35.712395475263854,36.680314720988356,38.296892269855256
55.513683348418596,0,41.77316741306032,42.05377708650611,45.44667290820733,46.60094593817403,52.58503541264891,39.27911347377066,41.4683740802436,42.71804377100815,0,44.24966542691058,50.04909330041543,39.558183418675,39.48155487767477,41.32359005424979,40.3084030826073,40.12822837419729,47.52002008728401,36.75756893911537,37.38548670342021,38.10842389969805,39.9124712487651,41.12474486500353,46.351157896283105,0,0,0,37.948856023071336,39.86898773957134,43.99365470431902,34.18208700039506,35.1260140105076,36.08186356312502,37.04978696215299,38.666361424055445
55.95854651493441,0,42.14181977701,42.42745485844395,45.866390418858884,47.02066344882558,53.021387951703076,39.64784466390505,41.83690817342123,43.08705001357329,0,44.66938293756213,50.47846844200789,39.932592040857294,39.850247845372486,41.69189650470638,40.674407253438225,40.494024447306444,47.94236320754256,37.12456495253006,37.75170884508926,38.4744466104628,40.27826658454497,41.49052232834589,46.773385172592995,0,0,0,38.31464376152359,40.23476446558442,44.40951548262292,34.54785632240025,35.491786716075524,36.44764025952392,37.41556824400337,39.03213697997514
56.398961049785065,0,42.50718946225956,42.79775642014107,46.281910754403924,47.43618378437062,53.45342286877326,40.01329450712109,42.20215830536592,43.452759395701925,0,45.084903273107166,50.903634245552496,40.30363588626346,40.21565563936042,42.056884465532306,41.03679330920889,40.85616842242367,48.36057289391744,37.48801194765605,38.11435542784225,38.836855103361366,40.64040973453117,41.85264378642614,47.191481924547126,0,0,0,38.67677854944331,40.59688509853364,44.82130086539095,34.909970630967074,35.85390485532591,36.80976282063641,37.77769580583709,39.39425627391673
56.834971439287216,0,42.86929902020748,43.16470636284561,46.69327588659351,47.84754891656021,53.88118217164331,40.37548548679487,42.5641471064563,43.81519488907759,0,45.496268405296746,51.3246306551182,40.67133894824628,40.57780089267759,42.41857788730429,41.39559674565633,41.21469709028113,48.774688221793355,37.847942634409094,38.47346033751527,39.19568472706916,40.99893749285608,42.21114617742428,47.60548715304295,0,0,0,39.035297210898406,40.95538657999923,45.22904956238077,35.2684668303496,36.21240531529857,37.168268116708994,38.136206501519865,39.75275625393427
57.26662172489434,0,43.22817104123565,43.52832926792274,47.100527367461204,48.2548003974279,54.304707478100866,40.73444012738247,42.92289724352507,44.17437949291429,0,45.90351988616444,51.74149727067459,41.03572522877333,40.936706275032904,42.7770007183445,41.750852717122974,41.56964686227784,49.184747933617665,38.20438946399497,38.82905716562787,39.55097049316499,41.35388627421895,42.56606605587779,48.01543952796285,0,0,0,39.39023618964089,41.3103054678189,45.63279994809032,35.62338144212569,36.56732460086264,37.52319263631212,38.491136803725226,40.10767348414936
57.6939555076454,0,43.583828147478535,43.88864970084911,47.50370633352022,48.65797936348692,54.724040019059174,41.09018098713128,43.27843141269871,44.53033622702858,0,46.306698852223455,52.154273350101235,41.396818731911964,41.29239448563653,43.132176898611554,42.10259603966303,41.92105377461589,49.59079044073793,38.55738462976134,39.18117921121209,39.90274707912086,41.705292118024836,42.91743959693479,48.42137738996185,0,0,0,39.74163155326993,41.661677940343736,46.03259006377796,35.9747506094241,36.91869883893,37.87457249054018,38.842522808121274,40.45904414901216
58.11701595256894,0,43.93629298584182,44.24569220542551,47.90285350991865,49.057126539885346,55.13922064166801,41.44273065104266,43.63077233248502,44.883088125153236,0,46.70584602862189,52.56299781121418,41.75464345754602,41.6448882462792,43.48413035381129,42.45086119412519,42.26895349238597,49.99285382525961,38.90696006808563,39.52985948265173,40.251048831271184,42.05319069247272,43.265302600553355,48.8233387522769,0,0,0,40.089518997343426,42.00953980064011,46.42845761949679,36.32261010109853,37.26656378261596,38.222443417159006,39.190400237505465,40.806904057508454
58.53584579304325,0,44.28558822126361,44.599481298201646,48.29800921455309,49.45228224451979,55.55028981241296,41.792111724078424,43.97994273710135,45.2326582284858,0,47.101001733256325,52.96770923380833,42.109223395317635,41.99421029465251,43.83288498972139,42.79568232921192,42.613381313602865,50.39097584192281,39.25314745929771,39.87513069953095,40.59590976776156,42.39761729859365,43.60969049564784,49.221361302556446,0,0,0,40.433933849438766,42.35392648063863,46.82043999614224,36.666995315849356,37.610954815347895,38.56684078470181,39.53480444588807,41.15128864731335
58.95048733511282,0,44.63173653021133,44.950041463106615,48.689213362141196,49.84348639210789,55.957287620202905,42.138346824604476,44.32596537003646,45.57906957946514,0,47.49220588084443,53.368445861714534,42.46058251878773,42.34038337790314,44.17846468672334,43.13709326451527,42.95437217319175,50.785193919997035,39.59597822863543,40.217025294491314,40.93736358147699,42.73860687423951,43.950638344183,49.61548240470904,0,0,0,40.774911073163835,42.69487304523076,47.208574247511876,37.00794128629371,37.95190695492271,38.907799596514316,39.875770422525,41.49223298889273
59.36098246176169,0,44.97476059440735,45.297397146279295,49.076505468253416,50.23077849822011,56.360253779445294,42.48145857806471,44.66886297783972,45.92234521576956,0,47.87949798695666,53.76524560487042,42.8087447798089,42.68343024641447,44.52089329453582,43.47512749352928,43.291960646925936,51.17554516519253,39.93548354723202,40.555575415096826,41.27544364294952,43.07619399802317,44.288180845216765,50.00573910077004,0,0,0,41.112485272118754,43.032414196314,47.59289710237631,37.34548268298495,38.28945485751404,39.245354494749634,40.21333279590106,41.829771789553114
59.76737263714407,0,45.31468309477704,45.641572751092916,49.459924653304505,50.614197683271215,56.75922763310874,42.821469610878545,45.008658304130854,46.26250816453019,0,48.262917172007754,54.158146041403924,43.153734103104455,43.02337364780919,44.860194627143926,43.80981818663906,43.62618095531675,51.56206636158741,40.27169433313374,40.89081292570564,41.610183003245396,43.41041289321084,44.62235233889243,50.39216811278496,0,0,0,41.446690693809195,43.36658427678652,47.97344496656065,37.67965381838214,38.62363282162949,39.57953976431406,40.54752583766403,42.16393939744065
60.16969891077263,0,45.65152670561276,45.98259263336798,49.8395096465051,50.993782676471795,57.15424815577285,43.158402544555955,45.34537408382394,46.599581436753354,0,48.64250216520834,54.54718441972846,43.49557438104791,43.360236321166234,45.196392457918286,44.14119819408659,43.957066967456434,51.94479397356931,40.60464125234645,41.222769409348324,41.94161439683153,43.74129743156718,44.95318681038103,50.77480584470866,0,0,0,41.77756123351196,43.697417274491784,48.350253925035034,38.01048865077023,38.95447479201938,39.910389336764105,40.878383466510606,42.49476980549029
60.5680019216649,0,45.98531408894765,46.320481096768326,50.215298789773676,51.36957181974038,57.54535395666448,43.49227999002334,45.679033037559776,46.933588021946,0,49.01829130847691,54.93239766064896,43.83428946863689,43.69404099144621,45.529510514918684,44.469300048913304,44.284652204814535,52.323764147790605,40.93435471990991,41.55147616961151,42.26977024442144,44.06888113715403,45.28071789377464,51.15368838431921,0,0,0,42.10513043809358,44.024946826114146,48.723359744013976,38.338020788131864,39.28201436353701,40.237936794155694,41.20593925202466,42.82229665532558
60.96232190244825,0,46.31606788913322,46.655262388374645,50.587330041609576,51.74160307157627,57.9325832826807,43.82312454215471,46.009657866340234,47.264550882938245,0,49.39032256031281,55.31382235947756,44.16990317865591,44.02481036411935,45.85957247637682,44.79415596987958,44.60896984498858,52.69901271513633,41.26086490099845,41.87696423252649,42.59468265580066,44.3931971900832,45.60497887593146,51.52885150514537,0,0,0,42.42943150978255,44.34920622102608,49.09279787306326,38.66228349197142,39.60628478495163,40.56221537284636,41.530226418468764,43.14655324111008
61.35269868342377,0,46.64381072761474,46.98696069443063,50.95564098092711,52.1099140108938,58.31597402139772,44.15095877450172,46.337271246359094,47.59249295089748,0,49.75863349963035,55.69149478815832,44.502439277022624,44.3525671199897,46.18660196635298,45.11579786436106,44.930052725409666,53.07057519270357,41.584201712046756,42.19926434846206,42.91638343263146,44.71427843022427,45.92600270027317,51.90033066840676,0,0,0,42.75049730989595,44.67022840508778,49.45860344721357,38.98330968109204,39.92731896271474,40.88325796725084,41.85127784852947,43.467572513350966
61.73917169658953,0,46.9685651978989,47.31560013625644,51.32026881085146,52.47454184081816,58.69556370406566,44.47580523421731,46.66189582402364,47.91743712052838,0,50.1232613295547,56.065450897399906,44.83192147831201,44.677333910210585,46.51062255056153,45.43425733122213,45.247933347003666,53.43848678579168,41.90439482189982,42.51840699402084,43.23490407123708,45.0321573608678,46.243821970535606,52.26816102496577,0,0,0,43.068360362521005,44.98804598439974,49.82081128908042,39.3011319353263,40.24514946468019,41.20109713355101,42.169126087017176,43.78538708265569
62.12177997962363,0,47.2903538607081,47.64120476632476,51.681250362476575,52.83552339244328,59.07138950858893,44.79768643716713,46.98355421116132,48.23940624545346,0,50.48424288117982,56.43572631881549,45.15837344145355,44.999133351485206,46.83165773236032,45.74956566366625,45.56264387780856,53.80278238990219,42.22147365298548,42.83442237393868,43.550275765365356,45.346866152344774,46.55846895447314,52.632377417290236,0,0,0,43.38305285815245,45.302691229009355,50.17945591098917,39.615782499221325,40.55980852377908,41.51576509336071,42.48380334452109,44.100029223442206
62.5005621798274,0,47.60919923931603,47.96379856449443,52.03862209858544,53.192895128552145,59.44348826249177,45.11662486322321,47.30226898040628,48.55842313376897,0,50.841614617288684,56.802356367069066,45.48181876559613,45.31798802144734,47.14973094889913,46.06175385206378,45.874216156548734,54.163496592747755,42.5354673825089,43.14734042298633,43.862529408931906,45.65843664560278,46.8699755875177,52.99301438142601,0,0,0,43.69460665728607,45.614196076571744,50.53457151710471,39.927293285678864,40.871328041649946,41.82729373734613,42.79534150102023,44.411530877603774
62.875556558029125,0,47.92512381505901,48.28340543439727,52.392420117333224,53.54669314729992,59.81189644586909,45.43264295173489,47.6180626607606,48.87451054377098,0,51.19541263603646,57.16537604202734,45.802280986135905,45.633920454216806,47.46486556742263,46.37085258675674,46.18268169616666,54.52066367626911,42.84640494366757,43.457190807873005,44.17169559874268,45.966900355739654,47.17837347639294,53.35010614897857,0,0,0,44.00305329396932,45.92259213596594,50.886192005564986,40.23569587955117,41.17973959222483,42.13571462880256,43.10377210945062,44.71992365812859
63.24680099244883,0,48.23815002301857,48.600049199973455,52.742680155893524,53.89695318586022,60.176650194321866,45.7457630971716,47.93095773332493,49.187691179846794,0,51.545672674596766,57.52482003091648,46.1197835709022,45.946953136124684,47.777084881723006,46.67689226084114,46.488071687312626,54.87431761865939,43.15431502688596,43.76400292915109,44.47780463719617,46.272288475495095,47.483693902684344,53.7036866491029,0,0,0,44.308423979309396,46.2279106908668,51.234350970617534,40.5410215411932,41.48507442527214,42.4410590071878,43.40912639922988,45.02523885267537
63.614332982524346,0,48.548300247869555,48.91375360215096,53.089437594068215,54.24371062403491,60.53778530187733,46.056007644932656,48.240976627193845,49.497987688526614,0,51.89243011277145,57.88072271048297,46.434349916496984,46.25710850160325,48.08641210873828,46.97990297292664,46.79041700179322,55.22449209639485,43.4592260810687,44.06780592312167,44.78088653496511,46.574631878700906,47.78596782636576,54.053789510500614,0,0,0,44.610749604939556,46.53018270327345,51.579081704758764,40.84330120997179,41.78736346989663,42.743357791613256,43.7114352797395,45.327507427105125
63.9781896526991,0,48.85559681988957,49.224542295664925,53.43272745786116,54.587000487827865,60.89533722389348,46.363398887319065,48.54814171551089,49.80542265469112,0,52.2357199765644,58.23311814915787,46.746003344783205,46.564408929235825,48.39287038529154,47.27991452987374,47.089748195978956,55.5712204862714,43.76116631487136,44.36862866374014,45.08097101365776,46.873961123690435,48.08522588928329,54.400448063423845,0,0,0,44.9100607464442,46.82943881699477,51.920417200874816,41.14256550773255,42.08663733799723,43.04264158429311,44.01072934376525,45.62676002897019
64.3384077561721,0,49.160062011124516,49.532438846012695,53.772584423016184,54.92685745298288,61.249341079947726,46.66795905966275,48.85247531167879,50.11001859793005,0,52.57557694171942,58.582040109223804,47.054767099517676,46.86887673796202,48.69648276496722,47.5769564495086,47.386095514171785,55.91453586744617,44.060163697987996,44.666499764521575,45.378087508458805,47.170306456667845,48.38149841859677,54.74369534168488,0,0,0,45.20638766674328,47.125709361092824,52.25839015438382,41.43884474222486,42.3829263276836,43.338940673952116,44.307038870896875,45.923026990960665
64.69502367861038,0,49.46171803170619,49.83746672654053,54.10904281851965,55.26331584848634,61.599831656709746,46.969710336608465,49.153999665720164,50.41179796904762,0,52.912035337222896,58.927522048984,47.36066434312429,47.1705341834336,48.997272215120184,47.87105796331569,47.679488891933,56.25447102348324,44.35624596245415,44.96144758044525,45.672265170750116,47.463697815037584,48.67481543017984,55.083564084670975,0,0,0,45.4997603194367,47.41902435328442,52.59303296537869,41.73216891048593,42.67626042665143,43.63228503919284,44.60039383088705,46.21633833430941
65.04807344182427,0,49.7605870263168,50.139649315658076,54.44213663006808,55.59640966003477,61.946843410797925,47.268674828543915,49.45273696078456,50.71078314671012,0,53.24512914877131,59.269597124932844,47.663718153603256,47.46940345451657,49.295261614013896,48.16224801910803,47.96995795937205,56.59105844440314,44.649440603964905,45.2535002098581,45.96353287071092,47.75416483069492,48.96520663197896,55.42008673936358,0,0,0,45.790208352109154,47.709413503301825,52.92437774077001,42.02256770218415,42.966669315517706,43.92270435182272,44.890823886970594,46.506723772155716
65.39759270740603,0,50.056691070796894,50.43900989417653,54.771899503501025,55.92617253346772,62.290410471619666,47.56487457817394,49.74870930979693,51.00699643423195,0,53.57489202220427,59.60829819392703,47.96395152157227,47.76550666993547,49.590473748083255,48.450555283675584,48.25753204439687,56.92433032873525,44.939774883206866,45.542685496376144,46.25191919989813,48.04173683327783,49.252701427332056,55.75329546236128,0,0,0,46.07776110959607,47.99690621621303,53.25245629642842,42.310070502922486,43.2541823711161,44.21022798014161,45.178358399144315,46.79421271286854
65.74361678033198,0,50.35005216889154,50.7355716427672,55.09836474819964,56.25263777816634,62.63056664419514,47.858331557234045,50.04193875224421,51.300460056495425,0,53.901357266902885,59.94365781535721,48.26138734743615,48.05886587505507,49.8829313093192,48.736008145411574,48.54224017592617,57.254318585572484,45.227275827203044,45.829031030784165,46.537452473806205,48.32644285338088,49.53732891824737,56.083222121905855,0,0,0,46.36244763721114,48.28153159570209,53.57730015932588,42.594706397502605,43.538828669753144,44.49488499219034,45.463026427408096,47.078834263329995
66.08618061252865,0,50.640692249131625,51.02935763953641,55.421565340451274,56.57583837041797,62.967345411964416,48.14906766333976,50.3324472510951,51.59119615700094,0,54.224557859154515,60.275708253319095,48.55604843868018,48.34950303879619,50.172656892770576,49.01863471691696,48.82411108706436,57.5810548366277,45.51197023067034,46.1125641529326,46.820160734407075,48.60831162573157,49.81911790864311,56.40989829991077,0,0,0,46.644296683936076,48.56331844731033,53.89894056967547,42.87650417315001,43.82063699042588,44.7767041589609,45.74485673496774,47.36061723217914
66.42531880640337,0,50.928633161845454,51.32039085771345,55.741533926780384,56.89580695674709,63.300779939577815,48.4371047169673,50.6202566898496,51.87922679504314,0,54.54452644548363,60.60448147878375,48.847957507284505,48.637440050680944,50.45967299416035,49.29846283758306,49.1031732182395,57.904570418291236,45.793884657388325,46.39331195363155,47.10007175266999,48.8873715923298,50.09809690754844,56.73335529399148,0,0,0,46.923336705572794,48.84229528163874,54.21740848306906,43.15549232270101,44.09963581800136,45.055713957568706,46.023877791400245,47.63959013301733
66.76106561833933,0,51.21389667629722,51.608694163448135,56.058302827246216,57.21257585721291,63.63090307566944,48.72246445856182,50.90538886971429,52.16457394300968,0,54.86129534594946,60.93000917176639,49.137137167255105,48.92269871800392,50.74400200761231,49.575520076152785,49.37945472030481,58.22489638368901,46.0730454415788,46.67130127654157,47.37721303106141,49.1636509055508,50.374294132266314,57.05362411949698,0,0,0,47.19959586785915,49.11849031751231,54.53273457261249,43.43169904775188,44.37585334635868,45.3319425743876,46.30011777578168,47.91578118757523
67.09345496215593,0,51.49650447794851,51.89429031371447,56.37190403870738,57.52617706867409,63.95774735561365,49.0051685457696,51.187865506899485,52.44725948379865,0,55.17489655741062,61.25232272349332,49.42360993226822,49.20530076312559,51.02566622348518,49.849833733260034,49.65298345760423,58.5420635047405,46.34947868929547,46.94655872006064,47.65161180602494,49.4371774312121,50.647737511498825,57.370735511542094,0,0,0,47.47310204954802,49.391931485106696,54.84494923105768,43.705152261770955,44.649317481494,45.605417908147835,46.57360457977877,48.18921832884208
67.42252041253437,0,51.77647816583903,52.177201954317475,56.68236923805394,57.83664226802065,64.28134500426444,49.28523855079014,51.46770823003488,52.727305208351304,0,55.48536175675718,61.571453238566406,49.7073982134248,49.48526782088398,51.30468782631072,50.121430843947834,49.92378701100263,58.856102274216276,46.62321027982283,47.219110639207194,47.92329505044148,49.70797875160506,50.91845468843545,57.684719927039815,0,0,0,47.7438828454508,49.662646429037885,55.15408257293138,43.9758795931739,44.9200558445889,45.87616757299806,46.84436581070403,48.45992920415797
67.74829520840902,0,52.05383925008312,52.45745161799964,56.989729785407036,58.14400281537373,64.60172793867761,49.5626959578449,51.74493857769981,53.00473281329642,0,55.79272230411028,61.88743153712457,49.988524317111384,49.76262143612145,51.58108889283259,50.39033818016524,50.19189268088098,59.16704290779447,46.89426586708361,47.488983147498686,48.19228947606968,49.97608216849135,51.18647302380489,57.99560754673318,0,0,0,48.01196556944559,49.930662511415264,55.460164436659966,44.24390838836285,45.18809577504307,46.14421890153121,47.11242879453548,48.72794117826934
68.07081225632493,0,52.328609149478446,52.735061722644296,57.29401672728659,58.44828975725329,64.91892777081567,49.83756216075893,52.019577996065024,53.27956389870317,0,56.09700924598984,62.200288157002035,50.267010442964526,50.03738306132271,51.85489139014315,50.656582253242796,50.45732749009705,59.474915346115594,47.16267088105426,47.756202118825584,48.45862153596647,50.24151470606495,51.45181959889081,58.303428277226395,0,0,0,48.27737725745038,50.196006814858706,55.76322438668995,44.509265714729956,45.453464333471246,46.40959894777529,47.37782057890117,48.99328133634857
68.39010413376168,0,52.600809189223654,53.010054569572645,57.59526079974736,58.74953382971406,65.23297581023522,50.10985846065213,52.29164783664222,53.55181996593886,0,56.39825331845059,62.510053355882704,50.54287868193522,50.309574054361164,52.12611717391489,50.92018931634722,50.72011818691217,59.77974925683542,47.42845052918772,48.02079318932013,48.722317426888296,50.50430311388015,51.71452121851214,58.60821175301438,0,0,0,48.54014467036204,50.45870614548012,56.06329171560388,44.771978363625756,45.71618830466534,46.67233449014924,47.64056793602897,49.25597648697782
68.70620309242406,0,52.870460598741474,53.282452341931716,57.893492431483516,59.04776546145021,65.5439030667571,50.37960606373679,52.561169354138485,53.82152241562885,0,56.69648495018676,62.81675711345028,50.81615101445064,50.5792156763498,52.39478798672372,51.18118536691496,50.980291247884296,60.0815740366754,47.691629797842715,48.282781759219986,48.9834030916726,50.76447386974584,51.97460441396845,58.90998733851051,0,0,0,48.80029429696146,50.71878703582999,56.36039544623113,45.03207285329285,45.976294200521934,46.9324520343845,47.90069736566232,49.51605316509793
69.01914106149982,0,53.13758450960434,53.552277103170326,58.18874174690231,59.343014776869005,65.85174025311875,50.64682607921824,52.828163704412084,54.08869254571494,0,56.99173426560555,63.120429133533825,51.08684930866975,50.84632908959395,52.66092545646126,51.43959614906491,51.23787288072815,60.380418813469916,47.95223345371927,48.54219299472611,49.241904221599945,51.02205318258678,52.23209544595074,59.208784130072004,0,0,0,49.05785235678507,50.97627574780937,56.654564333753214,45.28957543176536,46.23380826293587,47.18997781641269,48.15823509794224,49.77353763492262
69.32894965088482,0,53.402201953559064,53.8195507956004,58.48103856916691,59.63531159913361,66.15651778760922,50.91153951729528,53.09265194252688,54.35335154960976,0,57.284031087870154,63.421098846248206,51.3549953188305,51.11093535564235,52.92455109483347,51.695447155990486,51.4928890271425,60.676312448210524,48.21028604529959,48.79905182985485,49.49784625873679,51.27706699527214,52.4870203074182,59.50463095802243,0,0,0,49.31284480296358,51.23119827554784,56.945826867803376,45.544512079734744,46.48875646666016,47.44493780521997,48.413207096255974,50.02845589281864
69.63566015437597,0,53.66433386064807,54.084295239040806,58.77041242320887,59.92468545317557,66.45826579668633,51.173767287257746,53.35465502090187,54.61552051444389,0,57.573404941912116,63.718795410129296,51.62061068368503,51.373055433434025,53.185686295942595,51.948763632331165,51.74536536560539,60.969283537086085,48.46581190429392,49.05338296828376,49.751254398259,51.52954098741167,52.73940472644157,59.797556388671175,0,0,0,49.56529732502817,51.48358034824784,57.23421127456004,45.79690851338233,46.741164522132934,47.69735770566829,48.66563906005298,50.28083367015228
69.93930355283221,0,53.92400105742348,54.3465321295414,59.05689253871041,60.21116556867711,66.75701411757622,51.43353019567761,53.61419378755369,54.87522041940292,0,57.85988505741365,64.01354771426318,51.883716925020906,51.63271017753742,53.444352334950324,52.1995705765233,51.99532731413744,61.259360413519026,48.71883514709066,49.305210885191194,50.00215359075601,51.7795005781203,52.9892741690132,60.08758872632908,0,0,0,49.815235351684365,51.73344743299605,57.51974551883388,46.04679018717898,46.991057878271604,47.94726296128429,48.915556427628545,50.530696436102616
70.2399105173039,0,54.18122426525204,54.606283038184365,59.340507853056934,60.49478088302364,67.05279230085524,51.69084894469167,53.87128898442825,55.1324721341518,0,58.143500371760176,64.30538438040948,52.14433544626494,51.889920336479676,53.70057036681913,52.44789274313097,52.24280003303387,61.546571150196804,48.96937967621047,49.554559829088895,50.250568544516206,52.02697092875102,53.23665384182468,60.37475601532023,0,0,0,50.06268405355464,51.980824737541816,57.8024573061479,46.29418229665255,47.23846172523494,48.194678757016106,49.16298437887533,50.77806940044226
70.53751141213085,0,54.43602409870738,54.86356940996082,59.62128701426,60.775560044226694,67.34562961301383,51.94574413037188,54.12596124581967,55.38729641734358,0,58.42427953296323,64.59433376511812,52.402487531167836,52.14470655116249,53.95436142512969,52.69375464515626,52.487808427565476,61.83094356109863,49.21746918176348,49.801453823648124,50.496523727793004,52.27197694559703,53.48156869501216,60.65908604198928,0,0,0,50.30766834588936,52.22573721304371,58.082374084810866,46.53910978112328,47.48340099715328,48.43963002195846,49.40794783800366,51.022977516285565
70.83213629800954,0,54.688421064047326,55.11841256271988,59.89925838385103,61.05353141381773,67.63555503900281,52.19823624118161,54.378231096873236,55.63971391521008,0,58.70225090255426,64.88042396183926,52.65819434256631,52.39708935336263,54.20574642097168,52.93718055632967,52.73037715064908,62.1125052035169,49.463127142909514,50.04591666951831,50.740043371052195,52.51454328256315,53.72404342486994,60.94060633670399,0,0,0,50.55021289124723,52.46820955678401,58.359523047983,46.78159732640781,47.72590037482745,48.68214143204668,49.650471476230535,51.265445482805255
71.12381493502944,0,55.45138131360529,58.365267161325086,60.17445003974615,61.32872306971285,67.92259728476182,62.94814621868127,54.62811895216998,55.88974516023185,0,58.97744255844939,65.16368280302638,61.40977075280172,52.64708916431386,54.45474614190592,54.370671825459965,56.913270927813876,62.39128338007291,59.26311494824749,51.37860864874543,52.08443670066564,52.75469434380711,53.96410247653287,61.219344175852775,0,0,0,50.79034210214511,52.708266214852095,58.63393113573425,55.44349852463129,47.9659842883968,48.922237412719824,50.482100574762065,51.50549774791749
71.41257678567915,0,58.123162118081225,58.92941065131309,60.44688977908232,61.601162809049015,69.24626503538418,65.10613082970818,54.92642674421763,56.4338594839235,0,59.24988229778556,66.28546895155834,63.66855163552284,53.736057382694675,54.819436504891236,54.73357019514693,57.68724483886603,63.61342221450062,61.32051212142163,52.67990223137898,52.43735594065219,53.11050954024694,54.592101338537965,61.495326583836594,0,0,0,51.02808014367795,52.945931384796765,59.739386123651585,57.375886167378525,48.20367691997667,49.62842666293009,50.77832604136446,51.801719076108135
71.69845101782236,0,58.86400253320756,59.25490044842162,60.716605121025125,61.87087815099182,69.81964800490202,66.59173547208215,55.729679441844226,56.956752579731635,0,59.51959763972836,67.6684899461453,64.97432906179606,54.23204080732135,55.39410984147373,55.09355760567786,58.01556746821345,64.82655090889051,62.715747705822,53.7809863852395,52.89024447726483,53.667347643665735,55.189628706264685,62.51790505748414,0,0,0,51.35695069719457,53.49037140144107,60.25871061121057,58.63401927107301,48.81004194719602,50.00286270402082,51.065795720596846,52.048602123388825
71.98146650764414,0,59.274655670680055,59.552504905639076,60.9836233095485,62.137896339515194,70.24990017033674,67.32220160873634,56.26625633385982,57.460000061847104,0,59.78661582825175,68.3888003016686,66.35488487195958,55.05438156936434,55.89298228603438,55.639464614132216,58.29732471298011,66.18013160020361,63.94394591983548,54.3567695455241,53.50952006330882,54.208786257346006,55.749273883457434,63.681173521223144,0,0,0,51.88442422154819,54.05007082312656,61.24456106387351,59.29443461975123,49.2266555671293,50.30467702610883,51.322344777085306,52.53269953649591
72.2616518425677,0,59.6041341737156,59.84326765294354,61.24797131618664,62.40224434615334,70.5889595501824,67.87195249649561,56.7868947357473,57.93742328095858,0,60.050963834889885,68.93754576709588,67.11927844425014,55.66541386505838,56.427010821149075,56.142218806815585,58.59074187935951,67.0062135134054,65.27424847574896,55.190963335267845,54.01523199502338,54.758289910430655,56.27581707377285,64.98353658456342,0,0,0,52.420873725240845,54.6009399251211,62.32885000148759,60.205990417298565,49.548182006969796,50.567623114621114,51.78336816376948,53.04930547896078
72.53903532414202,0,59.91857984316811,60.128681684876135,61.509675842758405,62.6639488727251,70.89885855193475,68.2705878268783,57.25812449435783,58.39719680745437,0,60.31266836146165,69.33608156066771,67.74001014379215,56.206303267986385,56.91539487303473,56.66934293335745,58.87892646516413,67.65430198446623,66.13588026769699,55.856666347732705,54.57516864167422,55.27819328310168,56.77642362107167,65.89566134636064,0,0,0,52.96372516044692,55.125606673813934,63.55791017643406,61.245235303803284,49.82009754415995,50.98481696240041,52.291269886348964,53.58237911132621
72.8136449709006,0,60.222409623836974,60.40972523820538,61.768763324064444,62.92303635403115,71.18869116822296,68.61694517222871,57.70694329950816,58.83794345073704,0,60.57175584276769,69.68242905187385,68.18041693741178,56.689319696197266,57.385268845436904,57.15979882487295,59.16691201273126,68.11940463901298,66.79592032243467,56.425786030272974,55.0793438428961,55.7806012491754,57.253376288647594,66.58954811827665,0,0,0,53.48117293180836,55.62777135948059,64.50487518886112,62.42442144988883,50.204354347964795,51.469679508543656,52.817488765803155,54.10097173643047
73.08550852119158,0,60.51950832806983,60.68637975286434,62.02525993055743,63.17953296052413,71.46916481465799,68.92438225408699,58.13391241566713,59.26135562726433,0,60.82825244926068,69.98986515817185,68.55435749305576,57.13490198571249,57.830713946569695,57.63023253291682,59.44917500039484,68.5051009802674,67.27322586282308,56.92359235175599,55.55756526625142,56.25813022452035,57.709347674457874,67.09529900151706,0,0,0,53.98002167418452,56.1064595054465,65.26492247691135,63.407896596655995,50.66444833166361,51.982447645207756,53.33153712331648,54.60212250642976
73.35465343597967,0,60.81030141789852,60.95883166763423,62.27919157098548,63.433464600952185,71.74268390858948,69.21397376817626,58.542780277857794,59.66818593303732,0,61.082184089688724,70.27945657568065,68.8755364088462,57.55418070573129,58.256741974137654,58.07687335866948,59.72683728561232,68.83402756273807,67.66297072860378,57.37109069446267,56.00691598073456,56.71521852467367,58.14581117424893,67.50090917867216,0,0,0,54.4550007746036,56.56436499495411,65.83808589748467,64.20458212785167,51.16165930467395,52.49110203541779,53.828725346044976,55.081748231658516
73.62110690161987,0,61.09534976864619,61.22719446668699,62.53058389500926,63.68485692497596,72.0115946312957,69.4910671631281,58.93528698920491,60.059545049500976,0,61.33357641371251,70.55654996107103,69.17214711312029,57.95197753997878,58.66467761134124,58.503756739968,59.99965715281736,69.13453243878192,67.9938620362961,57.78622990316369,56.43388425621153,57.15213798919918,58.56431147578124,67.84172984706564,0,0,0,54.90937028272777,57.00239966119137,66.29494420401664,64.81627129212248,51.662961354376336,52.98558867708035,54.30483348541775,55.541113960196306
73.88489583260368,0,61.37497105664335,61.49160965694994,62.7794622957928,63.9337353257595,72.27668018373089,69.7608411613348,59.31284508275864,60.436455014929564,0,61.582454814496046,70.82632395833114,69.45179555991125,58.33259294317198,59.0562773729195,58.91235824636982,60.26803049504607,69.41649862220098,68.2939845973075,58.17631309462145,56.84132308952619,57.570834264065624,58.96613831340561,68.14721220123427,0,0,0,55.343758511893746,57.42219991326674,66.67066037299377,65.29921752542143,52.15385258041415,53.46057467851277,54.76076842952189,55.98064932877936
74.14604687427764,0,61.64944864610516,61.752212540783965,63.0258519125685,64.1801249425352,72.53855211258362,70.02518174091821,59.67672120780595,60.7999131877813,0,61.82884443127174,71.09066453782086,69.72187632510385,58.69807252589509,59.43292253958886,59.30440773788536,60.53216269848104,69.68778641372961,68.57469914434782,58.547809071988745,57.231539267862274,57.97253710328533,59.35251435464021,68.43101492462755,0,0,0,55.75993062123087,57.82501142830814,66.99760997532064,65.6924080854445,52.62723795630412,53.915722382526866,55.1970224355934,56.40178268937908
74.40458640553487,0,61.91904314783811,62.00913516188221,63.269777633176446,64.42405066314315,72.79747877592456,70.28549202170241,60.02793584075082,61.15085961767971,0,62.072770151879695,71.35097481859577,69.98519452159546,59.05028828418689,59.79577679083706,59.68129219063028,60.792265262767486,69.95179238420377,68.84408781114956,58.903691043317714,57.606388922706515,58.35856086642755,59.72455160742717,68.70206779475009,0,0,0,56.159158648706345,58.21210063177941,67.29367560832075,66.02920390137194,53.0814452423095,54.35135480073029,55.614950242613844,56.80569075859233
74.66054054147952,0,62.183985968081025,62.26250336865238,63.51126409657831,64.66553712654502,73.05364654214868,70.54240115831874,60.36744462897281,61.49016710052153,0,62.31425661528155,71.60788395521116,70.24380045978019,59.39044134580547,60.14590728420924,60.044200670991685,61.048516148175096,70.21076419566783,69.10591851923114,59.24642551772777,57.967218157407736,58.730049506176655,60.08327709664247,68.96482899164991,0,0,0,56.54273487497872,58.58459954185042,67.57100276490164,66.33037345426168,53.51639916015567,54.76860884269477,56.01574386104583,57.1936271594887
74.91393513606472,0,62.444494297081015,62.51243554093824,63.75033569534616,64.90460872531287,73.30715683119806,70.79632202157354,60.69608064768782,61.818644998246356,0,62.5533282140494,71.86180481846588,70.49862774060468,59.71959721280143,60.48424190327598,60.39420933663339,61.30107020440051,70.46579568130224,69.36254742189105,59.57747007686519,58.315229596460256,59.08806207959191,60.429633913853365,69.22196138331562,0,0,0,56.911805316158,58.943561567806924,67.83638080708388,66.6096481337459,53.93298523712509,55.16865368880187,56.40064210518148,57.56673056817846
75.16479578470407,0,62.70076586795521,62.759042844093436,63.98701657812634,65.14128960809305,73.55808103418764,71.04746823676452,61.01461189808948,62.13703790558833,0,62.79000909682958,72.11295103365684,70.75027749112796,60.03859996771295,60.81163368700516,60.73226445760088,61.55006862008948,70.71755538344111,69.61516652067844,59.89802091735551,58.65140727088383,59.43356551039821,60.76448860522041,69.47485853348786,0,0,0,57.267426488549326,59.289951381284396,68.09395028072812,66.87512392969212,54.33230479848185,55.5527019776865,56.77078290470995,57.92607065636572
75.41314782685703,0,62.95298433136042,63.002429124094554,64.22133065207872,65.37560368204542,73.80646763930989,71.29597700613796,61.323731238957116,62.44603099780472,0,63.024323170781955,72.3614598030303,70.99905805964308,60.34820182992205,61.12884959933203,61.05923104693999,61.79563817938037,70.96639668716405,69.86448282085419,60.20896197979332,58.97664093645571,59.767444379003436,61.088636955470584,69.72432585331595,0,0,0,57.61056429334892,59.624655384448104,68.34602630535399,67.13168316041572,54.71553631642712,55.921895052112205,57.127230689774315,58.27262999652373
75.65901634858845,0,63.20131870774432,63.24269142851438,64.45330158529156,65.60757461525827,74.0523550987701,71.54193084184575,61.6240739802283,62.74625314388057,0,63.256294103994804,72.6074136387381,71.24516168687222,60.64905799949258,61.436592405070684,61.375889749839374,62.03789600466503,71.2125332352938,70.11087672340315,60.51104710127195,59.29171311219185,60.09051020742131,61.402809531551725,69.97080269519047,0,0,0,57.94210269627263,59.94848721683461,68.59395931293743,67.38212609960267,55.08381707192544,56.27730192661948,57.470964660576,58.60731327242641
75.90242618510257,0,63.44592548749268,63.47992036821802,64.68295280917229,65.837225839139,74.29577525620303,71.78538739856899,61.916219783969865,63.03828158947833,0,63.48594532787553,72.85087019546133,71.48869955084021,60.94176024744317,61.73550231713728,61.682954780584794,62.27694972005983,71.45608918779156,70.35457412496996,60.804910329322034,59.59733535837661,60.40350640115407,61.70767708791744,70.21454525600039,0,0,0,58.262852485675296,60.26219355038659,68.83850819043232,67.62807674356777,55.43821890612387,56.61990979264686,57.80288578008973,58.930951391100244
76.14340192325155,0,63.68694931350347,63.7142006186764,64.9103075208142,66.0645805507809,74.53675664142366,72.02638861090432,62.200699906625495,63.32264586471702,0,63.713300039517435,73.09187140779665,71.72974538563572,61.226842053833906,62.026165806641615,61.98107749216488,62.51289924524124,71.69714486276875,70.59570673063612,61.09111315482631,59.89415109148986,60.70711517299036,62.003855437404816,70.455702597419,0,0,0,58.57355662728415,60.56645981120074,69.08011175121833,67.87045768204881,55.77973589918885,56.95062767677515,58.12382159006213,59.24430717185398
76.38196790401904,0,63.92452416278448,63.9456113583408,65.13538868533968,66.2896617153064,74.77532570319569,72.26496852566501,62.47800087022228,63.59983180096236,0,63.938381204042926,73.33045132255735,71.96834959378745,61.50478953408285,62.30911955990976,62.27085439271053,62.74583732830102,71.93575446272203,70.83435849082377,61.37015483102692,60.18274792331401,61.00196228425008,62.291910053012366,70.69436784560182,0,0,0,58.87489684441837,60.86191513383462,69.3190228310493,68.10979912801056,56.10928482804532,57.27029097933069,58.43453172362564,59.548080917900684
76.61814822497884,0,64.15877417407359,64.17422671156004,65.35821903821991,66.51249206818663,75.01150770864028,72.50115645075678,62.74856884235205,63.870285147268994,0,64.16121155692316,73.56663924764912,72.2045508220978,61.776046135432075,62.584855535114734,62.55283154246762,62.97585039398215,72.17195862986645,71.07058563485235,61.64248684599326,60.46366228586095,61.288622134461555,62.57236025573722,70.930602367905,0,0,0,59.16749851497311,61.149137147832846,69.55539270766356,68.34640630953713,56.427708851582885,57.57966673901899,58.7357135152137,59.84291543750813
76.85196674272905,0,64.3898145141817,64.40011615229425,65.57882108757134,66.73309411753807,75.24532714596356,72.7349791252557,63.012813047278115,64.13441497905785,0,64.3818136062746,73.80046192214805,72.43838075061342,62.041017752506875,62.853824726749124,62.82750949782685,63.20301906479167,72.40579016634527,71.3044297440923,61.90851908341283,60.7373853728759,61.56762199823052,62.84568308918357,71.16445050369941,0,0,0,59.451935661111335,61.42865625316167,69.78931517808361,68.58045947375788,56.73578240991645,57.87945911837501,59.02800701749494,60.12940088740308
77.08344707530176,0,64.61775212120156,64.62334488336035,65.79721711642928,66.95149014639598,75.47680798109212,72.96646172731418,63.27110905781599,64.39259681043913,0,64.60020963513253,74.03194452420652,72.6698673204067,62.30007627570316,63.11644086119687,63.09534720169499,63.427418703868724,72.63727761347457,71.53592405072132,62.1686257565653,61.004367150668,61.83944607736827,63.11231686311077,71.39594701147793,0,0,0,59.72873522211161,61.70095960614642,70.02085248946224,68.81206859684627,57.03421653891647,58.170314463294254,59.31199982800526,60.408079135088954
77.31261260454875,0,64.84268640434414,64.84397418389814,66.0134291849986,67.16770221496533,75.70597378477122,73.19562849674932,63.52380168516136,64.64517546257895,0,64.81642170370186,74.26111129364165,72.89903625519707,62.55356288376902,63.373083598130215,63.35676569669519,63.64911985567577,72.86644702792695,71.76509721561352,62.423149239294446,61.26502027362734,62.10453911554059,63.372664408275234,71.62512137814448,0,0,0,59.998381081273216,61.96649474358127,70.25004922063506,69.04130475382966,57.32366392963452,58.45282612751244,59.58823144495203,60.6794478254143
77.53948647850326,0,65.06470987450838,65.06206172952012,66.22747913288227,67.38175216284897,75.93284780867315,73.42250304798151,63.771207645885724,64.89246768678333,0,65.03047165158551,74.48798584487382,73.12591199008811,62.80179080012721,63.624101495828484,63.612151386130485,63.868188659016596,73.09332302467469,71.9919752597284,62.672403435379906,61.51972335684781,62.363309742372856,63.62709605668043,71.85200007899074,0,0,0,60.26131768616874,62.225672918014574,70.47694017496244,69.26821732400124,57.60472375105749,58.72753887764947,59.85719731782443,60.94396408468264
77.76409161371824,0,65.28390872429895,65.27766188545678,66.43938858128708,67.59366161125378,76.15745302578338,73.64710855323803,64.01361797472133,65.13476456724192,0,65.24238109999031,74.71259135013035,73.35051814160335,63.04504779064723,63.86981468437192,63.86185903641799,64.08468721252528,73.31792931929597,72.21658267327417,62.9166764767418,61.768823989293686,62.616133515048524,63.87595237301699,72.07660785118252,0,0,0,60.51795338577346,62.47887214670506,70.70155465495806,69.4928436487225,57.877946093807765,58.99495297349154,60.11935254046398,61.20204792991574
77.98645069758105,0,65.50036335648478,65.49082597519653,66.64917893520783,67.80345196517455,76.37981215438795,73.86946783920973,64.25130023223527,65.37233371766864,0,65.45217145391108,74.93495063610207,73.57287778072794,63.28359838575085,64.11051731313506,64.10621449261774,64.2986739098377,73.54028903656767,72.43894300155529,63.156233109786825,62.0126414192098,62.86335570922642,64.11954665599328,72.29896837541655,0,0,0,60.7686634716338,62.72644000714483,70.92391885020092,69.71521432917383,58.143836081579245,59.2555279007988,60.37511524719078,61.454085386757995
78.20658619060524,0,65.71414886763894,65.70160252627825,66.85687138558939,68.0111444155561,76.59994767185037,74.08960344264909,64.48450051687487,65.60542128993839,0,65.65986390429264,75.15508623954142,73.79301357702859,63.517685898222766,64.34647977935205,64.34551716198555,64.51020374334065,73.76042487556701,72.65907917440762,63.39131677917042,62.25146900508528,63.105293870007586,64.35816722932796,72.51910465529407,0,0,0,61.013792966106415,62.96869619594577,71.144057138088,69.93535616653554,58.40285764158534,59.50968580013326,60.62486971947597,61.70043134841964
78.42452032869919,0,65.92533548987925,65.91003749519224,67.06248691146712,68.21675994143384,76.8178818232948,74.3075376410536,64.71344530345152,65.83425380988861,0,65.86547943017038,75.37302043794593,74.01094788080542,63.747534251646584,64.57795076459182,64.58004227741415,64.71932858182706,73.97835920266428,72.87701368384126,63.62215150116223,62.48557643951545,63.342240148308846,64.5920795396171,72.7370392231973,0,0,0,61.25365917208918,63.20593487267092,71.36199280415065,70.15329377433973,58.655436966739444,59.75781460625136,60.868969233821026,61.94141219291072
78.6402751254122,0,66.13398899473201,66.11617447308495,67.26604628208608,68.42031931205278,77.03363662730024,74.52329247071353,64.93834312184282,66.0590398551504,0,66.06903880078933,75.58877526760587,74.22670276801776,63.97334964622793,64.80515909380878,64.8100429657033,64.92609742375981,74.19411410261722,73.09276868341013,63.848943549516406,62.71521177885437,63.57446343887758,64.82152807737205,72.95279425470316,0,0,0,61.488554007891864,63.438426805808,71.57774843604281,70.36905046820657,58.901965687565486,60.00027092522402,61.107738668970406,62.177328180401815
78.85387237415809,0,66.34017106222419,66.32005487390747,67.46757005899885,68.62184308896556,77.24723388002982,74.73688973745618,65.15938609073415,66.27997158840161,0,66.2705625777021,75.80237253434852,74.44030006620207,64.19532207682035,65.02831543386031,65.03575213635007,65.13055662878199,74.40771140776054,73.3063660429642,64.07188298557669,62.940603294147564,63.80221133766459,65.04673813600589,73.16639163170406,0,0,0,61.71874614414733,63.666421337834954,71.7913461412456,70.58264875405081,59.14280377891539,60.23738266901892,61.34147689388761,62.40845564828779
79.0653336504165,0,66.54393961827759,66.52171810649568,67.6670785981425,68.82135162810921,77.45869515846432,74.9483510235458,65.37675131877948,66.49722615848309,0,66.47007111684574,76.01383382043812,74.65176136946565,64.41362671836762,65.24761384511794,65.25738420754483,65.33275012928813,74.61917271482577,73.51782737975381,64.29114504921579,63.16196116161825,64.02571193348591,65.26791742241174,73.37785297802374,0,0,0,61.9444829601466,63.89014818443291,72.00280766694397,70.79411059716857,59.37828222208824,60.469451468424744,61.57045895420939,62.635049021240654
79.27468031391234,0,66.74534914311323,66.72120173196176,67.8645920518947,69.01886508186142,77.66804182314887,75.15769769241189,65.59060218484647,66.71096698072836,0,66.66758457059795,76.22318048930421,74.86110804771366,64.62842519071712,65.46323319918393,65.47513668329546,65.53271962388828,74.82851939515037,73.72717407631472,64.50689142654299,63.37947900662088,64.24517544815156,65.48525753160848,73.5871996797907,0,0,0,62.16599233463422,64.10981908186348,72.21215446674192,71.00345757045899,59.60870544296588,60.69675488248194,61.79493807434385,62.85734265164042
79.48193351077322,0,66.94445095318173,66.91854160765692,68.0601303711094,69.21440340107611,77.8752950206591,75.36495089220634,65.80108950778606,66.92134490692028,0,66.86312288981264,76.43043368909868,75.06836125263287,64.83986671384127,65.67533847426411,65.68919159476692,65.73050475432477,75.03577260120397,73.9344272912379,64.71927140625858,63.59333531434844,64.46079573780895,65.69893529690334,73.79445289755765,0,0,0,62.38348428516931,64.32562929526719,72.41940773807713,71.21071093661048,59.83435354463295,60.91954842161175,62.01514749058804,63.07555250470832
79.68711417566549,0,67.1412934589001,67.1137720188618,68.25371330713195,69.40798633709865,78.08047568590607,75.57013155870109,66.00835261531614,67.12849929439105,0,67.05670582583518,76.63561435559343,75.27354192192713,65.04808916312936,65.88408193883308,65.89971681754218,65.92614326729169,75.24095327111789,74.13960796599676,64.92842293531533,63.803694718879854,64.67275166726112,65.90911402605707,73.99963357386996,0,0,0,62.59715246880791,64.53775899961066,72.62458844365972,71.41589169400596,60.05548435175384,61.13806740002486,62.23130212952896,63.28987770138596
79.89024303390883,0,67.33592240028594,67.30692579926054,68.44536041379425,69.59963344376096,78.28360454434318,75.7732604178198,66.21252032073862,67.33255898296952,0,67.2483529324975,76.83874321471214,75.47667078257508,65.25322003354565,66.0896042332442,66.10686727555132,66.11967116246001,75.44408213210436,74.34273682962984,65.13447358300124,64.01070918121087,64.88120836798585,66.11594463306054,74.20276243835161,0,0,0,62.80717555584425,64.74637454401064,72.8277173241339,71.61902060279166,60.272335282466955,61.35252863179186,62.443600144733026,63.50050193095222
80.09134060356975,0,67.52838106239578,67.49803444116581,68.63509104938994,69.78936407935666,78.48470211410992,75.97435798795888,66.41371181546117,67.53364318772984,0,67.43808356809319,77.03984078485121,75.67776835354954,65.45537732059108,66.29203535811246,66.3107860414396,66.31112282790113,75.6451797032637,74.54383440223494,65.33754142164138,64.21451906587714,65.08631838969211,66.31956667432453,74.40386001142025,0,0,0,63.01371848733042,64.95162960926957,73.0288149059401,71.8201182000668,60.48512506230762,61.563131983723345,62.652224323671305,63.70759474434927
80.29042719753404,0,67.71871047231117,67.6871281963775,68.8229243786297,69.9771974085964,78.68378870813206,76.17344458218439,66.61203748459772,67.73186231481058,0,67.62591689733293,77.23892737907673,75.87685494823134,65.65467032529979,66.49149557752307,66.5116053423071,66.50053116399454,75.8442662980465,74.74292099780749,65.53773583125123,64.41525412494708,65.28822275441325,66.52010929734493,74.60294660724605,0,0,0,63.21693362619956,65.15366626762842,73.22790150653951,72.01920480911778,60.69405529344579,61.7700617971249,62.8573433758138,63.91131273827555
80.48752292555871,0,67.90694957926496,67.87423616848234,69.00887937457703,70.16315240454374,78.88088443618828,76.37054031035176,66.80759965229346,67.92731870694614,0,67.81187189328027,77.43602310724408,76.07395067664795,65.85120038985109,66.68809624442306,66.70944747897359,66.68792769681153,76.04136202651831,74.94001672671067,65.73515823479013,64.61303439737907,65.48705192137935,66.71769210922785,74.80004233628755,0,0,0,63.416961810984276,65.35261595298616,73.42499723818894,72.21630054538461,60.89931189142519,61.97348818947526,63.05911311191356,64.11180063925654
80.68264769630312,0,68.0931354193623,68.05938639733243,69.19297482056488,70.34724785053159,79.07600920694996,76.56566508117409,67.00049326284383,68.12010732477897,0,67.99596733926813,77.63114787806643,76.26907544760648,66.04506156980246,66.88194055491498,66.90442566621802,66.8733426818807,76.23648679750697,75.135141497935,65.92990277004694,64.80797103104386,65.68292667021429,66.91242597183843,74.99516710758743,0,0,0,63.61393332036552,65.54860034914152,73.6201220109135,72.41142532063179,61.101066400566594,62.173568246151646,63.257677523658074,64.30919229613087
80.87582121934008,0,68.2773032662257,68.24260593637642,69.37522931209286,70.52950234205957,79.26918272999636,76.75883860425365,67.19080650315226,68.31031636949744,0,68.1782218307961,77.824321401146,76.4622489707604,66.23634124842194,67.07312423759097,67.09664480079945,67.05680519916213,76.42966032067736,75.32831502123412,66.12205690365245,65.00016703407852,65.87595890936781,67.10441372976724,75.18834063092783,0,0,0,63.807968756090915,65.74173220297723,73.81329553503222,72.60459884612858,61.2994771982643,62.37044711147523,63.453169772093986,64.50361158867919
81.06706300714669,0,68.45948676877855,68.42392092345905,69.55566125870556,70.70993428867226,79.4604245178081,76.9500803920835,67.37862137159209,68.49802785186475,0,68.35865377740882,78.01556318897583,76.65349075863091,66.42512069812338,67.2617361835149,67.28620216347862,67.2383432399867,76.62090210855685,75.51955680918392,66.31170199222612,65.18971796166107,66.06625241610779,67.29375087678746,75.37958241890017,0,0,0,63.99917985116706,65.93211606892339,74.00453732342974,72.79584063527898,61.49469059754471,62.56425898757053,63.64571309252423,64.6951732594745
81.25639237707522,0,68.63971807727627,68.60335664565184,69.73428888585212,70.88856191581884,79.64975388773944,77.13940976202474,67.56401419790016,68.6833181122673,0,68.53728140455537,78.20489255891708,76.84282012859433,66.61147559357337,67.44785902197548,67.47318806072285,67.41798378665085,76.8102314785252,75.70888617919069,66.49891379522737,65.37671254376886,66.2539035138656,67.48052616599776,75.56891178891927,0,0,0,64.18767020964631,66.11984899050462,74.19386669368109,72.9851700059416,61.68684185646972,62.755128048818165,63.83542162292924,64.8839836754352
81.44382845330446,0,68.81802795859873,68.78093759862887,69.91113023672723,71.06540326669395,79.83718996397022,77.32684583826092,67.74705611832981,68.8662582960108,0,68.71412275543048,78.39232863515326,77.03025620484266,66.79547648064333,67.63156964669103,67.65768641128884,67.59575288529784,76.99766755477619,75.89632225546266,66.6837629436831,65.5612332590048,66.43900169223677,67.66482216840863,75.75634786519797,0,0,0,64.3735359837965,66.30502112428516,74.3813027700867,73.17260608257185,61.876056102245,62.94316927902596,64.02240116236965,65.07014152501775
81.62939016877142,0,68.99444590172999,68.95668754105729,70.0862031740936,71.2404762040603,80.022751679438,77.51240755373166,67.92781350992551,69.04691478772722,0,68.88919569279685,78.577890350624,77.21581792032002,66.97718920501906,67.81293969674182,67.83977528242833,67.77167571266301,77.18322927025503,76.08188397095296,66.86631536860179,65.74335685913537,66.62163017449308,67.84671578432835,75.94190958069194,0,0,0,64.5568664939516,66.48771631107971,74.56686448564997,73.3581677982579,62.06244917723307,63.1284892378439,64.2067498652845,65.2537384564852
81.81309626708371,0,69.16900021427126,69.13062954443178,70.25952538208628,71.41379841205298,80.20645777775076,77.69611365204601,68.10634838744811,69.22534960842206,0,69.06251790078953,78.76159644893833,77.39952401863798,67.15667530395012,67.99203599613725,68.01952738005475,67.94577663720915,77.36693536857379,76.265590069278,67.04663269255383,65.92315484858592,66.80186643704965,68.0262787115386,76.12561567901898,0,0,0,64.73774479589662,66.66801259888614,74.7505705840149,73.54187389668984,62.24612841346452,63.311186762398414,64.38855887710065,65.43485966223032
81.99496530441287,0,69.34171811076018,69.30278603874486,70.43111436799906,71.58538739796576,80.38832681508016,77.87798268937632,68.28271876617418,69.4016207783866,0,69.23410688670229,78.94346548626865,77.58139305597024,67.33399236432165,68.16892095558676,68.19701049683403,68.11807927513443,77.54880440590648,76.44745910661413,67.22477258759703,66.10069392277144,66.97978268495774,68.203577873912,76.3074847163562,0,0,0,64.91624820022682,66.84598272162205,74.9324396213728,73.72374293408438,62.42719334168552,63.4913536096186,64.56791291611314,65.61358441371159
82.17501565136874,0,69.51262579350242,69.47317885435126,70.6009874640527,71.75526049401941,80.56837716203619,78.05803303633282,68.45697899351529,69.57578264892102,0,69.40397998275594,79.12351583322516,77.76144340292782,67.5091943499541,68.3436529397366,68.37228792182209,68.28860654169308,77.72885475286431,76.62750945357378,67.40078910245191,66.27603636880764,67.15544628714733,68.37867581381718,76.48753506331646,0,0,0,65.09244874774957,67.02169453740133,75.11248996834438,73.90379328107596,62.605736340471665,63.6690750442661,64.74489080617724,65.78998655117731
82.35326549485505,0,69.68174852656095,69.64182926035369,70.76916182914582,71.92343485911252,80.74662700552257,78.23628287981947,68.62918005214765,69.74788620556015,0,69.57215434784905,79.30176567671181,77.93969324641508,67.6823319007879,68.51628660285128,68.54541881495936,68.45738069823071,77.90710459635169,76.80575929706218,67.5747329615794,66.44924043184172,67.3289201748308,68.55163105137356,76.66578490680519,0,0,0,65.26641364465063,67.19521142977315,75.29073981183925,74.08204312458179,62.78184323047214,63.84443037725707,64.91956596437117,65.96413493199995
82.5297328399065,0,69.84911070349229,69.80875799980896,70.93565445058798,72.08992748055469,80.92309435057405,78.4127502248711,68.79936983711119,69.91797934526093,0,69.73864696929122,79.47823302176344,78.11616059146704,67.8534526063783,68.68687319566261,68.71645854944745,68.62442339530227,78.08357194140372,76.98222664211478,67.7466518385855,66.62036064996282,67.50026320618926,68.72249841336026,76.84225225185796,0,0,0,65.43820566083394,67.3665926750558,75.46720715689538,74.25851046964387,62.955593818421086,64.01749345847887,65.09200684743712,66.13609384112107
82.70443551150744,0,70.01473590936844,69.97398532202759,71.10048214581573,72.25475517578245,81.09779702217502,78.58745289647213,68.96759340912384,70.08610712979835,0,69.90347466451898,79.65293569336446,78.29086326306825,68.02260125591789,68.8554608458734,68.88545902477284,68.78975571220886,78.25827461300497,77.15692931371635,67.91659060616729,66.7894481603975,67.66953050019917,68.89132933434676,77.01695492345962,0,0,0,65.60788349455498,67.5358937786344,75.64190982849888,74.43321314125063,63.12706239516264,64.18833312794902,65.26227736048672,66.30592336681146
82.87739115639236,0,70.17864697757659,70.13753101221683,71.26366156409121,72.41793459405791,81.27075266705995,78.76040854135711,69.13389322616364,70.25231201742248,0,70.06665408279446,79.82589133824943,78.46381890795331,68.18982006681131,69.02209481458867,69.05246895290396,68.95339819326023,78.43123025789005,77.3298849586016,68.08459156462425,66.95655097946201,67.8367737422161,69.05817213239612,77.18991056834494,0,0,0,65.7755021062035,67.70316678284838,75.81486547338521,74.60616878613874,63.296318191577825,64.35701362883938,65.4304372311638,66.47367974468096
83.04861724482843,0,70.34086604184601,70.29941441869452,71.42520918818391,72.57948221815063,81.44197875549604,78.93163462979321,69.298309355193,70.41663407465235,0,70.22820170688716,79.99711742668555,78.63504499638947,68.35514889365326,69.1868177307504,69.21753411997112,69.11537088104348,78.60245634632622,77.50111104703784,68.25069465078285,67.12171425853143,68.00204146370936,69.22307226149249,77.36113665678121,0,0,0,65.94111302385129,67.86846054887386,75.98609156182206,74.77739487457656,63.463425795973215,64.52359498559193,65.59654235218667,66.63941567262455
83.21813107238015,0,70.50141458391293,70.45965447788299,71.5851413360357,72.73941436600242,81.61149258304775,79.10114845734495,69.46087966573909,70.57911116991971,0,70.38813385473895,80.16663125423729,78.80455882394124,68.51862541929971,69.34966980547347,69.3806976255387,69.27569334695508,78.771970173878,77.67062487458968,68.41493762902473,67.28498051808906,68.16537929834047,69.38607254266388,77.53065048433304,0,0,0,66.1047646229576,68.03182101480184,76.15560538937419,74.94690870212922,63.62844553619151,64.68813335007906,65.7606450949464,66.8031805991644
83.38594976165635,0,70.66031347719888,70.61826973727275,71.743474162409,72.8977471923757,81.77931127232395,79.26896714662116,69.62164000689445,70.73977915062869,0,70.54646668111224,80.33444994351349,78.97237751321747,68.6802853295774,69.51068902801542,69.54200010139904,69.43438471923012,78.93978886315423,77.83844356386592,68.57735626596056,67.44638986174415,68.32683021639093,69.54721337560373,77.69846917360933,0,0,0,66.26650238242384,68.19329143192797,76.3234240786506,75.11472739140594,63.791433829428534,64.8506813185132,65.92279459661071,66.96502098744003
83.55209026403979,0,70.81758302684526,70.77527837653017,71.90022366051853,73.05449669048525,81.94545177470741,79.4351076490046,69.78062436916876,70.89867200506146,0,70.70321617922178,80.50059044589695,79.13851801560091,68.84016247304245,69.66991134496459,69.70147991164941,69.59146370868316,79.10592936553768,78.0045840662494,68.7379844901607,67.60598017194101,68.48643473937662,69.70653293244283,77.8646096759928,0,0,0,66.42636911900244,68.35291258109898,76.48956458103419,75.28086789378965,63.9524435024893,65.0112882215813,66.08303702297691,67.12498055690797
83.7165693613994,0,70.97324300641729,70.93069822690825,72.05540566364698,73.20967869361368,82.10993087206701,79.59958674636422,69.93786503249756,71.05582201043664,0,70.85839818235023,80.66506954325655,79.30299711296053,68.99828900707764,69.82737082409317,69.85917333566353,69.74694863235658,79.2704084628973,78.16906316360901,68.89685453823047,67.76378728893614,68.64423113652926,69.86406733518315,78.02908877335241,0,0,0,66.58440520189632,68.51072297080475,76.65404367839385,75.44534699114942,64.11152408498526,65.17000039007081,66.24141580912708,67.283100504639
83.8794036677854,0,71.1273126915639,71.08454678910554,72.20903584674413,73.36330887671085,82.27276517845301,79.76242105275023,70.09339270160181,71.21125986831497,0,71.01202836544738,80.82790384964257,79.46583141934653,69.15469553150638,69.9830998041972,70.01511473542888,69.90085743525536,79.43324276928331,78.33189746999504,69.05399708840746,67.919845174483,68.80025560468349,70.01985081817803,78.19192307973843,0,0,0,66.74064874922858,68.66675901856246,76.8168779847799,75.60818129753551,64.26872207776317,65.32686139806266,66.3979718797654,67.43941970794019
84.04060963110754,0,71.27981089089499,71.23684124970599,72.36112972801034,73.51540275797704,82.43397114177515,79.92362701607237,70.24723662978941,71.36501482844244,0,71.16412224671357,80.98910981296471,79.62703738266869,69.30941121079947,70.13712903213205,70.1693367085953,70.05320771033206,79.59444873260547,78.4931034333172,69.20944138275638,68.07418606154017,68.95454243297809,70.17391587692497,78.35312904306059,0,0,0,66.89513580792064,68.82105521700831,76.97808394810207,75.7693872608577,64.42408119866273,65.48191228559058,66.55274385095903,67.59397490988432
84.20020353479647,0,71.43075597431489,71.38759849632088,72.51170267046386,73.66597570043058,82.59356504546408,80.08322091976129,70.39942473219416,71.51711480202839,0,71.31469518916711,81.14870371665361,79.78663128635762,69.4624638858585,70.28948778814647,70.32187022846435,70.20401671687094,79.7540426362944,78.65269733700613,69.36321533894406,68.2268405912063,69.10712415365965,70.32629340433127,78.51272294674952,0,0,0,67.04790051838661,68.97364428599253,77.13767785179101,75.92898116454666,64.57764260752296,65.6351917625065,66.70576821485747,67.74680088919408
84.35820149944851,0,71.58016589903053,71.53683513154395,72.66076988349288,73.81504291345958,82.75156301011612,80.24121888441333,70.54998368936364,71.66758646536876,0,71.46376240219611,81.30670168130565,79.94462925100963,69.61388017627368,70.44020400052445,70.47274477204228,70.35330139740854,79.91204060094641,78.81069530165816,69.51534565249295,68.37783793797978,69.25803168016861,70.47701281551386,78.67072091140156,0,0,0,67.19897526533198,69.1245573118639,77.29567581644305,76.08697912919871,64.72944511219468,65.78673639514341,66.85707950883288,67.8979306158072
84.51461948445403,0,71.72805823343383,71.68456748582071,72.80834642439157,73.96261945435828,82.90798099512162,80.39763686941883,70.69893904202716,71.81645535464683,0,71.61133894309482,81.46311966631116,80.10104723601515,69.7636855738779,70.58930435045534,70.62198843718424,70.50107839331494,80.06845858595193,78.96711328666366,69.6658578903329,68.52720592434886,69.40729443358703,70.62610216210496,78.82713889640708,0,0,0,67.34839081583594,69.27382387502936,77.45209380144857,76.24339711420424,64.87952535716812,65.93658077723403,67.00671047036163,68.04739539333556
84.66947328960948,0,71.87445017904065,71.8308116293244,72.95444719988129,74.10872022984799,83.06283480027709,80.55249067457429,70.84631527780414,71.96374595267163,0,71.75743971858454,81.61797347146663,80.2559010411706,69.9119045283461,70.73681436797543,70.76962804976698,70.6473640591505,80.22331239110738,79.12196709181913,69.81477657640153,68.6749711256287,69.55494045843612,70.77358823695322,78.98199270156252,0,0,0,67.49617644579659,69.42147216678279,77.60694760660402,76.3982509193597,65.02791799628864,66.08475768641874,67.15469217885533,68.19522498952928
84.82277855671339,0,72.01935859065257,71.97558338292357,73.0990869676161,74.2533599975828,83.21614006738098,80.70579594167819,70.99213591054722,72.10948176824861,0,71.90207948631935,81.77127873857053,80.4092063082745,70.05856052552635,70.88275851974912,70.91568926174864,70.79217447590179,80.37661765821129,79.27527235892303,69.96212526997745,68.82115896588546,69.70099652872774,70.91949667003433,79.13529796866644,0,0,0,67.64236005572677,69.5675290963123,77.76025287370791,76.5515561864636,65.17465585090879,66.23129822756432,67.30105418554771,68.34144775576205
84.97455077114626,0,72.16279999489424,72.11889832831798,73.24228033767358,74.39655336764028,83.36791228181387,80.85756815611107,71.1364235529546,72.2536854088175,0,72.04527285637681,81.9230509530034,80.56097852270737,70.20367615912774,71.02716028939312,71.06019664089847,70.9355254631923,80.52838987264414,79.4270445733559,70.1079266373729,68.96579380571312,69.84548824509726,71.06385201631639,79.2870701830993,0,0,0,67.78696827680423,69.71202038871907,77.9120250881408,76.70332840089645,65.31977005471089,66.37623196401152,67.44582463244971,68.48609073646901
85.1248052634348,0,72.30479060726488,72.26077181741388,73.38404177403048,74.53831480399718,83.5181667741024,81.00782264839962,71.27919998303163,72.39637864693685,0,72.18703429273371,82.07330544529195,80.71123301499591,70.34727319633801,71.17004225098606,71.20317375291293,71.0774325905554,80.67864436493268,79.57729906564443,70.252202517557,69.1088990225639,69.98844012377515,71.2066778362618,79.43732467538781,0,0,0,67.93002656800384,69.85497067480938,78.06227958042933,76.853582893185,65.46329018632989,66.51958703777446,67.58903036129959,68.62917976938846
85.27355721080045,0,72.44534634783113,72.40121898100286,73.52438559602379,74.67865862599051,83.66691872146805,81.15657459576526,71.42048620493068,72.53758248114559,0,72.32737811472704,82.2220573926576,80.85998496236158,70.48937263789328,71.31142613634982,71.34464323657308,71.21791118784846,80.82739631229835,79.72605101301008,70.39497398223233,69.25049708427284,70.1298756780901,71.34799676959047,79.58607662275347,0,0,0,68.07155930506843,69.99640357335785,78.21103152779497,77.00233484055066,65.60524439081068,66.66139027962862,67.73069701335669,68.77073957738715
85.42082163869244,0,72.58448285567768,72.54025473680355,73.66332597979718,74.8175990097639,83.81418314936005,81.30383902365726,71.56030250465402,72.67731719168522,0,72.46631849850044,82.36932182054959,81.00724939025358,70.62999477307753,71.45133289663947,71.48462687254072,71.35697635488154,80.97466074019034,79.87331544090209,70.53626139084248,69.39060961636099,70.26981749313815,71.48783060287508,79.73334105064548,0,0,0,68.21158986201156,70.13634176647984,78.35829595568697,77.14959926844264,65.74565949084638,66.80166730994496,67.87084912081471,68.91079385258305
85.56661342230552,0,72.72221550222126,72.67789379691975,73.80087695973285,74.95514998969956,83.95997493297311,81.44963080727032,71.69866850106146,72.81560239152554,0,72.6038694784361,82.51511360416265,81.15304117386664,70.76915923008839,71.5897827587309,71.62314564634067,71.49464297032713,81.12045252380342,80.01910722451517,70.67608444094644,69.52925746365254,70.40828729419773,71.62620033149184,79.87913283425857,0,0,0,68.35014068578606,70.27480706869771,78.50408773930005,77.29539105205572,65.88456108866399,66.94044263105437,68.00951019054558,69.04936533341841
85.71094728808247,0,72.85855940348543,72.81415067476449,73.93705242986915,75.09132545983587,84.10430879875008,81.59396467304728,71.83560319258689,72.95245707309765,0,72.7400449485724,82.65944746993961,81.29737503964357,70.90688502216784,71.7267952768547,71.76021980602819,71.6309256999715,81.26478638958034,80.16344109029211,70.81446221435861,69.66646074669416,70.54530600942209,71.763126216405,80.02346670003551,0,0,0,68.48723336469851,70.41182049023543,78.648421605077,77.43972491783266,66.02197365935052,67.07773971186087,68.14670278082421,69.18647587528102
85.85383781520164,0,72.99352943142465,72.94903969149472,74.0718661453041,75.2261391752708,84.24719932586925,81.73685520016646,71.971125000033,73.08789965110364,0,72.87485866400735,82.80233799705879,81.44026556676276,71.04319058986215,71.86238937988473,71.8958689149985,71.7658390043633,81.40767691669953,80.30633161741125,70.95141321941857,69.80223891342322,70.68089382729468,71.89862783622324,80.16635722715466,0,0,0,68.62288869110075,70.54740229503122,78.7913121321962,77.58261544495186,66.15792063634521,67.21358106536123,68.28244857162932,69.32214651522087
85.99529943704962,0,73.12714022437812,73.08257498199808,74.20533172358468,75.35960475355138,84.38866094771723,81.87831682201444,72.10525180578148,73.22194800174066,0,73.00832424228793,82.94379961890678,81.58172718861074,71.17809383974425,71.99658341465529,72.03011190035573,71.89939714591064,81.54913853854752,80.44779323925925,71.08695542972343,69.93661078649332,70.81507024929263,72.03272413492887,80.30781884900264,0,0,0,68.75712671884446,70.68157205391587,78.93277375404415,77.72407706679985,66.29242448976244,67.34798831967194,68.4167684290652,69.4563975312629
86.13534644267912,0,73.25940619672828,73.21477050046919,74.33746264608244,75.49173567604916,84.52870795334674,82.01836382764395,72.2380009897267,73.35461949864727,0,73.1404551647857,83.08384662453629,81.72177419424027,71.31161217990226,72.12939518564849,72.16296709722218,72.0316141954724,81.68918554417704,80.58784024488877,71.22110631962695,70.06959460662958,70.94785413816447,72.1654334656465,80.44786585463216,0,0,0,68.88996681594304,70.81434869336694,79.07282075967363,77.86412407242933,66.42550679815314,67.48098228311467,68.54968246440326,69.58924849677385
86.27399297825232,0,73.39034154783064,73.34564002560981,74.46827225935525,75.62254528932198,84.66735448891995,82.15701036321715,72.36938946221505,73.48593104585429,0,73.27126477805851,83.2224931601095,81.86042072981348,71.44376255247255,72.26084199136395,72.29445228933687,72.16250403848703,81.82783207975025,80.72648678046198,71.35388289678289,70.20120807235496,71.07926376219538,72.29677363078713,80.58651239020537,0,0,0,69.02142771284795,70.94575054021371,79.21146729524685,78.00277060800252,66.55718831426113,67.61258300386407,68.68121008819917,69.72071833030314
86.4112530484698,0,73.5199602702775,73.4751971654843,74.59777377649534,75.75204680646205,84.80461455913742,82.29427043343465,72.4994336942466,73.615899107997,0,73.4007662951986,83.35975323032697,81.99768080003095,71.57456146347089,72.39094065765572,72.42458474626194,72.29208038067691,81.96509214996772,80.86374685067948,71.48530173198714,70.33146837639909,71.20931683579971,72.42676191887479,80.72377246042288,0,0,0,69.15152754671185,71.07579536263651,79.34872736546434,78.14003067822,66.68748902528404,67.74280982461882,68.81137005990375,69.85082534128098
86.5471405179851,0,73.64827615755145,73.60345536205895,74.72598027846402,75.88025330843071,84.9405020286527,82.43015790294993,72.6281497451747,73.74453973802449,0,73.52897279716726,83.49564069984227,82.13356826954626,71.7040250101543,72.51970756829716,72.55338125748743,72.42035675336423,82.10097961948303,80.99963432019476,71.61537898654971,70.46039223907422,71.33803055675322,72.55541513833688,80.85965992993815,0,0,0,69.28028390197886,71.20450040777432,79.48461483497967,78.27591814773531,66.81642820810434,67.87168143271829,68.94018053334948,69.97958727192541
86.68166911280525,0,73.77530281112057,73.73042789545175,74.85290471541299,76.0071777453797,85.07503062347286,82.56468649777007,72.75555328811826,73.87186860262067,0,73.65589723411624,83.6301692946624,82.2680968643664,71.83216890612486,72.64715869301193,72.68085816370119,72.54734651843076,82.23550821430318,81.13416291501491,71.74413043740984,70.58799593887834,71.46542164034996,72.68274964851553,80.9941885247583,0,0,0,69.4077138476141,71.33188243622837,79.61914342979979,78.4104467425555,66.94402447991753,67.999215906091,69.06765909846243,70.10702133567948
86.8148524216772,0,73.90105364702244,73.85612788791626,74.97855990799249,76.13283293795921,85.2082139323448,82.69786980664202,72.88165963328285,73.99790100553348,0,73.78155242669574,83.76335260353434,82.40128017323832,71.95900850437012,72.77330961318835,72.80703138546652,72.67306287295112,82.3686915231751,81.26734622388688,71.87157150018632,70.71429534056367,71.5915063507445,72.80878138813556,81.12737183363026,0,0,0,69.53383397125756,71.4579577537247,79.75232673867174,78.54363005142741,67.07029584464773,68.12543075538827,69.19382281951971,70.23314425247291
86.94670389746042,0,74.02554190197989,73.98056830758156,75.1029585486462,76.25723157861292,85.34006540812804,82.82972128242524,73.00648374937039,74.12265190899187,0,73.90595106734945,83.89520407931757,82.53313164902156,72.08455881841626,72.89817554547635,72.93191644953008,72.79751885352637,82.50054299895832,81.39919769967005,71.99771725034174,70.83930592088733,71.71630052971905,72.93352590144426,81.25922330941346,0,0,0,69.6586604105629,71.58274224017661,79.88417821445498,78.67548152721064,67.19525973550776,68.25034296262649,69.31868827024549,70.35797228107722
87.07723685848582,0,74.14878063908827,74.10376197196857,75.22611320289337,76.38038623286009,85.47059836915342,82.96025424345063,73.13004028324079,74.24613595337429,0,74.02910572159662,84.02573704034297,82.66366461004694,72.20883454175664,73.02177136344825,73.05552851296294,72.92072734034336,82.63107595998372,81.52973066069546,72.12258244262085,70.96304279224329,71.83981962309305,73.05699836222045,81.38975627043887,0,0,0,69.7822088819607,71.70625137636706,80.01471117548036,78.80601448823604,67.31893305403072,68.37396901663446,69.44227156601319,70.48152124880082
87.20646448990097,0,74.27078275310969,74.2257215513005,75.34803631059808,76.50230934056479,85.59982600056857,83.08948187486577,73.25234357797609,74.3683674752787,0,74.15102882930132,84.15496467175811,82.7928922414621,72.33185006570274,73.14411161748968,73.17788238532056,73.04270106098184,82.76030359139888,81.6589582921106,72.2461815289122,71.0855207243567,71.96207870497602,73.17921359583293,81.51898390185399,0,0,0,69.90449470706415,71.82850026845304,80.14393880689549,78.93524211965118,67.44133220587258,68.49632494557608,69.56458839339966,70.60380657874929
87.33439984500195,0,74.39156097540749,74.34645957162502,75.46874018722573,76.62301321719244,85.72776135566956,83.21741722996677,73.37340768948316,74.48936052413096,0,74.27173270592898,84.28290002685911,82.92082759656309,72.45361949579329,73.26521055307204,73.2989925489912,73.16345259399058,82.88823894649988,81.7868936472116,72.36852867466683,71.20675416420676,72.08309250004575,73.30018609951374,81.646919256955,0,0,0,70.02553283691721,71.94950367047588,80.27187416199648,79.06317747475215,67.56247313365901,68.61742634679659,69.68565403731536,70.72484331485757
87.46105584655193,0,74.51112787855118,74.46598841776262,75.58823702508711,76.74251005505381,85.85441735721953,83.34407323151675,73.49324640176059,74.60912887745674,0,74.39122954379036,84.40955602840909,83.04748359811308,72.57415666688455,73.38508212754537,73.4188731778877,73.28299437225094,83.01489494804986,81.9135496487616,72.48963777399871,71.32675725432959,72.2028754040198,73.41993006099705,81.77357525850499,0,0,0,70.14533787426815,72.06927600504679,80.39853016354647,79.18983347630213,67.68237134712739,68.73728841421949,69.80548340591622,70.844646144882
87.58644528808641,0,74.62949588061886,74.58432033609571,75.70653889456986,76.86081192453656,85.97980679875403,83.46946267305124,73.61187324094388,74.72768605493123,0,74.50953141327311,84.53494546994357,83.17287303964754,72.69347515703457,73.5037400255782,73.53753815462478,73.40133868614569,83.14028438958431,82.03893909029608,72.60952246357859,71.44554384963976,72.32144150247308,73.53845937566214,81.89896470003947,0,0,0,70.26392409403586,72.18783138236184,80.52391960508096,79.3152229178366,67.80104195079305,68.8559259635011,69.9240910534848,70.96322942152608
87.71058083520555,0,74.74667724922253,74.701467437211,75.82365774535778,76.9779307753245,86.10394234587316,83.59359822017039,73.72930148823322,74.84504533131124,0,74.62665026406103,84.65908101706272,83.29700858676668,72.8115883002849,73.6211976733598,73.65500108631063,73.51849768654859,83.26441993670345,82.16307463741518,72.72819613542502,71.56312753289706,72.43880458814182,73.65578766230668,82.02310024715858,0,0,0,70.38130546212204,72.30518361768779,80.6480551522001,79.43935846495577,67.91849966934988,68.97335345513318,70.0414912014532,71.08060718185665
87.83347502685349,0,74.86268410527921,74.81744169840705,75.93960540763783,77.09387843760453,86.22683653752111,83.71649241181832,73.84554419179973,74.96121974834502,0,74.74259792634109,84.78197520871066,83.41990277841464,72.92850919843323,73.73746825167146,73.77127531907176,73.6344833876494,83.3873141283514,82.28596882906314,72.84567194868654,71.67952162893407,72.55497817684171,73.77192827766629,82.14599443880653,0,0,0,70.49749565270949,72.42134624744806,80.77094934384803,79.56225265660372,68.03475887099675,69.0895850156673,70.1576977577244,71.1967931651564
87.95514027658496,0,74.97752842654921,74.93225496607762,76.05439359329507,77.20866662326179,86.34850178725256,83.83815766154977,73.96061417775678,75.07622212574702,0,74.85738611199832,84.90364045844211,83.5415680281461,73.04425073188392,73.85256470792224,73.88637395141923,73.74930766962754,83.50897937808288,82.40763407879462,72.96196284050085,71.7947392177511,72.66997552211804,73.88689432978636,82.267659688538,0,0,0,70.61250806417422,72.53633254402729,80.89261459357948,79.68391790633517,68.14983358886586,69.20463445721985,70.27272433443682,71.31180082934405
88.0755888738191,0,75.09122205095979,75.04591895798033,76.16803389709575,77.32230692706247,86.46895038448672,83.95860625878393,74.07452406027652,75.19006507131763,0,74.971026415799,85.02408905567627,83.66201662538025,73.15882556965414,73.96649976723866,74.00030984655461,73.8629822811863,83.62942797531701,82.52808267602877,73.07708153601008,71.90879314657369,72.78380962873455,74.00069869034263,82.38810828577218,0,0,0,70.72635583372944,72.65015552940275,81.01306319081364,79.8043665035693,68.26373754071356,69.31851529540349,70.38658426430298,71.42564336608392
88.19483298508091,0,75.20377667973283,75.15844526540033,76.28053779785843,77.43481082782515,86.58819449574852,84.07785037004575,74.18728625092434,75.30276099028023,0,75.08353031656168,85.14333316693808,83.78126073664205,73.27224617860828,74.07928594268823,74.11309564370664,73.97551884195916,83.74867208657882,82.64732678729055,73.19104055760371,72.02169604096274,72.89649326509948,74.11335400599968,82.50735239703396,0,0,0,70.83905185090785,72.76282798770144,81.13230730207547,79.92361061483112,68.37648414702085,69.43124076581786,70.49929061564367,71.53833371469528
88.31288465523009,0,75.31520388033212,75.26984535521625,76.39191665961347,77.5461896895802,86.7062461658977,84.19590204019492,74.2989129672777,75.41432209390273,0,75.19490917831673,85.26138483708726,83.89931240679125,73.38452483198579,74.19093554471112,74.2247437685809,74.08692884479775,83.86672375672802,82.76537845743975,73.30385223345483,72.13346031505671,73.00803897471859,74.22487270888816,82.62540406718314,0,0,0,70.9506087699811,72.87436247677405,81.25035897222463,80.04166228498032,68.48808654763786,69.54282383922173,70.61085620622727,71.6498845749631
88.4297558086778,0,75.42551508924464,75.38013057187665,76.50218173275098,77.6564547627177,86.82311731934541,84.3127731936426,74.40941624089042,75.52476040746377,0,75.30517425145423,85.37825599053492,84.01618356023893,73.49567361728268,74.30146068982705,74.33526644299785,74.19722365795133,83.98359491017571,82.88224961088744,73.41552870540988,72.24409818102038,73.11845908675704,74.33526702627503,82.74227522063084,0,0,0,71.06103902140588,72.98477133886817,81.36723012567234,80.15853343842802,68.5985576170959,69.6532772354979,70.72129361601539,71.7603084189429
88.54545825059101,0,75.53472161460967,75.48931213929349,76.61134415515711,77.76561718512382,86.93881976125863,84.42847563555583,74.5188079246575,75.63408777761998,0,75.41433667386036,85.49395843244817,84.13188600215213,73.60570444354174,74.41087330867907,74.44467569378877,74.30641452714572,84.09929735208891,82.99795205280066,73.52608193628676,72.35362165776755,73.2277657257858,74.44454898949496,82.85797766254406,0,0,0,71.17035482237871,73.09406671047695,81.48293256758555,80.27423588034125,68.70790997869932,69.76261343651277,70.83061519890748,71.86961750184446
88.6600036680851,0,75.6428346387079,75.59740116265885,76.71941495333915,77.87368798330587,87.05336517875271,84.54302105304993,74.627099699632,75.74231587922431,0,75.52240747204242,85.60850384994225,84.24643141964624,73.71462904810102,74.51918515347076,74.55298336101171,74.41451257756992,84.21384276958301,83.11249747029473,73.6355237166313,72.46204257901903,73.33597082078057,74.55273044220465,82.97252308003813,0,0,0,71.27856818657506,73.20226053143271,81.59747798507964,80.38878129783531,68.81615601750057,69.87084469796424,70.93883309356814,71.97782387207218
88.77340363140425,0,75.74986522032147,75.70440863019103,76.8264050435394,77.9806780735061,87.16676514207185,84.65642101636908,74.73430308133973,75.84945622164247,0,75.62939756224264,85.7219038132614,84.35983138296538,73.82245900284713,74.6264078048478,74.66020110554628,74.52152881577716,84.32724273290216,83.2258974336139,73.74386567097807,72.56937260075262,73.44308611343716,74.65982304801736,83.08592304335728,0,0,0,71.38569093314098,73.30936455330885,81.71087794839877,80.50218126115446,68.9233078922528,69.97798306030288,71.04595923341535,72.0849393804931
88.8856695950902,0,75.85582429697575,75.81034541481472,76.93232523283763,78.08659826280434,87.2790311057578,84.76868698005501,74.84042942563453,75.95552015460969,0,75.73531775154088,85.83416977694735,84.47209734665134,73.92920572001456,74.73255267827179,74.76634041611881,74.62747413150719,84.43950869658812,83.33816339729987,73.8511192636572,72.67562320809655,73.54912316585978,74.76583829756926,83.19818900704325,0,0,0,71.49173469500077,73.41539034718828,81.82314391208475,80.6144472248404,69.02937754642592,70.08404035880493,71.1520053558396,72.19097568899754
88.9968128991393,0,75.96072268707168,75.91522227578041,77.03718622024289,78.1914592502096,87.3901744098069,84.8798302841041,74.94548993413292,76.06051887366644,0,75.84017873894614,85.94531308099644,84.58324065070045,74.03488045756994,74.83763102992808,74.87141261580713,74.73235929943534,84.55065200063721,83.44930670134896,73.95729580418578,72.78080572171345,73.65409336767569,74.8707875150657,83.30933231109235,0,0,0,71.59671092653767,73.52034931085157,81.93428721613384,80.72559052888951,69.13437671836583,70.18902823286834,71.25698301071925,72.295944278412
89.1068447701479,0,76.06457109191734,76.01904986022761,77.14099859777409,78.29527162774079,87.5002062808155,84.98986215511272,75.04949565926333,76.16446342520896,0,75.94399111647735,86.05534495200506,84.69327252170905,74.1394943242155,74.94165396220815,74.97542886806784,74.83619498085434,84.66068387164583,83.55933857235756,74.06240645227857,72.88493130371731,73.75800794262416,74.97468186435044,83.41936418210095,0,0,0,71.70063091070067,73.62425267543357,82.04431908714244,80.83562239989813,69.23831695066816,70.29295813459757,71.36090356829072,72.39985645581842
89.21577632244642,0,76.16738009766716,76.1218387046953,77.24377285152998,78.39804588149669,87.60913783311402,85.09879370741122,75.15245750896264,76.26736471118664,0,76.04676537023323,86.16427650430356,84.80220407400756,74.24305828404437,75.04463242880155,75.07840018232736,74.93899172529335,84.76961542394434,83.66827012465608,74.16646222251008,72.98801096316423,73.86087795466362,75.07753235453805,83.52829573439948,0,0,0,71.80350576558561,73.72711151159284,82.15325063944096,80.94455395219664,69.34120959883357,70.39584133673655,71.46377822642833,72.5027233613302
89.32361855922196,0,76.26916017717505,76.22359923658406,77.3455193627483,78.49979239271502,87.71698006988954,85.20663594418676,75.25438625104927,76.36923349347602,0,76.14851188145155,86.27211874107908,84.91004631078307,74.3455831608765,75.14657723943063,75.18033741917294,75.04075997207917,84.87745766071986,83.7761123614316,74.26947398865734,73.09005556115102,73.96271431363752,75.17934984524587,83.63613797117502,0,0,0,71.90534645053427,73.82893673523479,82.26109287621651,81.05239618897218,69.44306583926439,70.49768894000508,71.56561801738289,72.60455597436962
89.43038237362974,0,76.5019580422848,76.32434177557259,77.44624840885446,78.60052143882116,87.82374388429734,85.31339975859454,82.354515258263,76.47008039795845,0,76.24924092755771,86.37888255548687,85.01681012519084,81.05161884187115,75.2474990642579,75.41137361992445,75.1415100518436,84.98422147512761,83.88287617583937,81.02357164805767,73.19107581555626,74.18149837121825,75.28014505145882,83.74290178558277,0,0,0,72.00616377179206,73.92973911282587,82.3678566906243,81.15916000337998,77.90322481784033,70.59851187988824,71.66643381402454,72.70536511948946
89.53607854989345,0,76.71935445145745,76.42407653499231,77.54597016449954,78.70024319446625,87.92944006056105,85.41909593485826,83.1260167203383,76.56991591832633,0,76.34896268320279,86.48457873175059,85.12250630145455,82.5077442228769,76.01413992890085,75.61431980947422,75.25413429813074,85.08991765139132,83.98857235210305,82.44068178976774,73.96132119080058,74.38445877281465,75.37992854805765,83.84859796184645,0,0,0,72.19940109558202,74.02952926633256,82.47355286688799,81.26485617964367,79.66289323660932,70.69832093292531,71.76623633563149,72.80516147177596
89.64071776439451,0,76.92292839321283,76.52281362316216,77.64469470258817,78.79896773255487,88.03407927506211,85.52373514935933,83.37540674916684,76.73475683723987,0,76.44768722129143,86.58921794625167,85.22714551595563,82.80812814325252,76.25745774651722,75.86210043757973,75.36435540174949,85.19455686589241,84.09321156660413,82.80884347811744,74.72888773938513,74.63132501325053,75.47998610294353,83.95323717634751,0,0,0,72.38915545389874,74.1375675158912,82.57819208138902,81.36949539414474,80.09501895512643,70.79712672253936,71.87428599133669,72.90395556186873
89.74431058675056,0,77.11408774704569,76.62709768002964,77.74243199529592,78.89670502526262,88.13767209741818,85.62732797171539,83.50817283540266,76.89917428069224,0,76.54542451399917,86.69281076860773,85.3307383383117,82.952140021138,76.44228004459636,76.09334304824155,75.4779874073564,85.29814968824847,84.1968043889602,82.9579037512661,74.98248321588707,74.91346205695368,75.5808393623777,84.05682999870359,0,0,0,72.61415498450363,74.24629456754047,82.68178490374505,81.47308821650076,80.26345410527766,70.90226559620146,71.98201350807832,73.00999938635317
89.84686748088305,0,77.29473485294065,76.73110706438582,77.83919191507658,78.9934649450433,88.24022899155065,85.72988486584786,83.62340030264876,77.05801442504622,0,76.64218443377983,86.7953676627402,85.4332952324442,83.06208634602308,76.60964885417683,76.30603417195064,75.58953793019153,85.40070658238099,84.29936128309271,83.06896340952449,75.17155101033408,75.1316966294555,75.68272869051793,84.1593868928361,0,0,0,72.87064645475968,74.3592092806555,82.78434179787757,81.57564511063323,80.37884978031357,71.00840328644591,72.09894019475733,73.11727457404076
89.94839880607422,0,77.46598835334431,76.83376302419441,77.93498423565946,79.08925726562617,88.34176031674184,85.83141619103904,83.73339411244892,77.2106822605743,0,76.7379767543627,86.89689898793138,85.53482655763536,83.16571383160095,76.767391355916,76.50209855583739,75.69827170966569,85.50223790757212,84.40089260828388,83.17206806200863,75.33670723636706,75.32895275456926,75.78564709676407,84.26091821802729,0,0,0,73.08005944833486,74.4764768406963,82.88587312306875,81.6771764358244,80.4829231841236,71.1220244849641,72.22087054094246,73.22889901239017
90.04891481801349,0,77.62873816222505,76.9349075978344,78.02981863303651,79.18409166300322,88.44227632868109,85.93193220297829,83.8410201396125,77.35737463400578,0,76.83281115173975,86.99741499987063,85.63534256957462,83.2672233889185,76.91797377673123,76.6837626997158,75.80431424574007,85.6027539195114,84.50140862022312,83.27294735322818,75.49137501472669,75.51077513520319,75.88953260712297,84.36143422996652,0,0,0,73.26862767423295,74.59032959325123,82.98638913500803,81.77769244776368,80.58394252762939,71.24109031644932,72.34208008675147,73.3448968436114
90.14842566983334,0,77.78376155472812,77.0345522983171,78.12370468643977,79.27797771640648,88.54178718050098,86.03144305479817,83.94679049832202,77.49847596621458,0,76.92669720514301,87.09692585169051,85.73485342139448,83.36747409689434,77.06218833290737,76.85304657239958,75.907906049778,85.70226477133124,84.600919472043,83.37259253068923,75.63862375752585,75.68024991273802,75.99357956490154,84.46094508178639,0,0,0,73.44257067656186,74.70254659432233,83.08589998682788,81.87720329958357,80.68355303909945,71.36066331136412,72.46461836847769,73.4585517539609
90.246941413135,0,77.93175222279613,77.13274390984893,78.216651879309,79.37092490927571,88.64030292380261,86.12995879809985,84.05087522891078,77.63437028773316,0,77.01964439801225,87.19544159499219,85.83336916469617,83.46662282961654,77.20062451150204,77.01165222922631,76.00927849606884,85.80078051463293,84.69943521534465,83.47119481798883,75.77948456156194,75.83920101426078,76.09734982716795,84.55946082508804,0,0,0,73.60512454070604,74.81328162521955,83.18441573012954,81.97571904288523,80.78208851501188,71.48138908348443,72.58398470459595,73.5708107448247
90.34447199900366,0,78.0733328775864,77.22953259397335,78.30866960024956,79.46294263021626,88.73783350967128,86.22748938396849,84.15336649828393,77.7654247415984,0,77.1116621189528,87.29297218086082,85.93089975056482,83.56471331308244,77.33377049871011,77.16100896329675,76.10863050502992,85.89831110050159,84.79696580121332,83.5687966376659,75.91462380050234,75.9890351700315,76.20053451512457,84.6569914109567,0,0,0,73.75806941372117,74.92252327354363,83.2819463159982,82.07324962875387,80.87962300793745,71.59983092456991,72.70080392518605,73.68144379666651
90.44102727901362,0,78.20906332073284,77.32496709961924,78.39976714398068,79.55404017394739,88.83438878968124,86.32404466397847,84.25433816497926,77.89198340152159,0,77.20275966268393,87.3895274608708,86.02745503057476,83.66176675290637,77.46206290070747,77.30231679830129,76.20613070557495,85.99486638051152,84.8935210812233,83.66541439968503,76.04457158394045,76.13091977217807,76.30290756005745,84.75354669096669,0,0,0,73.90269453070417,75.03020201201788,83.37850159600816,82.16980490876384,80.97617906154468,71.71580323181219,72.81513194751169,73.79048095710996
90.5366170062235,0,78.33944716163526,77.41909367764563,78.4899537122745,79.6442267422412,88.9299785168911,86.41963439118831,84.35385555116122,78.01436682403744,0,77.29294623097775,87.48511718808065,86.12304475778464,83.75779988811696,77.58589512557465,77.4365860712766,76.30192195572941,86.09045610772141,84.98911080843313,83.7610596304354,76.16979090037476,76.26583533951042,76.4042997266072,84.84913641817651,0,0,0,74.04004521729452,75.13625954529499,83.47409132321803,82.26539463597372,81.0717689419268,71.82931354232807,72.92712573937446,73.89787567107571
90.63125083616126,0,78.46493769510393,77.51195592978803,78.57923841488538,79.73351144485207,89.02461234682885,86.51426822112606,84.45197789574661,78.13287241615646,0,77.38223093358863,87.5797510180184,86.21767858772239,83.8528280511435,77.70562273461762,77.56467005950017,76.39612570960797,86.18508993765917,85.0837446383709,83.85574285261572,76.29069154147976,76.39461114052229,76.50458535207433,84.94377024811429,0,0,0,74.1709957603886,75.24065955496927,83.56872515315578,82.36002846591148,81.16640280219269,71.94048766696552,73.03686745620219,74.00359269950819
90.72493832779965,0,78.58594312338661,77.60359483083772,78.66763027047014,79.82190330043684,89.11829983846727,86.60795571276446,84.54875924001033,78.24777524137208,0,77.47062278917339,87.67343850965678,86.31136607936077,83.94686579556401,77.82156726654964,77.68729178310247,76.48884568054389,86.27877742929753,85.1774321300093,83.94947427306191,76.40763825113783,76.51795109958599,76.60367334003602,85.03745773975268,0,0,0,74.29628589951409,75.3433854750633,83.66241264479417,82.45371595754985,81.26009029983605,72.0494155833713,73.14442387645298,74.10760792295098
90.81768894452165,0,78.70283121119041,77.69404881136111,78.75513820749907,79.90941123746578,89.21105045518927,86.70070632948648,84.64424900748557,78.35932903880803,0,77.55813072620231,87.7661891263788,86.40411669608277,84.03992705264787,77.93401959145467,77.80506597397941,76.58017085792632,86.37152804601955,85.27018274673127,84.04226391376133,76.52095638699946,76.63645493974334,76.70150016971363,85.13020835647467,0,0,0,74.41654473695526,75.44443675139169,83.75516326151617,82.54646657427185,81.35284091774702,72.15616799565827,73.24985574279792,74.20991244439112
90.90951205507643,0,78.8159334414954,77.783353867506,78.8417710651577,79.9960440951244,89.30287356574405,86.79252944004125,84.73849248107328,78.46776737061472,0,77.64476358386095,87.85801223693359,86.49593980663757,84.13202520250098,78.04324290837205,77.91851710588043,76.6701779815109,86.46335115657433,85.36200585728608,84.13412164108566,76.63093668292906,76.7506354505063,76.79802428773567,85.22203146702947,0,0,0,74.53230947962308,75.54382530175953,83.84698637207094,82.63828968482663,81.4446640285372,72.26080701143628,73.35322430345333,74.31051095763394
91.00041693452567,0,78.9255487292555,77.87154368617885,78.92753759423974,80.08181062420644,89.39377844519328,86.88343431949048,84.8315312222683,78.57330483833879,0,77.730530112943,87.94891711638282,86.5868446860868,84.22317312495069,78.14947544605661,78.0280942159557,76.75893357206961,86.55425603602359,85.4529107367353,84.22505717648563,76.73783933549826,76.8609326839531,76.89322156093043,85.31293634647871,0,0,0,74.64404062015788,75.64157257924353,83.9378912515202,82.72919456427586,81.53556890803306,72.36339343659941,73.45459252297063,74.40941942984118
91.09041276518042,0,79.03194674269837,77.95864977856512,79.01244645803098,80.16671948799767,89.48377427584802,86.97343015014523,84.92340344460287,78.67613832605564,0,77.81543897673423,88.03891294703757,86.67684051674154,84.31338324285738,78.25293289871405,78.1341831118314,76.84649560046536,86.6442518666783,85.54290656739006,84.31508010333654,76.84189754946027,76.96772564778335,76.9870815852369,85.40293217713347,0,0,0,74.7521343924316,75.73770718299764,84.02788708217496,82.81919039493062,81.62556473869702,72.46398917863942,73.55402486960392,74.50666266608926
91.17950863752861,0,79.13537087582219,78.044701617118,79.09650623318427,80.25077926315099,89.57287014819622,87.06252602249343,85.01414434748503,78.77644823928671,0,77.89949875188752,88.12800881938577,86.76593638908976,84.40266756050531,78.35381062335024,78.23711644598924,76.93291486209088,86.73334773902653,85.63200243973824,84.40419987264612,76.94332062514239,77.07134195890549,77.07960469107047,85.49202804948165,0,0,0,74.85693302901191,75.83226293147513,84.11698295452315,82.90828626727883,81.71466061104705,72.56265755409692,73.6515865984842,74.60227215496774
91.26771355115332,0,79.23604091045226,78.12972677246601,79.17972541058606,80.33399844055278,89.66107506182094,87.15073093611815,85.10378641501121,78.87439971732144,0,77.98271792928931,88.21621373301048,86.85414130271445,84.49103769795208,78.45228562215804,78.33718204828216,77.01823611099485,86.82155265265123,85.72020735336297,84.49242580815468,77.042296655017,77.17206583152856,77.17079951689085,85.58023296310637,0,0,0,74.95873323154139,75.92527731541603,84.20518786814785,82.99649118090353,81.80286552467216,72.65946278171067,73.74734298985656,74.69628425832003
91.35503641564179,0,79.33415540168711,78.21375104767313,79.26211239621384,80.41638542618054,89.74839792630941,87.23805380060662,85.19235968363759,78.97014380318637,0,78.06510491491709,88.30353659749893,86.94146416720292,84.57850492184326,78.54851833099576,78.4346298338216,77.10249899776555,86.90887551713969,85.80753021785142,84.57976711096804,77.13899488507782,77.27014470325834,77.26068104659225,85.66755582759484,0,0,0,75.05779318271941,76.01679026152634,84.29251073263633,83.083814045392,81.89018838916068,72.7544692787451,73.84135867850786,74.78873873137897
91.44148605148537,0,79.42989381662285,78.29679860803645,79.34367551198532,80.49794854195204,89.83484756215299,87.3245034364502,85.27989198210994,79.06381856061182,0,78.14666803068857,88.38998623334253,87.0279138030465,84.66508017309067,78.6426542329344,78.52967754393407,77.18573884694146,86.99532515298328,85.893979853695,84.66623286378663,77.23356778775705,77.36579474562203,77.34926902557096,85.7540054634384,0,0,0,75.15433836596092,76.1068431498814,84.37896036847991,83.17026368123558,81.97663802500428,72.84774099056975,73.93369710951364,74.87967753070765
91.52707119097052,0,79.52341845280657,78.37889210518856,79.4244229965991,80.57869602656582,89.92043270163812,87.41008857593533,85.3664091466502,79.1555501312607,0,78.22741551530235,88.47557137282767,87.11349894253165,84.7507740917566,78.73482531399,78.6225155297035,77.26798730300202,87.08091029246843,85.97956499318016,84.75183203477728,77.32615288581552,77.45920545931526,77.43658668593766,85.83959060292356,0,0,0,75.24856640860104,76.19547803832059,84.46454550796506,83.25584882072073,82.06222316448942,72.93934082686762,74.02442011639243,74.96914386408798
91.6118004790608,0,79.61487615986431,78.46005279471495,79.50436300636675,80.65863603633346,90.0051619897284,87.4948178640256,85.45193521405253,79.24545372845715,0,78.30735552507,88.56030066091795,87.19822823062195,84.83559703944638,78.825151376483,78.7133107486074,77.3492728685573,87.16563958055873,86.06429428127045,84.83657348112553,77.41687436059524,77.55054351712874,77.52265972405357,85.92431989101385,0,0,0,75.34065112402293,76.28273705550787,84.54927479605534,83.34057810881103,82.14695245257973,73.0293302159026,74.11358760633203,75.05718144041747
91.6956824742702,0,79.70439988511589,78.5403006468365,79.58350361603671,80.73777664600343,90.0890439849378,87.578699859235,85.53649259504002,79.33363456588667,0,78.38649613473996,88.64418265612733,87.28211022583132,84.91955911947521,78.91374122395537,78.80221011315605,77.42962135395473,87.2495215757681,86.14817627647986,84.92046595230282,77.50584447300172,77.63995598727729,77.60751548393289,86.00820188622325,0,0,0,75.43074589533951,76.36866193122397,84.63315679126474,83.42446010402043,82.23083444778912,73.11776876696368,74.20125733511577,75.14383388359042
91.7787256495275,0,79.79211006167507,78.61965444996066,79.66185281960998,80.8161258495767,90.17208716019512,87.66174303449232,85.62010222996864,79.42018872139064,0,78.46484533831322,88.72722583138463,87.3651534010886,85.00267019504534,79.00069373021273,78.88934330483269,77.509056253958,87.33256475102537,86.23121945173713,85.00351809307807,77.59316482139107,77.72757304535611,77.69118230850755,86.09124506148054,0,0,0,75.5189865167534,76.45329363810463,84.71619996652204,83.50750327927771,82.31387762304642,73.2047140252705,74.28748475561869,75.22914428018129
91.86093839303223,0,79.8781158554986,78.69813190709488,79.7394185311475,80.89369156111422,90.25429990369983,87.74395577799706,85.70278372873322,79.50520393717855,0,78.54241104985076,88.8094385748894,87.44736614459333,85.0849399056438,79.08609880382932,78.9748251458604,77.58759906426434,87.4147774945301,86.31343219524184,85.08573844630001,77.67892745703347,77.81351026328745,77.77368902765217,86.17345780498525,0,0,0,75.605493587253,76.53667212366892,84.79841271002677,83.58971602278244,82.39609036655114,73.29022130345356,74.37232292586843,75.31315483592306
91.94232900910191,0,79.96251628605165,78.77574972525188,79.81620858556967,80.97048161553639,90.33569051976953,87.82534639406671,85.78455549652676,79.58876035862691,0,78.61920110427292,88.89082919095905,87.52875676066306,85.16637768184621,79.17003825834432,79.0587576044627,77.66526954828414,87.49616811059983,86.3948228113115,85.16713545547397,77.76321587488198,77.8978705475053,77.85506455750593,86.2548484210549,0,0,0,75.69037453390494,76.61883611528178,84.87980332609642,83.67110663885212,82.47748098262082,73.3743435753716,74.45582246485009,75.39590662036314
92.0229057190109,0,80.04540123367197,78.85252369807516,79.8922307394476,81.04650376941433,90.41626722967851,87.90592310397572,85.86543484692272,79.67093121440854,0,78.69522325815086,88.97140590086806,87.60933347057201,85.24699275869321,79.25258659737709,79.14123149559067,77.74208596270607,87.57674482050878,86.47539952122055,85.24771746715341,77.84610589490366,77.98074578554085,77.93533759023772,86.33542513096394,0,0,0,75.77372532789369,76.69982298381417,84.96038003600539,83.75168334876109,82.5580576925298,73.45713142008483,74.53803154620434,75.47743938273928
92.10267666182078,0,80.12685234531116,78.92846878197838,79.96749267178679,81.12176570175347,90.49603817248838,87.98569404678561,85.94543810359292,79.75178344106133,0,78.77048519049004,89.05117684367795,87.68910441338193,85.32679418778658,79.33381172298566,79.22232792795604,77.81806524882687,87.65651576331871,86.55517046403043,85.3274927331655,77.92766644713939,78.06221824953681,78.01453635717378,86.41519607377381,0,0,0,75.85563194500743,76.77966865432735,85.0401509788153,83.83145429157095,82.63782863533969,73.53863300577063,74.6189959216652,75.55779142514623
92.18164989520257,0,80.2069438490881,79.00359916613606,80.04200198480254,81.19627501476924,90.57501140587017,88.06466728016738,86.02458069183088,79.83137825531202,0,78.84499450350579,89.13015007705972,87.76807764676371,85.40579084823757,79.41377557477908,79.30211953915062,77.89322319536961,87.73548899670051,86.63414369741224,85.40646941268635,78.00796027189217,78.14236179656818,78.09268845129391,86.49416930715563,0,0,0,75.9361716129673,76.85840755421576,85.1191242121971,83.91042752495277,82.71680186872145,73.61889410510142,74.6987589675164,75.63699952156158
92.25983339625054,0,80.28574328698498,79.07792833668697,80.11576620468814,81.27003923465483,90.65319490691816,88.14285078121537,86.10287722092781,79.90977167755771,0,78.9187587233914,89.2083335781077,87.84626114781167,85.48399145658406,79.49253470655854,79.38067155325201,77.96757457749408,87.81367249774844,86.71232719846023,85.48465557418196,78.08704454494124,78.22124289860272,78.16982069763374,86.57235280820363,0,0,0,76.01541388043313,76.93607259097591,85.1973077132451,83.98861102600074,82.79498536976944,73.69795813508307,74.77736174854466,75.7150988733576
92.33723506228803,0,80.36331217403563,79.15146913552321,80.18879278237488,81.34306581234158,90.73059657295565,88.22025244725286,86.18034155833591,79.98701500990701,0,78.99178530107814,89.28573524414519,87.92366281384918,85.5614045757827,79.57014080659948,79.4580426892968,78.04113327586985,87.89107416378594,86.78972886449766,85.56205919722633,78.16497143640005,78.29892152919051,78.24595906220445,86.64975447424108,0,0,0,76.09342153636285,77.01269515319542,85.27470937928261,84.06601269203824,82.87238703580694,73.77586621559381,74.85484309496803,75.79212309362126
92.41386271166515,0,80.43970659148255,79.2242338140385,80.26108909428474,81.41536212425146,90.80722422233275,88.29688009662996,86.25698689645627,80.0631552721165,0,79.06408161298799,89.3623628935223,88.00029046322628,85.6380386233692,79.64664116708921,79.53428594408754,78.11391237900538,87.96770181316307,86.8663565138748,85.63868817421003,78.24178861074206,78.37545192928492,78.32112859174339,86.72638212361821,0,0,0,76.17025140338515,77.08830512953219,85.35133702865969,84.1426403414154,82.94901468518404,73.85265724190225,74.93123968864978,75.86810421400111
92.4897240845485,0,80.51497772060075,79.29623408220286,80.33266244307552,81.48693547304225,90.88308559521612,88.37274146951333,86.33282581280126,80.13823559864791,0,79.13565496177878,89.43822426640564,88.07615183610963,85.71390187887117,79.72207910769448,79.60944926878071,78.18592427147267,88.0435631860464,86.94221788675814,85.71455031194921,78.31753967458066,78.45088327076338,78.39535337800598,86.80224349650155,0,0,0,76.24595502475248,77.16293094141957,85.42719840154305,84.21850171429871,83.02487605806743,73.92836796730727,75.00658615560033,75.94307270895193
92.56482684370302,0,80.58917232319335,79.36748115332003,80.40352005837842,81.55779308834514,90.95818835437062,88.44784422866785,86.40787032420228,80.21229559992896,0,79.20651257708167,89.51332702556017,88.15125459526413,85.78900249054912,79.79649435774668,79.68357615541187,78.25718071021389,88.11866594520092,87.01732064591265,85.78965333320366,78.39226457798257,78.52526023308039,78.46865654145707,86.87734625565605,0,0,0,76.32057926109563,77.23659958603176,85.50230116069756,84.29360447345324,83.09997881722194,74.0030330927623,75.08091516234484,76.01705753319497
92.63917857526599,0,80.66233317414397,79.43798578480737,80.47366909752829,81.62794212749499,91.03254008593359,88.5221959602308,86.48213193566544,80.28537169073935,0,79.27666161623152,89.58767875712314,88.22560632682712,85.86334848153238,79.86992340109386,79.75670614681428,78.32769289074562,88.1930176767639,87.09167237747563,85.86400487811434,78.4659999743975,78.59862350591072,78.54106023016232,86.95169798721902,0,0,0,76.3941668104653,77.3093366866996,85.57665289226053,84.3679562050162,83.17433054878491,74.07668536094404,75.15425751421103,76.0900861689956
92.71278678951333,0,80.7344994508582,79.50775831532154,80.54311664628663,81.69738967625332,91.10614830018092,88.59580417447813,86.55562168441476,80.35749738846978,0,79.34610916498987,89.66128697137046,88.29921454107446,85.93694775541128,79.9423997872719,79.82887528116902,78.39747150477379,88.26662589101124,87.16528059172298,85.93761250556572,78.53877954368481,78.67101022852833,78.61258563045564,87.02530620146638,0,0,0,76.46675666290062,77.38116654850788,85.65026110650786,84.44156441926354,83.24793876303224,74.14935565272204,75.22664225398746,76.16218468050354
92.7856589216182,0,80.8057070839315,79.57680869853435,80.61186971955739,81.76614274952409,91.1790204322858,88.668676306583,86.62835017960737,80.42870358382483,0,79.41486223826064,89.73415910347533,88.37208667317931,86.00980810133905,80.01395441228952,79.9001164805984,78.46652679048032,88.33949802311608,87.23815272382784,86.01048369448131,78.61063428219465,78.74245437492576,78.68325298659576,87.09817833357124,0,0,0,76.53838449892389,77.45211221725032,85.72313323861273,84.51443655136839,83.32081089513711,74.22107308439703,75.29809675973071,76.23337777293284
92.85780233240202,0,80.87598907293786,79.64514653384302,80.67993526209546,81.83420829206214,91.25116384306963,88.74081971736683,86.70032763815551,80.49901878636084,0,79.48292778079869,89.80630251425917,88.44423008396313,86.0819371986928,80.08461577200106,79.97045989170815,78.53486857653921,88.4116414338999,87.31029613461162,86.08262584505788,78.68159276340461,78.81298709224419,78.75308162714917,87.17032174435502,0,0,0,76.60908303984245,77.5221955402851,85.79527664939654,84.58657996215223,83.39295430592092,74.29186510441734,75.3686468407696,76.30368885479594
92.929224309078,0,80.94537577083808,79.71278109427978,80.74732014920812,81.90159317917482,91.3225858197456,88.81224169404283,86.77156391704597,80.56846934707634,0,79.55031266791136,89.87772449093517,88.51565206063913,86.15334262133695,80.15441019074746,80.03993318473835,78.60250632074904,88.4830634105759,87.38171811128763,86.15404627994371,78.75168137221775,78.88263699889767,78.82208999626775,87.24174372103101,0,0,0,76.67888235649002,77.59143722813477,85.86669862607249,84.65800193882819,83.4643762825969,74.36175758856416,75.43831683117897,76.3731401017668
92.99993206598721,0,81.01389514015042,79.77972135186708,80.81403118744966,81.96830421741637,91.3932935766548,88.88294945095201,86.84206854250725,80.63707966010216,0,79.6170237061529,89.94843224784435,88.58635981754837,86.22403184152817,80.22336202768591,80.10856181695092,78.66944914402903,88.55377116748515,87.45242586819685,86.22475224536659,78.82092451567728,78.95143044779283,78.89029568838356,87.31245147794024,0,0,0,76.74781014200481,77.6598569159219,85.93740638298172,84.7287096957374,83.53508403950612,74.43077493282944,75.50712968017854,76.44175252104436
93.06993274532734,0,81.08157298370887,79.84597600064507,80.8800751153088,82.03434814527552,91.46329425599492,88.95295013029212,86.91185073634017,80.70487234537666,0,79.68306763401205,90.01843292718446,88.65636049688845,86.29401223349782,80.29149386299034,80.17636926502492,78.7357058604101,88.62377184682524,87.52242654753702,86.29475091221448,78.88934481255002,79.01939175922715,78.95771548513493,87.38245215728041,0,0,0,76.81589195338667,77.72747322393452,86.00740706232186,84.79871037507752,83.60508471884621,74.49894014340163,75.57510703906328,76.50954601533121
93.13923341787407,0,81.14843315254846,79.91155347758072,80.94545860388936,82.09973163385605,91.53259492854167,89.02225080283887,86.98091943969482,80.77186841403822,0,79.74845112259261,90.0877335997312,88.72566116943517,86.36329107674257,80.35882666589207,80.24337723051639,78.8012850035556,88.69307251937195,87.5917272200837,86.36404937707485,78.95696326396107,79.08654342737054,79.02436539357699,87.4517528298271,0,0,0,76.8831514258627,77.79430381678166,86.07670773486862,84.86801104762426,83.67438539139295,74.56627492333163,75.64226934439486,76.57653944574119
93.20784108369533,0,81.21449773320117,79.97646198155064,81.01018825758408,82.1644612875508,91.60120259436292,89.09085846866013,87.04928333454819,80.83808741812207,0,79.81318077628733,90.15634126555246,88.79426883525643,86.43187555905286,80.4253799463369,80.30960582184429,78.86619485026647,88.76168018519321,87.66033488590496,86.43265466323422,79.02379940702662,79.15290630366523,79.09026068492636,87.52036049564835,0,0,0,76.94961046349927,77.86036546073476,86.14531540068985,84.93661871344555,83.7429930572142,74.6327997555804,75.70863589728252,76.64275069311454
93.27576267285838,0,81.27978721645577,80.04070949057417,81.07427061474186,82.22854364470857,91.669124183526,89.15878005782317,87.11695086311197,80.90354758601356,0,79.87726313344513,90.22426285471549,88.86219042441948,86.49977277930357,80.4911718918615,80.3750737157644,78.93044344135853,88.82960177435626,87.728256475068,86.50057372164315,79.08987145322189,79.21849976000401,79.1554159332508,87.5882820848114,0,0,0,77.01528940900204,77.92567407896084,86.21323698985289,85.00454030260859,83.81091464637728,74.69853398225267,75.7742249386641,76.70819671735123
93.34300504612979,0,81.34432064942894,80.10430377745774,81.13771214832808,82.29198517829478,91.73636655679739,89.22602243109462,87.18393024537612,80.96826594498387,0,79.94070466703133,90.29150522798696,88.92943279769091,86.56698975003098,80.55621949113446,80.4397983008742,78.99403860024371,88.89684414762768,87.7954988483394,86.56781343184757,79.15519641303737,79.28334183414619,79.21984505364625,87.65552445808281,0,0,0,77.0802071952315,77.99024480444295,86.2804793631243,85.07178267587999,83.8781570196487,74.763495879908,75.83905372056113,76.7728936144825
93.40957499566849,0,81.4081157726095,80.16725242399754,81.20051926657843,82.35479229654513,91.80293650633611,89.29259238063331,87.25022949497347,81.03225843201785,0,80.00351178528169,90.35807517752565,88.99600274722964,86.63353339981636,80.62053864546682,80.50379580533883,79.05698794949949,88.9634140971664,87.86206879787811,86.63438060289079,79.21979020831188,79.34744935949404,79.28356133955182,87.72209440762151,0,0,0,77.14438148061156,78.05409203045559,86.347049312663,85.13835262541869,83.94472696918739,74.8277027309062,75.9031385733336,76.83685667128812
93.47547924571181,0,81.47118914337084,80.22956283387563,81.26269831364627,82.41697134361296,91.86884075637941,89.35849663067664,87.31585643353174,81.09553999403512,0,80.06569083234953,90.42397942756895,89.06190699727293,86.69941057549444,80.6841442694685,80.56708141073001,79.11929892567207,89.02931834720971,87.92797304792145,86.70028197418746,79.28366777348583,79.41083808106686,79.3465774989406,87.78799865766486,0,0,0,77.20782877031492,78.11722945852068,86.41295356270633,85.204256875462,84.0106312192307,74.89117089079964,75.96649496900075,76.90010041733838
93.5407244532547,0,81.5335562472971,80.291242244371,81.32425557024341,82.47852860021013,91.93408596392231,89.4237418382195,87.38081870366355,81.15812467850688,0,80.12724808894666,90.48922463511182,89.12715220481583,86.76462804420436,80.74705038191205,80.62966935361707,79.18097879252463,89.0945635547526,87.99321825546433,86.7655242163723,79.34684314688923,79.47352275926838,79.40890568919605,87.85324386520773,0,0,0,77.27056452485968,78.17967014381568,86.47819877024922,85.2695020830049,84.07587642677358,74.95391585182692,76.02913758072425,76.96263867439595
93.60531720872216,0,81.59523159853444,80.35229773699768,81.3851972542746,82.53947028424133,91.99867871938976,89.48833459368697,87.4451237807285,81.22002571537946,0,80.18818977297786,90.5538173905793,89.19174496028326,86.82919249529769,80.80927018776177,80.69157301633396,79.24203465291376,89.15915631022003,88.05781101093179,86.83011393212483,79.40932955306276,79.53551726283715,79.47055755054096,87.91783662067517,0,0,0,77.33260325753942,78.24142653804213,86.54279152571667,85.33409483847235,84.14046918224103,75.01595230259534,76.0910803385744,77.02448460315891
93.66926403663493,0,81.65622883025696,80.41273624717083,81.44552952146552,82.5998025514322,92.06262554730253,89.55228142159974,87.50877898348948,81.28125559113172,0,80.24852204016877,90.61776421849208,89.25569178819606,86.89311054211683,80.87081615223207,80.75280500816338,79.30247345945399,89.22310313813283,88.12175783884453,86.8940576569728,79.47113947700856,79.59683465219327,79.53154423793308,87.98178344858793,0,0,0,77.3939586219296,78.30251052979102,86.60673835362944,85.39804166638511,84.20441601015382,75.0772941840648,76.15233648171711,77.08565074736096
93.73257139626858,0,81.71656077622887,80.47256457299264,81.50525846598448,82.65953149595119,92.1259329069362,89.61558878123338,87.57179148377199,81.34182611571721,0,80.30825098468772,90.68107157812571,89.3189991478297,86.95638872365704,80.93170006765406,80.81337723802233,79.36230202410778,89.28641049776648,88.1850651984782,86.95736186007476,79.53228473117524,79.65748725424461,79.59187645137825,88.0450908082216,0,0,0,77.45464349055742,78.36293348246335,86.67004571326308,85.46134902601877,84.26772336978746,75.13795474196478,76.2129186071709,77.14614907527321
93.79524568230589,0,81.77623954434621,80.53178938324199,81.56439012105825,82.71866315102496,92.1886071929735,89.67826306727072,87.63416831522555,81.40174848307207,0,80.36738263976152,90.74374586416306,89.38167343386701,87.01903350612197,80.99193311385429,80.87330097959811,79.42152702682357,89.34908478380378,88.24773948451553,87.0200329449842,79.59277651589964,79.71748672958648,79.65156446464212,88.10776509425894,0,0,0,77.51467002569078,78.42270626982062,86.7327199993004,85.52402331205607,84.33039765582478,75.19794657578838,76.27283871529148,77.20599101867295
93.85729322548283,0,81.83527658295343,80.59041722464323,81.6229304595813,82.77720348954799,92.25065473615045,89.74031061044766,87.69591638127476,81.46103332580562,0,80.42592297828456,90.80579340733999,89.44372097704398,87.08105128438345,81.05152591267937,80.93258692976882,79.48015502332686,89.41113232698075,88.30978702769244,87.08207725039581,79.65262547395511,79.77684413291533,79.71061815236433,88.16981263743585,0,0,0,77.57404974308811,78.48183930925218,86.79476754247737,85.58607085523302,84.39244519900171,75.25728168451695,76.3321082521462,77.26518750936042
93.918720293228,0,81.89368274065119,80.64845452848283,81.6808853947191,82.8351584246858,92.31208180389562,89.80173767819284,87.7570424623409,81.519690764633,0,80.48387791342236,90.86722047508518,89.50514804478914,87.14244838335424,81.11048857723912,80.99124526104151,79.53819245215784,89.4725593947259,88.37121409543767,87.14350105087556,79.71184173978986,79.83556996738253,79.76904701559788,88.23123970518105,0,0,0,77.63279356945064,78.54034259285423,86.85619461022252,85.64749792297822,84.45387226674688,75.31597150923415,76.39073814894164,77.32374901331687
93.97953309029573,0,81.95146832024001,80.705907616636,81.73826078050553,82.89253381047224,92.37289460096333,89.86255047526055,87.81755322240525,81.57773045305582,0,80.54125329920878,90.92803327215289,89.56596084185688,87.20323105928142,81.16883075638451,81.04928566865519,79.59564564103724,89.53337219179366,88.43202689250536,87.20431055757538,79.77043498398096,79.89367423352826,79.82686020580972,88.29205250224875,0,0,0,77.69091189423514,78.5982257164217,86.91700740729026,85.70831072004593,84.51468506381464,75.37402697279015,76.4487388586678,77.38168556260413
94.03973775939278,0,82.00864312738082,80.76278270705987,81.7950624124341,82.94933544240082,92.43309927006038,89.9227551443576,87.877455214979,81.63516161774923,0,80.59805493113736,90.98823794124992,89.62616551095391,87.26340550096874,81.22656167488594,81.10671741291968,79.6525208126329,89.59357686089068,88.49223156160242,87.26451191893308,79.82841445337581,79.95116647336418,79.88406654738974,88.35225717134581,0,0,0,77.74841461640942,78.65549790645633,86.9772120763873,85.76851538914298,84.57488973291167,75.43145851667734,76.50612039011988,77.4390067851119
94.09934038179885,0,82.06521651449525,80.8190859188039,81.8512960280434,83.00556905801011,92.49270189246646,89.98235776676367,87.9367548885378,81.69199309507003,0,80.65428854674666,91.047840563656,89.68576813335997,87.3229778309328,81.28369016973234,81.16354935729676,79.70882408979048,89.65317948329674,88.5518341840085,87.32411122135939,79.88578900734709,80.00805581010816,79.94067455872249,88.4118597937519,0,0,0,77.80531118666815,78.71216804529638,87.03681469879339,85.82811801154905,84.63449235531775,75.48827613527705,76.56289233945503,77.49572193226136
94.15834697798087,0,82.12119742037686,80.87482327658388,81.90696730749659,83.0612403374633,92.55170848864847,90.04136436294569,87.9954585914742,81.74823336406057,0,80.70995982619985,91.10684715983801,89.744774729542,87.38195410650093,81.3402247229302,81.2197900026718,79.76456150028498,89.71218607947877,88.6108407801905,87.38311448991165,79.9425671505433,80.06435098401992,79.99669247188181,88.47086638993389,0,0,0,77.86161064557015,78.7682446944727,87.09582129497541,85.88712460773108,84.69349895149976,75.54448940763324,76.61906391943718,77.55183990477464
94.21676350820105,0,82.17659440593759,80.9300007149611,81.96208187415526,83.11635490412198,92.61012501886867,90.09978089316589,88.05357257661389,81.80389057628787,0,80.76507439285851,91.16526369005823,89.80319125976219,87.44034032085446,81.39617349114405,81.27544751821436,79.81973898114299,89.77060260969895,88.6692573104107,87.44152768895573,79.99875706247995,80.12006038473615,80.05212825101141,88.52928292015409,0,0,0,77.91732165800802,78.82373611639464,87.15423782519557,85.94554113795127,84.75191548171996,75.60010752690562,76.67464398651724,77.60736927661935
94.27459587311904,0,82.23141568647154,80.98462408216461,82.01664529514736,83.17091832511404,92.66795738378664,90.15761325808387,88.1111030053398,81.85897258282439,0,80.8196378138506,91.22309605497621,89.8610236246802,87.49814240402304,81.4515443324878,81.3305297691822,79.87436238258032,89.82843497461697,88.72708967532868,87.49935672281649,80.0543666242816,80.17519208046141,80.10698960945727,88.58711528507207,0,0,0,77.9724525443769,78.8786502944669,87.21207019011356,86.00337350286922,84.80974784663796,75.65513932764895,76.72964106589052,77.66231831723508
94.33184991438785,0,82.28566916078044,81.0386991435906,82.0706630819295,83.22493611189618,92.72521142505545,90.21486729935266,88.16805595136138,81.91348695864751,0,80.87365560063276,91.280350096245,89.91827766594899,87.5553662238342,81.50634483074424,81.38504434198404,79.92843747159417,89.88568901588579,88.78434371659752,87.55660743641744,80.10940344285486,80.22975384433246,80.16128402571783,88.64436932634091,0,0,0,78.02701130877097,78.93299495173568,87.26932423138237,86.06062754413804,84.86700188790674,75.70959331105978,76.78406337466664,77.7166950121472
94.38853141524396,0,82.33936243747085,81.09223158500973,82.12414069084382,83.27841372081052,92.78189292591156,90.27154880020876,88.22443740416416,81.967441024708,0,80.92713320954707,91.3370315971011,89.9749591668051,87.61201758682172,81.56058231726483,81.43899856678286,79.98196993524539,89.94237051674189,88.84102521745363,87.61328561591014,80.16387487274369,80.28375317824005,80.21501875827818,88.70105082719704,0,0,0,78.08100566450148,78.98677756815867,87.3260057322385,86.11730904499417,84.92368338876285,75.76347766832582,76.8379188432809,77.77050708206923
94.44464610109152,0,82.39250285870249,81.14522701551034,82.177083523669,83.3313565536357,92.83800761175911,90.32766348605632,88.2802532721703,82.02084186789392,0,80.98007604237225,91.39314628294866,90.03107385265264,87.66810223909701,81.61426389077559,81.49239953789053,80.03496538366207,89.99848520258942,88.89713990330118,87.66939698929373,80.21778803589461,80.3371973343632,80.26820085939333,88.75716551304458,0,0,0,78.13444305719949,79.04000539658968,87.38212041808607,86.17342373084173,84.97979807461043,75.81680030220699,76.89121513526928,77.82376200059133
94.50019964008061,0,82.44509752163945,81.19769097020287,82.22949692816593,83.38376995813265,92.89356115074821,90.38321702504541,88.33550938563874,82.0736963590943,0,81.03248944686918,91.44869982193774,90.08662739164174,87.72362586718585,81.66739643529374,81.54525413217864,80.08742935279251,90.05403874157851,88.95269344229024,87.72494722702523,80.2711498395363,80.39009333464281,80.32083718788444,88.81271905203364,0,0,0,78.18733068574078,79.09268547756464,87.43767395707516,86.22897726983084,85.03535161359952,75.86956884697024,76.94395966552274,77.87646701054922
94.5551976436798,0,82.49715329783082,81.24962891270782,82.28138619861791,83.43565922858463,92.94855915434742,90.43821502864463,88.39021149932967,82.12601116954684,0,81.08437871732116,91.50369782553696,90.14162539524091,87.77859409883399,81.71998663633977,81.59756902570602,80.13936730693254,90.10903674517768,89.00769144588945,87.77994194262077,80.32396699235777,80.44244798840013,80.37293442100983,88.86771705563284,0,0,0,78.23967552120435,79.1448246529717,87.49267196067434,86.28397527343003,85.09034961719871,75.92179068679411,76.99615961713008,77.92862913916233
94.609645667243,0,82.54867685072533,81.3010462374486,82.33275657636538,83.48702960633209,93.0030071779106,90.49266305220783,88.44436529495637,82.17779278563681,0,81.13574909506862,91.55814584910017,90.19607341880415,87.83301250378389,81.77204099561057,81.64935070874313,80.19078464104958,90.16348476874091,89.06213946945263,87.83438669324848,80.37624601915216,80.49426790828257,80.42449906547031,88.92216507919602,0,0,0,78.29148432405634,79.19642957868321,87.54711998423753,86.33842329699321,85.14479764076192,75.97347297275225,77.04782195691166,77.98025521202653
94.66354921057057,0,82.59967465150368,81.35194827176683,82.38361325033536,83.53788628030206,93.05691072123817,90.54656659553538,88.497976383445,82.2290475222972,0,81.18660576903861,91.61204939242772,90.24997696213171,87.88688659452517,81.82356584426451,81.70060549935391,80.24168668292381,90.21738831206848,89.11604301278021,87.88828698031269,80.42799327407516,80.54555952470217,80.47553746760605,88.97606862252361,0,0,0,78.342763659731,79.2475067362237,87.60102352756509,86.39232684032076,85.19870118408949,76.02462263847897,77.09895344974083,78.03135186604199
94.71691371846485,0,82.6501529933947,81.40234027787793,82.43396135756564,83.58823438753234,93.11027522913248,90.59993110342968,88.55105030702087,82.2797815351465,0,81.23695387626888,91.66541390032201,90.303341470026,87.94022182702032,81.8745673549534,81.75133955567993,80.29207869512406,90.27075281996277,89.16940752067451,87.94164825003087,80.47921495265396,80.59632909891472,80.52605582283958,89.0294331304179,0,0,0,78.39351991276364,79.29806244354349,87.65438803545939,86.44569134821506,85.25206569198376,76.07524641461356,77.14956067174296,78.08192556135165
94.76974458128021,0,82.7001180046246,81.4522274546814,82.4838059837236,83.63807901369032,93.16310609194782,90.65276196624505,88.6035925411374,82.33000083148634,0,81.28679850242685,91.71824476313738,90.35617233284134,87.99302360140871,81.92505155272336,81.80155888705617,80.34196587683455,90.32358368277811,89.22223838348985,87.99447589400228,80.52991710266872,80.64658273487237,80.57606018441703,89.08226399323324,0,0,0,78.44375929961487,79.34810286496334,87.70721889827475,86.49852221103042,85.30489655479911,76.1253508421139,77.19965002245667,78.13198259236282
94.8220471354674,0,82.74957566013398,81.5016149394397,82.53315216362002,83.68742519358672,93.21540864613502,90.70506452043223,88.65560849626337,82.37971128027026,0,81.33614468232325,91.77054731732457,90.40847488702856,88.04529726268917,81.9750243248952,81.85126936407474,80.39135336554723,90.37588623696533,89.27454093767703,88.04677524976965,80.5801056340155,80.69632638996997,80.62555647149627,89.13456654742043,0,0,0,78.49348788031216,79.39763402035152,87.75952145246193,86.55082476521761,85.35719910898632,76.17494228452423,77.24922773603643,78.18152909791809
94.87382666411273,0,82.79853179218391,81.55050780933834,82.58200488171745,83.73627791168414,93.26718817478033,90.75684404907754,88.70710351954182,82.42891862114318,0,81.38499740042069,91.82232684596988,90.46025441567387,88.09704810138389,82.02449143002364,81.90047672770099,80.44024623863258,90.42766576561066,89.3263204663224,88.09855160137364,80.62978632765122,80.74556588479285,80.67455047662902,89.18634607606579,0,0,0,78.54271156902193,79.44666179359076,87.81130098110725,86.60260429386292,85.40897863763163,76.22402693927665,77.29829989156964,78.23057107067989
94.9250883974716,0,82.84699209996036,81.59891108293789,82.6303690726339,83.7846421026006,93.31844990813921,90.8081057824364,88.75808289633261,82.47762847264224,0,81.43336159133715,91.87358857932874,90.51151614903272,88.14828135418433,82.07345850602478,81.94918659753615,80.48864951480022,90.4789274989695,89.37758219968127,88.14981017990033,80.67896484370921,80.79430691196292,80.72304787268028,89.23760780942466,0,0,0,78.5914361436546,79.49519194038882,87.86256271446615,86.6538660272218,85.46024037099049,76.27261084809994,77.34687242257704,78.27911436578658
94.97583751349688,0,82.89496215827553,81.64682972152848,82.67824962164119,83.83252265160787,93.36919902416449,90.85885489846171,88.80855185164995,82.52584633963997,0,81.48124214034445,91.92433769535404,90.56226526505802,88.19900220458098,82.12193107755299,81.99740447931032,80.53656815546033,90.52967661499478,89.42833131570653,88.20055616402195,80.72764672886609,80.84255504417119,80.77105421922651,89.28835692544993,0,0,0,78.63966725459494,79.5432300954831,87.91331183049144,86.70461514324711,85.51098948701578,76.3206999066048,77.3949511257599,78.32716470883594
95.02607913836191,0,82.94244742545482,81.69426863039548,82.7256513651584,83.87992439512509,93.41944064902954,90.90909652332672,88.85851555150447,82.57357762010392,0,81.52864388386165,91.97457932021905,90.61250688992305,88.24921578347747,82.16991456270009,82.0451357716821,80.5840070659951,90.57991823985982,89.47857294057154,88.25079468053126,80.7758374230331,80.89031574147494,80.81857496847078,89.33859855031494,0,0,0,78.68741043264131,79.59078177928511,87.96355345535645,86.75485676811215,85.56123111188084,76.36829987310959,77.4425416690532,78.3747277032476
95.0758183469783,0,82.9894532504894,81.74123266000488,82.77257909124042,83.92685212120713,93.46917985764591,90.95883573194311,88.90797910415905,82.62082761123877,0,81.57557160994367,92.02431852883545,90.66224609853941,88.29892716979062,82.21741427908309,82.09238577241305,80.63097109694847,90.6296574484762,89.52831214918794,88.30053080486952,80.8235422654371,80.9375943579311,80.86561547071162,89.38833775893133,0,0,0,78.73467109622888,79.63785240400958,88.01329266397282,86.8045959767285,85.61097032049723,76.41541637676582,77.48964959903986,78.42180883705159
95.12506016350851,0,83.03598487952655,81.78772660711553,82.81903754006166,83.97331057002836,93.51842167417611,91.00807754847334,88.95694756130666,82.66760151507081,0,81.62203005876489,92.07356034536568,90.71148791506965,88.34814139103705,82.26443544937926,82.13915968397828,80.67746504514217,90.67889926500642,89.57755396571815,88.34976956164819,80.87076650015108,80.98439614762987,80.91218097939844,89.43757957546154,0,0,0,78.78145455800504,79.6844472793272,88.06253448050303,86.8538377932587,85.66021213702743,76.4620549250392,77.53628034777645,78.46841348914865
95.17380956187343,0,83.0820474617626,81.83375521582528,82.86503140439466,84.01930443436137,93.56717107254104,91.05682694683826,89.00542591917667,82.71390444352907,0,81.6680239230979,92.12230974373058,90.76023731343457,88.3968634239077,82.3109832063626,82.18546261866841,80.72349365472472,90.72764866337134,89.62630336408307,88.39851592516462,80.91751528112691,81.0307262701862,80.95827665580603,89.48632897382646,0,0,0,78.82776603081875,79.73057161757946,88.11128387886795,86.90258719162362,85.70896153539232,76.5082209105967,77.5824392390781,78.51454693508272
95.22207146625469,0,83.12764605479718,81.87932317855665,82.91056533008434,84.06483836005106,93.61543297692229,91.1050888512195,89.05341911957727,82.75974142307165,0,81.7135578487876,92.17057164811185,90.80849921781582,88.44509819482998,82.35706259749006,82.23129960323303,80.76906161815947,90.77591056775262,89.67456526846435,88.44677481991195,80.96379367677892,81.07658979574174,81.0039075733565,89.53459087820774,0,0,0,78.8736106331789,79.7762305385898,88.15954578324921,86.95084909600489,85.75722343977358,76.55391961764799,77.6281314943053,78.56021435236485
95.26985075159214,0,83.1727856295014,81.924435136988,82.95564391651715,84.10991694648384,93.66321226225973,91.15286813655695,89.10093205087892,82.80511739890137,0,81.7586364352204,92.21835093344927,90.85627850315328,88.49285058051959,82.40267858908098,82.27667558310986,80.81417357715763,90.82368985309006,89.7223445538018,88.4945511210832,81.00960667416184,81.12199170952397,81.04907872161652,89.5823701635452,0,0,0,78.91899339423254,79.82142907410343,88.20732506858667,86.99862838134234,85.80500272511104,76.59915622778409,77.67336223769388,78.60542082538346
95.31715224407623,0,83.21747107444757,81.96909568293464,83.0002717170856,84.15454474705228,93.71051375474384,91.20016962904104,89.14796954894517,82.85003723881071,0,81.80326423578884,92.26565242593335,90.90357999563733,88.54012540852165,82.4478360701292,82.32159542628064,80.85883412356104,90.8709913455741,89.76964604628589,88.5418496550697,81.05495918278224,81.16693691600507,81.09379500999513,89.62967165602929,0,0,0,78.96391925830825,79.86617217188555,88.25462656107078,87.04592987382642,85.85230421759512,76.6439358253548,77.71813650126442,78.65017134993458
95.36398072163546,0,83.26170719994332,82.01330935918459,83.04445323964836,84.19872626961507,93.75734223230307,91.24699810660029,89.19453639801446,82.89450573669141,0,81.8474457583516,92.31248090349263,90.95040847319659,88.58692745774225,82.49253985578352,82.36606392678961,80.90304780017908,90.91781982313336,89.81647452384509,88.58867519995397,81.09985603807873,81.21143024269922,81.13806127116536,89.67650013358848,0,0,0,79.00839308906521,79.91046469950533,88.30145503863001,87.09275835138568,85.89913269515436,76.68826340242168,77.76245922934588,78.69447083740205
95.4103409144191,0,83.30549874170877,82.05708066029322,83.0881929469855,84.24246597695222,93.80370242508673,91.29335829938393,89.2406373315383,82.93852761574144,0,81.89118546568875,92.35884109627627,90.99676866598026,88.63326145897058,82.53679469052824,82.41008580795766,80.94681910158435,90.96418001591702,89.86283471662873,88.63503248599723,81.14430200460322,81.25547644363253,81.18188226423172,89.72286032637213,0,0,0,79.05241967328628,79.95431144783144,88.34781523141362,87.13911854416934,85.94549288793802,76.73214386332143,77.80633528274512,78.73832411861625
95.4562375052749,0,83.34885036423155,82.10041403333993,83.13149525724928,84.285768287216,93.84959901594252,91.33925489023976,89.28627703297933,82.98210753139854,0,81.93448777595253,92.4047376871321,91.04266525683606,88.67913209539239,82.5806052510931,82.45366572532161,80.99015247487014,91.01007660677283,89.90873130748457,88.68092619612176,81.18830177893172,81.29908020251712,81.2252626776637,89.76875691722796,0,0,0,79.09600372434761,79.99771713426217,88.39371182226942,87.18501513502511,85.99138947879383,76.77558202887178,77.84976944259117,78.78173594741726
95.50167513022215,0,83.39176666383095,82.14331387865055,83.17436454441044,84.32863757437713,93.89503664088977,91.38469251518698,89.33146013657266,83.02525007402652,0,81.97735706311369,92.45017531207931,91.08810288178333,88.72454400309516,82.62397614911832,82.49680826932509,81.03305232037339,91.0555142317201,89.9541689324318,88.72636096638767,81.231859992331,81.34224613565766,81.26820713201374,89.81419454217522,0,0,0,79.13914988539592,80.04068640571201,88.4391494472167,87.23045275997235,86.03682710374106,76.81858264024882,77.8927664138814,78.82471100394648
95.54665837891993,0,83.43425217145979,82.1857845504881,83.21680513869995,84.37107816866666,93.94001988958753,91.42967576388476,89.37619122805377,83.06795977137813,0,82.0197976574032,92.4951585607771,91.13308613048106,88.76950177156547,82.6669119335986,82.53951796778516,81.07552299236617,91.10049748041786,89.9991521811296,88.77134138646478,81.2749812132042,81.38497879461559,81.31072018243734,89.859177790873,0,0,0,79.18186273226056,80.08322384137456,88.48413269591448,87.27543600867016,86.08181035243882,76.86115036256334,77.93533082875406,78.86725389768888
95.59119179513073,0,83.476311355269,82.22783035771512,83.25882132704659,84.41309435701329,93.98455330579833,91.47420918009554,89.42047484535622,83.11024109085606,0,82.06181384574982,92.53969197698788,91.17761954669187,88.81400994417834,82.70941709312719,82.58179928815636,81.11756879971831,91.14503089662867,90.0436855973404,88.81587200009963,81.31766994933704,81.42728266865434,81.3528063210307,89.9037112070838,0,0,0,79.22414677612542,80.12533395528024,88.52866611212528,87.31996942488095,86.12634376864963,76.90328978816075,77.97746724951004,78.9093691702865
95.63527987717941,0,83.51794862295849,82.26945556442945,83.30041735350974,84.45469038347646,94.02864138784703,91.51829726214424,89.46431547928094,83.15209844159139,0,82.10340987221299,92.58378005903658,91.22170762874056,88.85807301868009,82.75149605795913,82.62365663961155,81.15919400653345,91.18911897867733,90.08777367938909,88.8599573055771,81.35993064996337,81.46916218698624,81.39446997900117,89.94779928913249,0,0,0,79.2660064659834,80.16702119866547,88.57275419417398,87.36405750692964,86.17043185069834,76.94500543966778,78.01918017140481,78.9510612981418
95.67892707840763,0,83.55916832393453,82.31066439057577,83.34159741970828,84.495870449675,94.07228858907524,91.56194446337244,89.50771757414046,83.19353617635686,0,82.14458993841153,92.62742726026478,91.26535482996877,88.90169544766347,82.79315320191125,82.6650943749571,81.20040283276104,91.23276617990554,90.13142088061726,88.90360175617762,81.4017677076674,81.51062172083984,81.43571552868362,89.99144649036066,0,0,0,79.30744619089336,80.20828996216918,88.61640139540218,87.40770470815787,86.21407905192655,76.98630177280683,78.06047402522972,78.99233469482816
95.72213780762355,0,83.59997475129266,82.35146101253527,83.38236568524484,84.53663871521154,94.11549931829116,91.60515519258836,89.55068552837916,83.23455859333085,0,82.18535820394808,92.6706379894807,91.30856555918469,88.94488163903675,82.83439284411408,82.7061167923986,81.24119945478604,91.27597690912147,90.17463160983318,88.94680976062912,81.44318546013844,81.55166558536479,81.47654728541552,90.03465721957659,0,0,0,79.34847028205834,80.24914457787062,88.65961212461809,87.4509154373738,86.25728978114249,77.02718317899769,78.10135317970008,79.03319371332371
95.76491642954731,0,83.64037214364276,82.39184956369466,83.42272626812601,84.57699929809272,94.15827794021492,91.64793381451213,89.59322369517257,83.27516993772632,0,82.22571878682926,92.71341661140447,91.35134418110846,88.98763595648609,82.87521925063014,82.7467281371708,81.28158800599817,91.31875553104524,90.21741023175696,88.9895856835548,81.48418819179174,81.59229804138954,81.51696950928209,90.07743584150036,0,0,0,79.38908301474189,80.28958932118205,88.70239074654184,87.49369405929754,86.30006840306625,77.06765398776399,78.14182194366646,79.07364264808288
95.80726726525184,0,83.68036468679148,82.43183413499648,83.46268324517837,84.61695627514509,94.20062877591945,91.69028465021667,89.63533638300635,83.3153744032974,0,82.26567576388162,92.755767447109,91.39369501681297,89.0299627199319,82.91563663595126,82.78693260304549,81.3215725773425,91.36110636674974,90.25976106746151,89.03193384591556,81.52478013526857,81.63252329704558,81.55698640674227,90.1197866772049,0,0,0,79.42928861003698,80.32962841260787,88.74474158224638,87.53604489500205,86.34241923877076,77.1077184689611,78.18188456816407,79.11368573695938
95.84919459259932,0,83.71995651529586,82.47141877547236,83.50224065246022,84.65651368242693,94.24255610326692,91.73221197756415,89.6770278562372,83.35517613373537,0,82.30523317116347,92.79769477445649,91.43562234416046,89.07186620597915,82.95564916438629,82.8267343337281,81.36115721785264,91.40303369409723,90.30168839480898,89.07385852544841,81.56496547282656,81.6723455092711,81.59660213214497,90.16171400455237,0,0,0,79.46909123650194,80.36926601938171,88.78666890959387,87.57797222234953,86.38434656611823,77.14738083484023,78.22154524831372,79.15332716299265
95.89070264667332,0,83.75915171390038,82.51060749276006,83.54140248566927,84.69567551563597,94.28406415734094,91.77372003163815,89.71830233563703,83.39457922396441,0,82.3443950043725,92.83920282853049,91.47713039823448,89.11335064836196,82.99526095134942,82.86613742415432,81.40034593516795,91.44454174817125,90.34319644888298,89.11536395710003,81.60474833763118,81.71176878520482,81.63582078914501,90.20322205862637,0,0,0,79.50849501167521,80.40850625699129,88.82817696366787,87.61948027642354,86.42585462019224,77.18664524196282,78.26080812508692,79.19257105606964
95.93179562020659,0,83.79795431886849,82.54940425360579,83.5801727005462,84.7344457305129,94.32515713087419,91.8148130051714,89.75916399892138,83.43358772134665,0,82.38316521924946,92.88029580206374,91.51822337176773,89.15442023838268,83.03447606455892,82.90514592169544,81.43914269603592,91.48563472170451,90.38428942241626,89.15645433345604,81.64413281495692,81.75079718348105,81.67464643202662,90.24431503215965,0,0,0,79.5475040034802,80.44735319060084,88.86926993720112,87.66057324995681,86.46694759372551,77.22551579297748,78.29967728694659,79.23142149447159
95.97247766400451,0,83.83636831921879,82.58781298435288,83.61855521327438,84.77282824324108,94.3658391746721,91.85549504896932,89.79961698126361,83.47220562680485,0,82.42154773197763,92.92097784586166,91.55890541556566,89.1950791253454,83.07329852515429,82.94376382728166,81.47755142680097,91.52631676550244,90.42497146621417,89.1971338051657,81.68312294330742,81.78943471543415,81.71308306694212,90.28499707595758,0,0,0,79.58612223153102,80.48581083637909,88.90995198099907,87.70125529375474,86.50762963752345,77.26399653827123,78.33815677137373,79.26988250631625
96.01275288736447,0,83.87439765787488,82.62583757141792,83.65655390087525,84.81082693084197,94.40611439803207,91.89577027232927,89.83966537579555,83.51043689587065,0,82.4595464195785,92.96125306922161,91.59918063892559,89.23533141698451,83.1117323087395,82.98199509645063,81.51557601388045,91.56659198886237,90.46524668957414,89.23740648136223,81.72172271546158,81.82768534622177,81.751134653073,90.32527229931753,0,0,0,79.62435366834696,80.52388316274126,88.95022720435902,87.7415305171147,86.5479048608834,77.3020914775057,78.37625056629003,79.30795807090354
96.05262535849083,0,83.9120462327369,82.66348186175476,83.69417260160013,84.84844563156685,94.44598686915843,91.93564274345565,89.87931323409586,83.54828543966515,0,82.49716512030338,93.00112554034797,91.63905311005196,89.2751811798877,83.14978134635963,83.01984364032829,81.55322030422894,91.60646445998873,90.50511916070046,89.27727643007906,81.7599360794525,81.86555299587383,81.78880510371937,90.36514477044386,0,0,0,79.66220224048537,80.56157409151155,88.99009967548538,87.78140298824106,86.58777733200975,77.33980456104783,78.41396261138466,79.34565211997324
96.09209910490593,0,83.94931789768229,82.70074966330787,83.73141511531776,84.88568814528448,94.48546061557353,91.97511648987073,89.9185645666667,83.58575512581812,0,82.53440763402101,93.04059928676307,91.67852685646704,89.31463243991448,83.18744952541618,83.05731332654828,81.59048810579144,91.64593820640383,90.54459290711556,89.31674767866146,81.79776693948617,81.90304154027402,81.82609828732406,90.40461851685895,0,0,0,79.69967182959977,80.59888749901344,89.02957342190045,87.82087673465615,86.62725107842485,77.37713969130412,78.45129679935394,79.38296853888157
96.13117811385686,0,88.71385982533806,82.91022374908783,83.76828520389822,84.92255823386492,94.52453962452446,92.01419549882168,89.9574233433997,88.63843485648371,0,82.57127772260147,93.07967829571402,91.71760586541801,89.35368918260939,87.07015757687738,83.21553515594503,82.0130822408394,91.68501721535478,90.5836719160665,89.35582421417452,86.07240059152521,81.94015481208044,81.92395708477271,90.4436975258099,0,0,0,79.73676627342974,80.63582721709336,89.06865243085139,87.85995574360707,86.6663300873758,83.88945651299069,78.60139080383139,79.41991116770397
96.16986633271829,0,89.23706356184073,87.20469418361932,83.80478659159286,84.95905962155958,94.56322784338592,92.05288371768309,90.46393018685356,89.07433703924312,0,82.60777911029611,93.11836651457543,91.75629408427942,89.39235535361091,88.02449454197952,86.3099781077214,82.1517320894385,91.7237054342162,90.62236013492793,89.39450998380627,86.91092603629808,82.49834325346194,81.99884464750306,90.48238574467133,0,0,0,79.77348936672949,80.72066076670176,89.10734064971281,87.89864396246851,86.7050183062372,85.20984581877379,79.27914628894513,79.46768405111993
96.2081676693911,0,90.11516672478855,88.08737843204123,83.84092296541056,84.99519599537727,94.6015291800587,92.09118505435593,90.55019637703472,89.9951223918223,0,82.64391548411382,93.15666785124827,91.79459542095222,89.47697049164462,88.18128648453842,87.42742349200495,84.61355841333747,91.762006770889,90.66066147160075,89.43280889526721,87.11905854442405,85.03956995901167,82.46305474949973,90.52068708134415,0,0,0,80.22760871995155,80.79200582403212,89.14564198638564,87.9369452991413,86.74331964291002,85.50192397065707,79.44367903556925,79.60669953089423
96.24608599269719,0,90.35780750113766,88.96137962759501,83.87669797549009,85.0309710054568,94.6394475033648,92.129103377662,90.67584014747679,90.16635335735288,0,82.67969049419334,93.19458617455435,91.83251374425834,89.51963709535204,88.36006454207092,87.91381124740506,85.54810945879566,91.7999250941951,90.69857979490682,89.47531204481206,87.18551880291892,85.99114862176638,84.72649026703684,90.55860540465022,0,0,0,82.29228124739164,81.21168120145818,89.18356030969173,87.97486362244739,86.78123796621608,85.59009010337483,79.8460198328552,79.69325609071332
96.28362513277021,0,90.56786492254615,89.25702910641085,83.91211523546882,85.06638826543553,94.67698664343783,92.16664251773504,90.73411689016079,90.37008836959853,0,82.71510775417207,93.23212531462738,91.87005288433136,89.56631495248921,88.41738792338573,88.19776214436814,86.16095040330659,91.83746423426813,90.73611893497987,89.51377516244246,87.24345989064516,86.60702740587043,85.6142089838041,90.59614454472327,0,0,0,83.29188199087511,83.2502725739293,89.22109944976475,88.01240276252042,86.81877710628912,85.63757830971136,81.4985380211489,80.07403982798814
96.32078888144251,0,90.6640850858741,89.47283364878147,83.94717832284778,85.10145135281448,94.71415039211013,92.20380626640735,90.78926468167467,90.45118786295721,0,82.75017084155101,93.2692890632997,91.90721663300366,89.60562319759816,88.48026272013557,88.33224540079512,86.4772299753992,91.87462798294042,90.77328268365217,89.55193511788231,87.28533386224349,86.92553683691003,86.36447678019574,90.63330829339557,0,0,0,84.08043900736502,84.25412681708848,89.25826319843706,88.04956651119272,86.85594085496142,85.67671197350383,82.33262073240535,81.88990108561657
96.35758099262809,0,90.73865258261723,89.57843351767441,83.98189077935292,85.13616380931964,94.75094250329569,92.24059837759292,90.83211568305838,90.52245416840913,0,82.78488329805617,93.30608117448524,91.94400874418925,89.64429435349503,88.5235692232926,88.42688851588018,86.66148847198265,91.91142009412603,90.81007479483775,89.58903815868507,87.32592667501831,87.11046961103122,86.74742949728902,90.67010040458113,0,0,0,84.51014719145364,85.02578762653593,89.29505530962264,88.08635862237831,86.892732966147,85.7138941278832,83.14080238668599,82.94729809911823
96.3940051827018,0,90.7904271449111,89.65500072635513,84.01625611129303,85.17052914125975,94.78736669336939,92.27702256766662,90.8724656617287,90.57113389233797,0,82.81924862999628,93.34250536455896,91.98043293426294,89.68134915573049,88.56527083146739,88.48886527941197,86.77779467131627,91.94784428419972,90.84649898491149,89.62567915621732,87.36361831561138,87.22735796563553,86.98853226569007,90.70652459465488,0,0,0,84.7755494789177,85.44802170883386,89.33147949969634,88.12278281245203,86.92915715622073,85.75039554650928,83.58949460610442,83.74314574831106
96.43006513087478,0,90.83509016334449,89.7084056260202,84.05027778991374,85.20455081988045,94.82342664154238,92.31308251583958,90.91010772735547,90.61479968831357,0,82.85327030861698,93.37856531273192,92.01649288243593,89.7178192209129,88.60316899992553,88.53960059978188,86.85415160996723,91.98390423237271,90.88255893308444,89.66182299893272,87.40049791728492,87.30404420884312,87.1344233304182,90.74258454282784,0,0,0,84.93620105637075,85.70705110201393,89.36753944786935,88.158842760625,86.96521710439372,85.78647078593565,83.88209577549003,84.20076458848355
96.46576447956603,0,90.87461140321264,89.75338873548787,84.08395925174823,85.23823228171493,94.85912599023362,92.34878186453084,90.94669938158644,90.65365120803416,0,82.88695177045149,93.41426466142318,92.05219223112715,89.75368350479178,88.64002728591727,88.5822306839949,86.91214534529173,92.01960358106393,90.91825828177569,89.6975712547676,87.43652683995856,87.36232087854987,87.22836208188988,90.7782838915191,0,0,0,85.03848497708384,85.86414524137129,89.40323879656059,88.19454210931626,87.00091645308495,85.82217316229509,84.05820753871313,84.48018764882842
96.50110683477037,0,90.91195792394782,89.7929891857531,84.11730389896437,85.27157692893107,94.89446834543799,92.38412421973518,90.98243643260085,90.69073409633558,0,82.92029641766761,93.44960701662752,92.0875345863315,89.78911904005176,88.67584496254636,88.6214122151384,86.95854277310576,92.05494593626827,90.95360063698003,89.73293478036271,87.47205529223764,87.40895070498695,87.29581090389112,90.81362624672342,0,0,0,85.11031852743855,85.96422316048384,89.43858115176492,88.2298844645206,87.0362588082893,85.8575161169777,84.17041382215162,84.64970415473267
96.53609576642266,0,90.94787941848027,89.83015928069347,84.15031509970835,85.30458812967505,94.92945727709028,92.41911315138749,91.01763300146622,90.72650423530152,0,82.9533076184116,93.48459594827983,92.1225235179838,89.82414914245796,88.71109842918975,88.65827513942912,86.99955309922393,92.08993486792058,90.9885895686323,89.7679350327092,87.5071264712709,87.45017722780636,87.34724278577504,90.84861517837571,0,0,0,85.16426858545398,86.03466186298608,89.47357008341721,88.26487339617289,87.07124773994158,85.89250516732672,84.24758708063065,84.75685642281475
96.57073480875843,0,90.98299116837944,89.86583018751988,84.1829961884449,85.33726921841159,94.96409631942605,92.45375219372326,91.05236844343176,90.76154985043968,0,82.98598870714814,93.5192349906156,92.15716256031959,89.85880986162654,88.74585556077736,88.69392674027459,87.03710840044234,92.12457391025636,91.02322861096809,89.80257927169833,87.54180881105128,87.48793646687541,87.39092764568142,90.88325422071149,0,0,0,85.2092344788182,86.08771040072939,89.50820912575298,88.29951243850866,87.10588678227737,85.92714423316441,84.30438751710356,84.83089210232608
96.60502746067084,0,91.017509121432,89.90063962911451,84.21535046629407,85.36962349626077,94.99838897133846,92.48804484563566,91.0867100393994,90.79603269627938,0,83.01834298499732,93.553527642528,92.191455212232,89.893112571571,88.78020991789582,88.72872206164354,87.0729046972276,92.15886656216878,91.0575212628805,89.83687458408588,87.57612155599612,87.52393088751401,87.42980274308134,90.9175468726239,0,0,0,85.24884322484054,86.13201223845489,89.5425017776654,88.33380509042107,87.14017943418978,85.96143688973022,84.35075930443756,84.88585931970121
96.63897718606412,0,91.05157107750844,89.93483778438814,84.24738120136476,85.40165423133145,95.03233869673174,92.52199457102896,91.12068306535073,90.83007845635835,0,83.05037372006801,93.5874773679213,92.22540493762527,89.92706740581279,88.8141884276595,88.76293889694008,87.10751429990147,92.19281628756205,91.09147098827381,89.87082556861138,87.61008148651132,87.55873437843036,87.46624003954368,90.9514965980172,0,0,0,85.28565795377736,86.17110846338667,89.57645150305868,88.36775481581437,87.17412915958306,85.99538661604488,84.39096615880742,84.93097893664601
96.67258741420348,0,91.08523546508555,89.96857100122058,84.27909162908472,85.43336465905143,95.0659489248711,92.5556047991683,91.15430491010373,90.8637345827505,0,83.08208414778797,93.62108759606063,92.25901516576464,89.96068006536147,88.84781321974782,88.79668288896801,87.1413923685781,92.22642651570142,91.12508121641314,89.90443642718085,87.64369657184312,87.59280343745598,87.50110128128236,90.98510682615654,0,0,0,85.32073750301608,86.20748198661782,89.61006173119804,88.40136504395372,87.20773938772243,86.02899684436667,84.42795128910805,84.97039046745212
96.70586154006143,0,91.11853632896646,90.00190474116089,84.3104849525275,85.46475798249422,95.09922305072905,92.58887892502625,91.18758463845553,90.89703152667803,0,83.11347747123075,93.65436172191859,92.29228929162258,89.99395540367676,88.88109429607105,88.83002721635626,87.17470820554061,92.25970064155936,91.15835534227112,89.93771085616089,87.67697311969475,87.62630783552208,87.53503888362954,91.01838095201451,0,0,0,85.35479405193891,86.24216594424938,89.64333585705599,88.43463916981169,87.2410135135804,86.06227097026076,84.46296344625878,85.00676156730077
96.73880292466082,0,91.15149069959938,90.03487546305749,84.34156434273588,85.49583737270258,95.13216443532843,92.62182030962565,91.22052879015246,90.92998393834274,0,83.14455686143911,93.68730310651799,92.32523067622196,90.02689737293211,88.91403913970291,88.86300385262423,87.20758467448532,92.29264202615875,91.19129672687049,89.97065239080266,87.70991567224024,87.65937074368325,87.56830634656271,91.05132233661388,0,0,0,85.38813484535615,86.27584983545724,89.67627724165538,88.46758055441106,87.27395489817977,86.09521235486731,84.49683111035421,85.0412982041879
96.77141489541421,0,91.18410905190379,90.06750171482133,84.37233293904215,85.52660596900886,95.16477640608181,92.65443228037904,91.25314210440413,90.96260134747403,0,83.17532545774539,93.71991507727137,92.35784264697536,90.05950963248236,88.94665278080996,88.89563408367914,87.24007250887057,92.32525399691214,91.22390869762388,90.00326443429118,87.74252821989809,87.69204303113987,87.60108164548146,91.08393430736727,0,0,0,85.42095611239766,86.30883310987818,89.70888921240876,88.50019252516445,87.30656686893315,86.1278243256221,84.52991734286853,85.0747478718218
96.80370074646007,0,91.21639801259386,90.09979457227503,84.40279384938535,85.55706687935206,95.19706225712768,92.68671813142488,91.28542861581442,90.99488984175557,0,83.2057863680886,93.75220092831721,92.3901284980212,90.09179562373531,88.97893945609587,88.92792903676857,87.27220649749333,92.35753984795797,91.25619454866974,90.0355503211287,87.77481435102871,87.72435957094645,87.6334397369189,91.11622015841313,0,0,0,85.45334721366808,86.3413057962266,89.74117506345462,88.53247837621029,87.338852719979,86.16011017666823,84.56245188856589,85.10745767927784
96.83566373899546,0,91.24836252962704,90.13176098296336,84.43295015062513,85.58722318059185,95.22902524966307,92.7186811239603,91.3173919300851,91.02685413253373,0,83.23594266932838,93.78416392085263,92.4220914905566,90.12375868519017,89.01090284908399,88.95989662139172,87.30400318151645,92.38950284049336,91.28815754120512,90.06751333108797,87.80677748123925,87.75633695182752,87.66543049726786,91.14818315094851,0,0,0,85.48536342816917,86.37335491961935,89.77313805599002,88.5644413687457,87.37081571251439,86.19207316920367,84.59454021096379,85.139635237828
96.8673071016055,0,91.28000663637386,90.16340601989883,84.46280488885253,85.61707791881923,95.26066861227312,92.75032448657032,91.34903545044345,91.0584981280001,0,83.26579740755577,93.81580728346265,92.45373485316667,90.15540208137696,89.04254640843412,88.99154218022322,87.33547406763527,92.42114620310343,91.31980090381514,90.09915670224599,87.83842091092367,87.78798671401444,87.69707731785985,91.17982651355854,0,0,0,85.51703198227847,86.4050340702672,89.80478141860004,88.59608473135573,87.40245907512444,86.22371653181372,84.62624696740612,85.1713804657689
96.89863403058945,0,91.3113339297222,90.19473376665007,84.49236107969764,85.64663410966435,95.29199554125705,92.78165141555426,91.38036245642101,91.08982536715618,0,83.29535359840088,93.8471342124466,92.48506178215057,90.18672902682427,89.07387343330402,89.02287011600934,87.36662600455294,92.45247313208735,91.35112783279912,90.13048363540025,87.86974787279523,87.81931573138635,87.72839578315178,91.21115344254251,0,0,0,85.54837001670145,86.43636977494702,89.83610834758397,88.62741166033966,87.43378600410837,86.25504346079767,84.65760393272522,85.20275209953596
96.92964769028356,0,91.34234776742629,90.2257478265868,84.5216217086343,85.675894738601,95.32300920095116,92.81266507524835,91.41137615381706,91.12083917828089,0,83.32461422733753,93.87814787214069,92.51607544184468,90.21774269455355,89.10488714,89.05388415806895,87.39746432065313,92.48348679178146,91.38214149249318,90.16149729713713,87.90076154854083,87.85032935381815,87.75939464142849,91.24216710223658,0,0,0,85.5793872986312,86.46737869962942,89.8671220072781,88.65842532003377,87.46479966380247,86.28605712049176,84.68863081370057,85.23378010895189
96.96035121338072,0,91.37305137763042,90.25645154528351,84.55058973128159,85.7048627612483,95.35371272404832,92.84336859834552,91.44207969533268,91.15154277551521,0,83.35358224998483,93.90885139523786,92.54677896494184,90.24844622158545,89.13559068604174,89.08458775255684,87.42799313119845,92.51419031487862,91.41284501559036,90.19220082123196,87.93146507949814,87.88103171599757,87.79008030723196,91.27287062533375,0,0,0,85.61009068205179,86.49807038983917,89.89782553037524,88.68912884313093,87.49550318689964,86.31676064358894,84.71933862623084,85.2644826114491
96.99074770124692,0,91.40344790807195,90.28684812884235,84.57926807370241,85.73354110366911,95.38410921191452,92.87376508621172,91.472476192212,91.18193929960468,0,83.38226059240564,93.93924788310406,92.57717545280805,90.27884271137384,89.165987185142,89.11498415073194,87.45821609318948,92.54458680274482,91.44324150345655,90.22259730958649,87.96186157120415,87.9114264933113,87.8204574076528,91.30326711319994,0,0,0,85.64048506518728,86.52845154944491,89.92822201824143,88.71952533099712,87.52589967476582,86.34715713145512,84.74973490243377,85.29487005128294
97.02084022423445,0,91.43354045188642,90.31694069860924,84.60765963269901,85.76193266266573,95.41420173490206,92.90385760919926,91.5025687196048,91.21203184031636,0,83.41065215140226,93.96934040609159,92.60726797579555,90.30893523530203,89.19607971361816,89.14507650439275,87.4881365293855,92.57467932573233,91.47333402644408,90.25268983281265,87.99195409607077,87.94151702628655,87.85052987932335,91.33335963618748,0,0,0,85.67057450755114,86.5585269917096,89.95831454122896,88.74961785398465,87.55599219775334,86.37724965444264,84.77982486271938,85.32494951757832
97.0506318219921,0,91.46333205982606,90.34673231924768,84.63576727610565,85.79004030607237,95.44399333265972,92.93364920695693,91.53236031951747,91.2418234467375,0,83.4387597948089,93.99913200384925,92.63705957355323,90.33872683351942,89.22587131406152,89.17486789272284,87.51775761252087,92.60447092349,91.50312562420172,90.28248143068707,88.02174569474683,87.97130650504306,87.88030117340737,91.36315123394512,0,0,0,85.70036253324577,86.58830071285091,89.98810613898662,88.7794094517423,87.585783795511,86.40704125220029,84.80961272801056,85.35472604108347
97.08012550377218,0,91.49282574658613,90.37622601221477,84.66359384307823,85.81786687304495,95.4734870144398,92.96314288873701,91.56185400235108,91.27131713275544,0,83.46658636178148,94.02862568562934,92.66655325533331,90.36822051552441,89.25536499715433,89.20436134611555,87.5470824068899,92.63396460527008,91.53261930598183,90.31197511252421,88.05123937697618,88.00079801098376,87.90977452620591,91.39264491572521,0,0,0,85.72985241335768,86.6177761907022,90.0175998207667,88.80890313352238,87.61527747729107,86.43653493398038,84.83910208836573,85.38420370271822
97.10932424873445,0,91.52202449398334,90.40542476264825,84.69114214438108,85.8454151743478,95.50268575940207,92.99234163369928,91.59105274782866,91.30051587978959,0,83.49413466308434,94.05782443059162,92.6957520002956,90.39741926059664,89.28456374275876,89.23355985409906,87.57611391403427,92.66316335023237,91.5618180509441,90.34117385751439,88.08043812215809,88.02999456253853,87.93895302586074,91.42184366068749,0,0,0,85.75904725650106,86.64695665655701,90.04679856572898,88.83810187848465,87.64447622225336,86.46573367894266,84.86829623641243,85.41338601635344
97.13823100624711,0,91.55093125268681,90.43433152283613,84.7184149626709,85.87268799263762,95.53159251691473,93.02124839121194,91.61995950559324,91.32942263831559,0,83.52140748137417,94.08673118810427,92.72465875780826,90.42632601816308,89.31347050058535,89.26246637151206,87.60485508565202,92.69207010774502,91.59072480845677,90.37008061504072,88.10934487977818,88.05889912810032,87.96783968001905,91.45075041820016,0,0,0,85.78795008092327,86.67584518387444,90.07570532324164,88.86700863599731,87.67338297976602,86.4946404364553,84.89719827698315,85.44227621501697
97.16684869618464,0,91.57954894320662,90.46294921408196,84.74541505277783,85.89968808274455,95.56021020685225,93.04986608114947,91.648577195654,91.35804032874857,0,83.54840757148108,94.1153488780418,92.75327644774578,90.4549437081269,89.34208819067644,89.29108382092522,87.63330883521549,92.72068779768256,91.61934249839429,90.39869830498493,88.13796256976825,88.08751463765748,87.99643743613856,91.47936810813768,0,0,0,85.81656384067043,86.70444475779006,90.10432301317918,88.89562632593486,87.70200066970354,86.52325812639283,84.92581121258698,85.47087736033656
97.1951802092228,0,91.60788045652954,90.49128072775986,84.77214514198369,85.9264181719504,95.5885417198904,93.07819759418761,91.6769087087524,91.38637184202905,0,83.57513766068693,94.14368039107995,92.78160796078393,90.4832752211779,89.37041970378968,89.31941509441542,87.66147804192711,92.74901931072071,91.64767401143246,90.42702981802634,88.16629408283211,88.11584398675755,88.02474919873228,91.50769962117585,0,0,0,85.84489144427232,86.73275830066933,90.13265452621732,88.92395783897301,87.7303321827417,86.55158963943097,84.9541379749972,85.49919241688914
97.22322840713056,0,91.63592865457655,90.5193289259805,84.79860793029748,85.95288096026418,95.61658991779818,93.10624579209538,91.70495690668962,91.41442004005532,0,83.60160044900073,94.17172858898772,92.80965615869172,90.51132341909198,89.39846790173415,89.34746305443755,87.6893655538595,92.77706750862849,91.67572220934022,90.45507801593573,88.19434228075241,88.14389003965188,88.05277783542903,91.53574781908361,0,0,0,85.8729357622612,86.76078869014519,90.1607027241251,88.95200603688077,87.75838038064948,86.57963783733877,84.98218144743936,85.52722428292685
97.25099612305925,0,91.66369637057333,90.54709664206216,84.82480609072813,85.97907912069482,95.64435763372687,93.13401350802408,91.73272462263272,91.44218775604193,0,83.62779860943138,94.19949630491642,92.83742387462038,90.53909113502375,89.4262356176808,89.37523053448831,87.71697418927309,92.80483522455717,91.70348992526893,90.4828457318652,88.22210999668727,88.1716556306165,88.08052618156074,91.56351553501231,0,0,0,85.90069963219251,86.78853876644801,90.18847044005379,88.97977375280946,87.78614809657817,86.60740555326747,85.00994447361717,85.55497580990124
97.27848616182865,0,91.69118640937602,90.57458668090638,84.85074226955447,86.00501529952118,95.67184767249627,93.16150354679348,91.76021466140917,91.46967779483967,0,83.65373478825772,94.22698634368582,92.86491391338981,90.56658117379465,89.453725656459,89.40272033954857,87.74430673762295,92.83232526332658,91.73097996403831,90.510335770635,88.24960003545968,88.19914356496129,88.10799704206465,91.5910055737817,0,0,0,85.92818586091369,86.8160113372615,90.2159604788232,89.00726379157888,87.81363813534757,86.63489559203687,85.03742986365017,85.58244981109515
97.30570130021036,0,91.71840154777401,90.60180181932466,84.87641908659255,86.03069211655927,95.69906281087799,93.18871868517519,91.78742979979434,91.49689293323522,0,83.6794116052958,94.25420148206753,92.89212905177152,90.59379631217712,89.480940794845,89.42993524646201,87.77136596012437,92.85954040170829,91.75819510242003,90.53755090901689,88.27681517384286,88.22635661959737,88.1351931928629,91.61822071216343,0,0,0,85.95539722606868,86.84320917993453,90.24317561720491,89.0344789299606,87.8408532737293,86.66211073041859,85.06464039675369,85.60964906691089
97.33264428720825,0,91.74534453477989,90.62874480634044,84.90183913546025,86.05611216542698,95.72600579787586,93.2156616721731,91.8143727867939,91.52383592023992,0,83.70483165416351,94.28114446906544,92.9190720387694,90.62073929917536,89.50788378184501,89.45687800425712,87.79815459021562,92.88648338870618,91.78513808941793,90.56449389601487,88.30375816084148,88.25329754350179,88.16211738158695,91.64516369916132,0,0,0,85.98233647691545,86.87013504294174,90.27011860420282,89.0614219169585,87.86779626072719,86.68905371741647,85.09157882298202,85.63657632741092
97.35931784433618,0,91.77201809191169,90.65541836347711,84.9270049838393,86.081278013806,95.75267935500379,93.242335229301,91.84104634392266,91.55050947737112,0,83.72999750254255,94.30781802619333,92.94574559589734,90.64741285630342,89.53455733897394,89.48355133444939,87.82467533391093,92.9131569458341,91.81181164654583,90.59116745314282,88.33043171796973,88.27996905807206,88.188772328136,91.67183725628922,0,0,0,86.00900633491928,86.89679164668273,90.29679216133074,89.08809547408642,87.89446981785511,86.7157272745444,85.11824786415495,85.66323431389876
97.38572466589281,0,91.79842491347024,90.68182518503802,84.95191917373454,86.10619220370123,95.77908617656041,93.26874205085764,91.8674531654797,91.5769162989294,0,83.75491169243777,94.33422484774998,92.97215241745397,90.67381967786018,89.56096416053104,89.50995793132698,87.85093087012109,92.93956376739075,91.83821846810248,90.61757427469948,88.35683853952655,88.30637385744839,88.21516072507185,91.69824407784587,0,0,0,86.03540949417167,86.92318168406231,90.32319898288735,89.11450229564305,87.92087663941174,86.74213409610104,85.14465021451194,85.68962571980003
97.41186741923389,0,91.82456766681224,90.7079679383812,84.97658422173082,86.13085725169752,95.80522892990149,93.29488480419869,91.89359591882096,91.60305905227126,0,83.77957674043407,94.36036760109101,92.99829517079503,90.69996243120127,89.58710691387239,89.53610046222934,87.87692385094441,92.96570652073181,91.86436122144354,90.64371702804057,88.38298129286768,88.3325146088062,88.2412852379633,91.72438683118695,0,0,0,86.0615486217443,86.94930782090206,90.34934173622844,89.1406450489841,87.94701939275282,86.7682768494421,85.17078854115817,85.71575321127423
97.43774874504155,0,91.85044899262037,90.7338492641899,85.00100261924713,86.15527564921383,95.83111025570915,93.32076613000636,91.9194772446287,91.6289403780793,0,83.80399513795038,94.3862489268987,93.02417649660266,90.72584375700896,89.61298823968016,89.56198156781944,87.90265690194697,92.99158784653945,91.89024254725122,90.66959835384823,88.40886261867541,88.3583939526379,88.26714850568733,91.75026815699462,0,0,0,86.08742635799652,86.97517269628894,90.3752230620361,89.16652637479177,87.97290071856047,86.79415817524976,85.1966654844324,85.74161942764525
97.46337125759113,0,91.87607150517015,90.75947177673999,85.02517683278829,86.17944986275499,95.85673276825874,93.34638864255595,91.94509975717834,91.65456289062907,0,83.82816935149154,94.41187143944828,93.04979900915228,90.75146626955852,89.63861075222981,89.58760386235195,87.92813262243313,93.01721035908905,91.91586505980078,90.69522086639783,88.434485131225,88.3840145030249,88.29275314071457,91.77589066954417,0,0,0,86.11304531686348,87.00077892287862,90.4008455745857,89.19214888734138,87.99852323111006,86.81978068779934,85.22228365821985,85.76722698175652
97.48873754501523,0,91.90143779259434,90.78483806416429,85.04910930419403,86.20338233416074,95.88209905568283,93.37175492998004,91.97046604460245,91.67992917805324,0,83.85210182289728,94.43723772687237,93.07516529657636,90.77683255698264,89.66397703965389,89.61296993393832,87.95335358571114,93.04257664651314,91.94123134722487,90.7205871538219,88.45985141864911,88.40937884790476,88.31810172938158,91.80125695696827,0,0,0,86.13840808613018,87.02612908718041,90.42621186200975,89.21751517476547,88.02388951853415,86.84514697522343,85.2476456502419,85.79257846027754
97.51385016956507,0,91.92655041714424,90.80995068871425,85.07280245088573,86.22707548085242,95.90721168023268,93.39686755452988,91.99557866915231,91.70504180260313,0,83.87579496958897,94.46235035142222,93.10027792112619,90.80194518153247,89.68908966420378,89.63808234480835,87.97832233935475,93.06768927106297,91.96634397177473,90.74569977837173,88.48496404319893,88.43448954933419,88.34319683215682,91.82636958151814,0,0,0,86.16351722769832,87.05122574982796,90.45132448655963,89.24262779931529,88.04900214308401,86.87025959977328,85.27275402232969,85.8176764239883
97.53871166786942,0,91.95141191544863,90.83481218701866,85.09625866611049,86.2505316960772,95.93207317853702,93.42172905283424,92.02044016745664,91.72990330090752,0,83.89925118481375,94.48721184972658,93.12513941943054,90.82680667983682,89.71395116250811,89.6629436315695,88.00304140546103,93.09255076936734,91.99120547007907,90.7705612766761,88.50982554150328,88.45934914374843,88.36804098390178,91.85123107982247,0,0,0,86.18837527784778,87.0760714458433,90.47618598486397,89.26748929761965,88.07386364138834,86.89512109807764,85.29761131068948,85.84252340804923
97.56332455119073,0,91.97602479876993,90.85942507034,85.11948031918301,86.27375334914971,95.95668606185833,93.44634193615553,92.04505305077798,91.7545161842288,0,83.92247283788626,94.51182473304786,93.14975230275186,90.85141956315812,89.73856404582942,89.68755630546289,88.02751328090588,93.11716365268865,92.01581835340038,90.79517415999739,88.53443842482461,88.48396014221814,88.39263669412787,91.87584396314378,0,0,0,86.21298474749416,87.10066868489562,90.50079886818529,89.29210218094096,88.09847652470965,86.91973398139893,85.322220026162,85.86712192226302
97.58769130567882,0,92.00039155325805,90.8837918248281,85.1424697557248,86.2967427856915,95.98105281634643,93.47070869064362,92.06941980526605,91.77888293871695,0,83.94546227442805,94.53619148753596,93.17411905723993,90.87578631764625,89.76293080031752,89.71192285261733,88.051740437596,93.14153040717672,92.04018510788846,90.81954091448549,88.55880517931269,88.50832503070289,88.41698644725112,91.90021071763186,0,0,0,86.23734812244335,87.12501995155587,90.52516562267336,89.31646893542906,88.12284327919775,86.94410073588703,85.3465826544779,85.89147445133139
97.61181439262202,0,92.02451464020126,90.90791491177133,85.16522929790119,86.31950232786788,96.00517590328964,93.49483177758685,92.09354289220927,91.80300602566014,0,83.96822181660443,94.5603145744792,93.19824214418315,90.89990940458944,89.78705388726075,89.73604573430019,88.07572532271917,93.16565349411992,92.06430819483167,90.8436640014287,88.5829282662559,88.53244627030274,88.44109270284274,91.92433380457507,0,0,0,86.26146786364262,87.1491277055488,90.54928870961656,89.34059202237223,88.14696636614097,86.96822382283025,85.37070165650974,85.91558345510737
97.63569624869581,0,92.04839649627503,90.93179676784511,85.1877612446558,86.34203427462249,96.02905775936341,93.51871363366062,92.11742474828307,91.82688788173391,0,83.99075376335904,94.58419643055296,93.22212400025695,90.92379126066322,89.81093574333453,89.75992738716621,88.09947035899103,93.18953535019372,92.08819005090545,90.86754585750248,88.60681012232968,88.55632629750652,88.4649578958783,91.94821566064884,0,0,0,86.28534640742971,87.17299438200139,90.57317056569033,89.36447387844602,88.17084822221472,86.99210567890404,85.39457946852079,85.93945136884473
97.65933928620885,0,92.07203953378809,90.95543980535815,85.21006787194287,86.36434090190956,96.05270079687645,93.54235667117366,92.1410677857961,91.85053091924699,0,84.0130603906461,94.607839468066,93.24576703776998,90.94743429817629,89.83457878084758,89.78357022350356,88.12297794490014,93.21317838770676,92.1118330884185,90.8911888950155,88.63045315984273,88.57996752443823,88.48858443698342,91.9718586981619,0,0,0,86.30898616577885,87.19662239168929,90.59681360320337,89.38811691595905,88.19449125972776,87.01574871641705,85.41821850241145,85.96308060344428
97.68274589334676,0,92.095446140926,90.97884641249607,85.23215143295705,86.38642446292374,96.07610740401437,93.56576327831158,92.16447439293401,91.87393752638488,0,84.0351439516603,94.6312460752039,93.2691736449079,90.97084090531416,89.8579853879855,89.80697663147753,88.14625045495015,93.23658499484468,92.13523969555641,90.91459550215345,88.65385976698063,88.6033723391006,88.51197471267741,91.99526530529981,0,0,0,86.33238952654442,87.2200141212802,90.6202202103413,89.41152352309697,88.21789786686566,87.03915532355495,85.44162114596313,85.98647354569763
97.70591843441329,0,92.11861868199252,91.0020189535626,85.2540141583611,86.4082871883278,96.09927994508091,93.58893581937811,92.18764693400053,91.89711006745142,0,84.05700667706435,94.65441861627043,93.29234618597441,90.99401344638072,89.881157929052,89.83014897537174,88.16929023989962,93.25975753591119,92.15841223662295,90.93776804321996,88.67703230804719,88.62654310561634,88.5351310856145,92.01843784636634,0,0,0,86.35555885370232,87.24317193357514,90.64339275140783,89.4346960641635,88.2410704079322,87.06232786462147,85.46478976307918,86.00963255852834
97.72885925006916,0,92.14155949764837,91.02495976921846,85.27565825651111,86.42993128647782,96.12222076073677,93.61187663503397,92.21058774965641,91.92005088310727,0,84.07865077521436,94.6773594319263,93.31528700163028,91.01695426203655,89.9040987447079,89.853089595827,88.19209962699962,93.28269835156706,92.1813530522788,90.96070885887583,88.69997312370303,88.64948216446692,88.55805589482213,92.0413786620222,0,0,0,86.3784964875886,87.26609816774715,90.6663335670637,89.45763687981938,88.26401122358807,87.08526868027735,85.48772669402406,86.03255998123065
97.75157065756846,0,92.16427090514769,91.04767117671774,85.29708591367962,86.45135894364634,96.1449321682361,93.6345880425333,92.23329915715571,91.94276229060658,0,84.10007843238289,94.70007083942563,93.3379984091296,91.03966566953588,89.92681015220715,89.87580081007775,88.2146809202286,93.30540975906636,92.20406445977811,90.98342026637513,88.72268453120233,88.67219183272898,88.58075145593772,92.0640900695215,0,0,0,86.40120474513603,87.28879513957736,90.689044974563,89.48034828731869,88.28672263108739,87.10798008777668,85.51043425565946,86.05525812970595
97.77405495099278,0,92.186755198572,91.07015547014207,85.31829929427646,86.47257232424317,96.16741646166038,93.65707233595762,92.25578345058004,91.9652465840309,0,84.1212918129797,94.72255513284996,93.36048270255392,91.06214996296019,89.9492944456315,89.89828491218594,88.23703640052533,93.32789405249072,92.22654875320242,91.00590455979945,88.74516882462665,88.69467440430844,88.60322006144214,92.08657436294581,0,0,0,86.423685920108,87.31126514168929,90.7115292679873,89.50283258074299,88.30920692451168,87.130464381201,85.53291474167851,86.07772929669645
97.79631440148285,0,92.20901464906208,91.09241492063215,85.33930054106733,86.49357357103405,96.18967591215045,93.67933178644766,92.27804290107011,91.98750603452099,0,84.14229305977058,94.74481458334,93.382742153044,91.08440941345027,89.97155389612156,89.92054417327307,88.25916832601902,93.3501535029808,92.24880820369252,91.02816401028952,88.76742827511673,88.71693215017207,88.62546398089154,92.10883381343591,0,0,0,86.44594228333021,87.3335104437801,90.73378871847737,89.52509203123304,88.33146637500174,87.15272383169105,85.55517042283739,86.09997575201704
97.81835125746801,0,92.23105150504726,91.11445177661733,85.36009177539029,86.514364805357,96.21171276813563,93.70136864243283,92.30007975705527,92.00954289050615,0,84.16308429409354,94.76685143932517,93.40477900902916,91.10644626943545,89.99359075210675,89.94258084174935,88.28107893225783,93.37219035896594,92.2708450596777,91.05020086627471,88.78946513110189,88.7389673185771,88.6474854611464,92.1308706694211,0,0,0,86.4679760829202,87.35553329285001,90.75582557446255,89.54712888721822,88.3535032309869,87.17476068767621,85.57720354718462,86.12199974278441
97.84016774489332,0,92.25286799247257,91.13626826404266,85.38067509737002,86.53494812733673,96.23352925556094,93.72318512985814,92.32189624448058,92.03135937793147,0,84.18366761607327,94.78866792675048,93.42659549645447,91.12826275686078,90.01540723953207,89.96439714354086,88.30277043243424,93.39400684639125,92.29266154710298,91.07201735370003,88.81128161852723,88.76078213529807,88.66928672659873,92.15268715684638,0,0,0,86.48978954451431,87.37733591342919,90.7776420618879,89.56894537464355,88.37531971841224,87.19657717510152,85.5990163402884,86.14380349364414
97.86176606744439,0,92.27446631502364,91.15786658659371,85.40105258612996,86.55532561609667,96.255127578112,93.74478345240922,92.34349456703164,92.05295770048254,0,84.2040451048332,94.81026624930155,93.44819381900552,91.1498610794118,90.03700556208315,89.98599528231445,88.32424501760889,93.4156051689423,92.31425986965405,91.09361567625108,88.8328799410783,88.78237880385184,88.69086997939655,92.17428547939744,0,0,0,86.51138487149248,87.39892050780259,90.79924038443895,89.59054369719465,88.39691804096331,87.2181754976526,85.62061100546114,86.16538920699524
97.88314840676995,0,92.29584865434917,91.17924892591928,85.42122630000229,86.575499329969,96.27650991743755,93.76616579173476,92.3648769063572,92.07434003980808,0,84.22421881870554,94.8316485886271,93.46957615833108,91.17124341873739,90.05838790140868,90.00737743970032,88.3455048569318,93.43698750826786,92.3356422089796,91.11499801557663,88.85426228040383,88.80375950572005,88.71223739966638,92.19566781872301,0,0,0,86.53276424520087,87.42028925623228,90.8206227237645,89.61192603652019,88.4183003802889,87.23955783697815,85.64198972398218,86.18675906321283
97.90431692270225,0,92.31701717028147,91.20041744185156,85.4411982767359,86.59547130670262,96.29767843336985,93.78733430766707,92.3860454222895,92.09550855574037,0,84.24419079543915,94.85281710455939,93.49074467426338,91.19241193466968,90.07955641734098,90.0285457755123,88.36655209786147,93.45815602420016,92.35681072491191,91.13616653150893,88.87543079633613,88.82492640056961,88.73339114573353,92.21683633465531,0,0,0,86.55392982517218,87.44144431717766,90.8417912396968,89.63309455245249,88.43946889622119,87.26072635291048,85.663154655318,86.20791522086827
97.92527375347522,0,92.33797400105445,91.22137427262453,85.46097053370218,86.6152435636689,96.31863526414281,93.80829113844003,92.40700225306246,92.11646538651335,0,84.26396305240543,94.87377393533237,93.51170150503634,91.21336876544267,90.10051324811396,90.04950242796617,88.38738886638184,93.47911285497314,92.37776755568487,91.15712336228191,88.89638762710912,88.84588162647064,88.75433335434,92.23779316542827,0,0,0,86.57488374934377,87.46238782751358,90.86274807046978,89.65405138322546,88.46042572699416,87.28168318368344,85.68410793734047,86.22885981694715
97.94602101594047,0,92.3587212635197,91.24212153508978,85.48054506809879,86.63481809806551,96.33938252660808,93.82903840090528,92.42774951552771,92.13721264897859,0,84.28353758680204,94.8945211977976,93.53244876750159,91.23411602790786,90.12126051057922,90.0702495138955,88.408017267217,93.49986011743837,92.39851481815013,91.17787062474714,88.91713488957436,88.86662730011267,88.7750661408604,92.25854042789354,0,0,0,86.59562813427362,87.48312190274616,90.88349533293503,89.6747986456907,88.48117298945941,87.30243044614869,85.70485168654268,86.24959496706522
97.96656080578107,0,92.37926105336028,91.26266132493036,85.49992385715143,86.65419688711815,96.35992231644869,93.84957819074589,92.44828930536829,92.15775243881917,0,84.30291637585469,94.9150609876382,93.55298855734218,91.25465581774847,90.14180030041976,90.09078912896555,88.42843938404383,93.52039990727896,92.4190546079907,91.19841041458776,88.93767467941494,88.88716551701829,88.79559159951559,92.2790802177341,0,0,0,86.61616507535419,87.50364863722639,90.90403512277562,89.6953384355313,88.5017127793,87.3229702359893,85.72538799825287,86.27012276568215
97.98689519772326,0,92.39959544530247,91.28299571687253,85.51910885831354,86.67338188828026,96.38025670839087,93.86991258268809,92.4686236973105,92.17808683076134,0,84.3221013770168,94.93539537958043,93.57332294928437,91.27499020969064,90.16213469236197,90.11112334788486,88.44865727970236,93.54073429922116,92.43938899993289,91.21874480652991,88.95800907135713,88.90749835175484,88.81591180358424,92.29941460967628,0,0,0,86.63649664702396,87.52397010436182,90.92436951471778,89.71567282747348,88.52204717124218,87.34330462793147,85.74571894684598,86.29044528631286
98.00702624574602,0,92.41972649332526,91.3031267648953,85.53810200946404,86.69237503943076,96.40038775641362,93.89004363071085,92.48875474533328,92.19821787878413,0,84.34109452816729,94.95552642760319,93.59345399730717,91.29512125771343,90.18226574038471,90.131254224615,88.46867299640431,93.56086534724393,92.45952004795566,91.23887585455267,88.97814011937987,88.92762785814399,88.83602880561219,92.31954565769905,0,0,0,86.65662490297701,87.54408835682591,90.94450056274054,89.73580387549623,88.54217821926495,87.36343567595424,85.76584658595316,86.31056458173727
98.02695598328856,0,92.43965623086778,91.32305650243786,85.55690522910304,86.71117825906974,96.42031749395616,93.90997336825338,92.50868448287582,92.21814761632666,0,84.35989774780629,94.97545616514572,93.6133837348497,91.31505099525597,90.20219547792726,90.15118379257783,88.48848855593924,93.58079508478649,92.47944978549822,91.25880559209523,88.9980698569224,88.94755606946929,88.85594463761984,92.3394753952416,0,0,0,86.67655187637054,87.56400542676535,90.96443030028308,89.75573361303876,88.56210795680747,87.38336541349678,85.78577294866926,86.33048268420747
98.04668642345567,0,92.45938667103492,91.34278694260496,85.57552041654563,86.72979344651233,96.44004793412327,93.92970380842048,92.52841492304292,92.2378780564938,0,84.37851293524888,94.99518660531282,93.63311417501681,91.3347814354231,90.22192591809439,90.17091406486105,88.50810595987882,93.6005255249536,92.49918022566534,91.27853603226235,89.01780029708954,88.96728499868132,88.87566131130743,92.35920583540873,0,0,0,86.69627958003012,87.58372332600536,90.9841607404502,89.77546405320588,88.58183839697458,87.40309585366387,85.80550004775819,86.35020160565297
98.06621955922111,0,92.47891980680033,91.36232007837044,85.5939494521138,86.74822248208051,96.45958106988871,93.94923694418593,92.54794805880836,92.25741119225924,0,84.39694197081704,95.01471974107827,93.65264731078224,91.35431457118855,90.24145905385986,90.19044703442145,88.52752718977902,93.62005866071902,92.51871336143077,91.2980691680278,89.037333432855,88.98681663860125,88.89518081825813,92.37873897117417,0,0,0,86.7158100066531,87.60324404625298,91.00369387621565,89.79499718897132,88.60137153274002,87.42262898942931,85.82502987585622,86.36972333788394
98.0855573636289,0,92.49825761120815,91.38165788277821,85.61219419732629,86.766467227293,96.4789188742965,93.96857474859371,92.56728586321614,92.27674899666702,0,84.41518671602954,95.03405754548605,93.67198511519005,91.37365237559632,90.26079685826764,90.20978467428627,88.54675420738023,93.63939646512682,92.53805116583855,91.31740697243558,89.05667123726279,89.00615296212199,88.91450513013936,92.39807677558194,0,0,0,86.7351451290099,87.62256955929813,91.02303168062345,89.8143349933791,88.62070933714782,87.4419667938371,85.84436440567326,86.38904985279264
98.1047017899926,0,92.51740203757183,91.40080230914192,85.63025649508666,86.78452952505336,96.49806330066022,93.98771917495743,92.58643028957987,92.29589342303072,0,84.43324901378992,95.05320197184977,93.69112954155375,91.39279680196005,90.27994128463135,90.22892893775237,88.56578895480544,93.65854089149052,92.55719559220226,91.33655139879929,89.07581566362649,89.02529592240752,88.93363619890178,92.41722120194567,0,0,0,86.75428690014313,87.64170181721286,91.04217610698716,89.83347941974283,88.63985376351151,87.4611112202008,85.86350559019218,86.40818310255224
98.12365477209268,0,92.53635501967192,91.41975529124198,85.64813816986943,86.80241119983611,96.51701628276028,94.0066721570575,92.60538327167994,92.31484640513081,0,84.45113068857268,95.07215495394983,93.71008252365381,91.4117497840601,90.29889426673141,90.24788175858386,88.58463335475635,93.67749387359059,92.57614857430232,91.35550438089938,89.09476864572656,89.04424745309018,88.95257595697656,92.43617418404573,0,0,0,86.773237253565,87.66064275254845,91.06112908908723,89.8524324018429,88.6588067456116,87.48006420230087,85.8824553628659,86.4271250198143
98.14241822437175,0,92.55511847195099,91.43851874352107,85.66584102790434,86.82011405787105,96.53577973503937,94.02543560933658,92.62414672395902,92.33360985740987,0,84.46883354660758,95.09091840622892,93.72884597593288,91.43051323633917,90.31765771901048,90.26664505120702,88.6032893107078,93.69625732586965,92.59491202658141,91.37426783317842,89.11353209800563,89.06300946846602,88.9713263174706,92.45493763632481,0,0,0,86.79199810345267,87.67939427853067,91.0798925413663,89.87119585412198,88.67757019789067,87.49882765457996,85.90121563781287,86.44587751790372
98.16099404212804,0,92.57369428970728,91.45709456127734,85.68336685735893,86.83763988732562,96.55435555279564,94.04401142709285,92.64272254171529,92.35218567516617,0,84.4863593760622,95.10949422398518,93.74742179368917,91.44908905409547,90.33623353676676,90.28522071090393,88.62175870709969,93.71483314362595,92.61348784433767,91.39284365093472,89.1321079157619,89.08158386368811,88.9898891743597,92.47351345408109,0,0,0,86.81057134484145,87.69795828925307,91.09846835912259,89.88977167187826,88.69614601564696,87.51740347233624,85.91978831001039,86.46444249101222
98.17938410170676,0,92.59208434928598,91.47548462085607,85.70071742851896,86.85499045848567,96.57274561237438,94.06240148667159,92.66111260129402,92.37057573474486,0,84.50370994722222,95.12788428356393,93.76581185326788,91.46747911367417,90.35462359634548,90.30361061400389,88.64004340952768,93.73322320320464,92.63187790391642,91.41123371051343,89.15049797534063,89.09997251495794,89.00826640267991,92.4919035136598,0,0,0,86.82895885381635,87.71633665986825,91.11685841870131,89.90816173145699,88.71453607522568,87.53579353191498,85.93817525548592,86.48282181438967
98.1975902606897,0,92.61029050826893,91.493690779839,85.71789449396739,86.87216752393412,96.59095177135731,94.08060764565451,92.67931876027694,92.38878189372782,0,84.52088701267066,95.14609044254684,93.78401801225083,91.48568527265711,90.37282975532841,90.32181661807284,88.65814526493139,93.75142936218761,92.65008406289932,91.42943986949636,89.16870413432356,89.11817727971513,89.02645985871689,92.51010967264273,0,0,0,86.84716248770147,87.73453124677727,91.13506457768423,89.92636789043992,88.73274223420862,87.5539996908979,85.95637833150671,86.50101734453332
98.2156143580828,0,92.62831460566203,91.51171487723211,85.73489978876137,86.88917281872807,96.60897586875042,94.09863174304762,92.69734285767005,92.40680599112092,0,84.53789230746462,95.16411453993996,93.80204210964392,91.5037093700502,90.39085385272152,90.33984056210112,88.67606610178106,93.7694534595807,92.66810816029245,91.44746396688946,89.18672823171669,89.13619999682469,89.04447138019354,92.52813377003584,0,0,0,86.86518408524778,87.75254388781717,91.15308867507733,89.94439198783301,88.75076633160172,87.572023788291,85.97439937676725,86.51903091937557
98.23345821450198,0,92.64615846208122,91.52955873365126,85.75173503060739,86.9060080605741,96.62681972516958,94.1164755994668,92.71518671408923,92.4246498475401,0,84.55472754931064,95.18195839635914,93.81988596606311,91.52155322646936,90.40869770914067,90.3576842666891,88.69380773026224,93.78729731599988,92.68595201671161,91.46530782330865,89.20457208813583,89.1540424867632,89.06230278645538,92.545977626455,0,0,0,86.88302546681858,87.77037640244671,91.1709325314965,89.96223584425219,88.76861018802089,87.58986764471018,85.99224021157524,86.53686435846933
98.25112363235696,0,92.66382387993619,91.54722415150626,85.76840192003493,86.92267495000165,96.64448514302457,94.13414101732175,92.7328521319442,92.44231526539508,0,84.5713944387382,95.19962381421409,93.83755138391808,91.53921864432438,90.42636312699565,90.37534953423119,88.7113719424586,93.80496273385486,92.70361743456658,91.48297324116362,89.22223750599083,89.1717065518023,89.07995587865464,92.56364304430998,0,0,0,86.90068843457372,87.78803059192991,91.18859794935149,89.97990126210718,88.78627560587587,87.60753306256515,86.00990263803509,86.55451946317221
98.26861239603339,0,92.68131264361261,91.5647129151827,85.78490214056822,86.93917517053492,96.66197390670098,94.15162978099819,92.75034089562061,92.4598040290715,0,84.58789465927147,95.21711257789053,93.85504014759451,91.55670740800079,90.44385189067212,90.39283814909787,88.72876051253297,93.82245149753129,92.72110619824304,91.50046200484003,89.23972626966726,89.18919397619099,89.0974324399319,92.58113180798642,0,0,0,86.91817477265128,87.80550823951833,91.20608671302791,89.99739002578359,88.80376436955231,87.62502182624159,86.0273884402304,86.571998016828
98.28592627207306,0,92.69862651965225,91.58202679122236,85.80123735889616,86.95551038886288,96.67928778274064,94.16894365703786,92.76765477166029,92.47711790511116,0,84.60422987759941,95.2344264539302,93.87235402363417,91.57402128404046,90.46116576671177,90.41015187781592,88.74597519690664,93.83976537357096,92.7384200742827,91.51777588087971,89.25704014570691,89.20650652633583,89.11473423559634,92.5984456840261,0,0,0,86.93548624734805,87.82281111063084,91.22340058906758,90.01470390182325,88.82107824559195,87.64233570228126,86.0446993844037,86.5893017849473
98.30306700935232,0,92.71576725693154,91.5991675285016,85.81740922504083,86.97168225500755,96.69642852001994,94.18608439431712,92.78479550893955,92.49425864239043,0,84.62040174374408,95.25156719120946,93.88949476091345,91.59116202131972,90.47830650399102,90.42729246924675,88.76301773443659,93.85690611085023,92.75556081156196,91.53491661815897,89.27418088298619,89.22364595097925,89.13186301330418,92.61558642130537,0,0,0,86.95262460729788,87.83994095303221,91.24054132634686,90.03184463910253,88.83821898287121,87.65947643956052,86.06183721913528,86.60643251538536
98.32003633925879,0,92.732736586838,91.6161368584081,85.83341937252406,86.98769240249078,96.7133978499264,94.20305372422361,92.80176483884603,92.51122797229691,0,84.63641189122731,95.26853652111595,93.90646409081991,91.60813135122622,90.49527583389751,90.44426165476327,88.7798898465912,93.8738754407567,92.77253014146844,91.55188594806545,89.29115021289266,89.24061398137617,89.14882050323497,92.63255575121184,0,0,0,86.96959158364825,87.85689949700958,91.25751065625333,90.048813969009,88.8551883127777,87.67644576946698,86.07880367551955,86.62339193851903
98.33683597586621,0,92.74953622344542,91.63293649501547,85.84926941853246,87.00354244849918,96.73019748653381,94.21985336083102,92.81856447545346,92.5280276089043,0,84.6522619372357,95.28533615772335,93.92326372742734,91.62493098783361,90.51207547050493,90.46106114842465,88.79659323762426,93.89067507736411,92.78932977807584,91.56868558467288,89.30794984950005,89.25741233146914,89.1656084182664,92.64935538781924,0,0,0,86.98638889023503,87.8736884555472,91.27431029286075,90.06561360561642,88.87198794938512,87.6932454060744,86.09560046734002,86.6401817674214
98.35346761610755,0,92.76616786368677,91.64956813525681,85.86496096408077,87.01923399404747,96.74682912677514,94.23648500107234,92.83519611569479,92.54465924914565,0,84.66795348278401,95.30196779796468,93.93989536766867,91.64156262807496,90.52870711074625,90.47769264714938,88.81312959474701,93.90730671760545,92.80596141831718,91.58531722491419,89.32458148974142,89.2740426980612,89.18222845414753,92.66598702806058,0,0,0,87.003018223756,87.89030952449943,91.29094193310209,90.08224524585776,88.88861958962646,87.70987704631574,86.11222929124224,86.65680369803475
98.36993293994648,0,92.78263318752569,91.66603345909576,85.88049559417358,87.03476862414028,96.76329445061408,94.25295032491128,92.8516614395337,92.56112457298457,0,84.68348811287683,95.31843312180361,93.95636069150758,91.65802795191387,90.54517243458518,90.49415783088688,88.82950058829852,93.92377204144437,92.82242674215611,91.60178254875314,89.34104681358032,89.29050676098731,89.19868228966986,92.6824523518995,0,0,0,87.01948126394176,87.90676438276213,91.307407256941,90.09871056969669,88.90508491346537,87.72634237015467,86.12869182690545,86.67325940934195
98.38623361054701,0,92.79893385812622,91.6823341296963,85.89587487796547,87.05014790793219,96.77959512121463,94.26925099551183,92.86796211013423,92.57742524358511,0,84.69886739666872,95.33473379240415,93.97266136210813,91.67432862251442,90.56147310518571,90.510458362787,88.84570787191454,93.94007271204491,92.83872741275663,91.61808321935366,89.35734748418088,89.30680618328418,89.21497158683694,92.69875302250003,0,0,0,87.03577967372563,87.92305469244221,91.32370792754152,90.11501124029722,88.92138558406593,87.7426430407552,86.14498973721203,86.68955056353609
98.40237127444153,0,92.81507152202074,91.69847179359081,85.91110036891946,87.06537339888617,96.79573278510914,94.28538865940637,92.88409977402878,92.59356290747962,0,84.7140928876227,95.3508714562987,93.98879902600267,91.69046628640895,90.57761076908025,90.52659588936814,88.86175308269438,93.95621037593943,92.85486507665118,91.63422088324819,89.37348514807539,89.32294261135807,89.2310979910324,92.71489068639458,0,0,0,87.0519150994117,87.93918209902547,91.33984559143605,90.13114890419172,88.93752324796046,87.75878070464975,86.16112466841552,86.70567880618829
98.41834756169712,0,92.83104780927633,91.7144480808464,85.9261736049639,87.08044663493061,96.81170907236474,94.30136494666195,92.90007606128438,92.60953919473523,0,84.72916612366714,95.36684774355429,94.00477531325826,91.70644257366455,90.59358705633583,90.54257204068347,88.87763784136642,93.97218666319503,92.87084136390676,91.65019717050379,89.38946143533099,89.33891767515124,89.24706313118585,92.73086697365017,0,0,0,87.06788917084087,87.95514823154294,91.35582187869166,90.1471251914473,88.95349953521601,87.77475699190532,86.17709825030704,86.72164576641396
98.43416408608014,0,92.84686433365938,91.73026460522944,85.94109610864788,87.0953691386146,96.82752559674776,94.31718147104499,92.9158925856674,92.62535571911829,0,84.74408862735113,95.38266426793732,94.02059183764129,91.72225909804759,90.60940358071888,90.5583884304856,88.89336375245176,93.98800318757806,92.88665788828979,91.66601369488683,89.40527795971403,89.35473298830648,89.2628686199378,92.74668349803319,0,0,0,87.08370350155577,87.97095470273518,91.37163840307467,90.16294171583036,88.96931605959902,87.79057351628832,86.19291209637957,86.73745305703737
98.44982244521934,0,92.86252269279856,91.74592296436866,85.95586938729505,87.11014241726176,96.84318395588696,94.33283983018417,92.93155094480662,92.64101407825747,0,84.75886190599829,95.3983226270765,94.03625019678049,91.73791745718678,90.62506193985809,90.57404665638975,88.9089324044262,94.00366154671727,92.90231624742898,91.68167205402601,89.42093631885324,89.37039014833012,89.27851605380225,92.76234185717239,0,0,0,87.09935968896355,87.98660310921554,91.38729676221388,90.17860007496954,88.98497441873823,87.80623187542751,86.20856780399141,86.75310227475454
98.46532422076714,0,92.8780244683464,91.76142473991645,85.97049493315572,87.12476796312244,96.85868573143476,94.34834160573197,92.9470527203544,92.6565158538053,0,84.77348745185897,95.41382440262431,94.05175197232828,91.75341923273459,90.6405637154059,90.58954830003488,88.92434536988092,94.01916332226507,92.91781802297682,91.69717382957381,89.43643809440104,89.38589073675358,89.29400701332798,92.7778436327202,0,0,0,87.11485931449718,88.0020950316311,91.40279853776168,90.19410185051736,89.00047619428604,87.82173365097532,86.22406695452715,86.76859500029454
98.48067097855947,0,92.89337122613873,91.7767714977088,85.9849742235578,87.1392472535245,96.87403248922709,94.3636883635243,92.96239947814675,92.6718626115976,0,84.78796674226105,95.42917116041664,94.06709873012062,91.76876599052689,90.6559104731982,90.60489492724354,88.93960420568112,94.03451008005739,92.93316478076913,91.71252058736619,89.45178485219334,89.40123631929279,89.30934306325852,92.79319039051254,0,0,0,87.13020394377554,88.01743203482245,91.41814529555403,90.20944860830969,89.01582295207838,87.83708040876765,86.23941111355748,86.78393279857916
98.49586426877387,0,92.90856451635314,91.7919647879232,85.99930872105585,87.15358175102256,96.88922577944149,94.3788816537387,92.97759276836115,92.68705590181202,0,84.80230123975909,95.44436445063104,94.08229202033503,91.7839592807413,90.67110376341259,90.62008808818008,88.95471045312331,94.0497033702718,92.94835807098353,91.72771387758056,89.46697814240778,89.4164284460066,89.32452575268975,92.80838368072692,0,0,0,87.1453951267611,88.03261566798194,91.43333858576842,90.22464189852411,89.0310162422928,87.85227369898207,86.25460183099756,86.7991172188809
98.51090562608613,0,92.92360587366541,91.80700614523546,86.01349987357892,87.16777290354564,96.90426713675373,94.39392301105094,92.99263412567339,92.70209725912429,0,84.81649239228217,95.45940580794328,94.09733337764727,91.79900063805358,90.68614512072486,90.63512931750726,88.96966563809107,94.06474472758406,92.96339942829579,91.74275523489281,89.48201949972002,89.43146865145329,89.33955661522667,92.82342503803919,0,0,0,87.1604343979168,88.04764746480984,91.44837994308067,90.23968325583637,89.04605759960508,87.86731505629434,86.26964064126322,86.81414979497967
98.52579656982526,0,92.93849681740453,91.82189708897461,86.02754911457677,87.18182214454349,96.91915808049286,94.40881395479009,93.00752506941252,92.7169882028634,0,84.83054163328002,95.47429675168242,94.11222432138639,91.8138915817927,90.70103606446402,90.65002013454117,88.98447127120913,94.07963567132317,92.97829037203493,91.75764617863196,89.49691044345916,89.44635845484547,89.35443716913818,92.83831598177832,0,0,0,87.17532327636093,88.06252894366945,91.46327088681981,90.25457419957549,89.06094854334421,87.8822060000335,86.28452906342623,86.82903204531745
98.54053860412701,0,92.95323885170626,91.83663912327634,86.04145786316465,87.19573089313135,96.93390011479462,94.42355598909184,93.02226710371427,92.73173023716514,0,84.84445038186789,95.48903878598418,94.12696635568815,91.82863361609442,90.71577809876574,90.66476204340478,88.99912884799602,94.09437770562492,92.99303240633668,91.7723882129337,89.5116524777609,89.46109936020375,89.36916891751059,92.85305801608007,0,0,0,87.19006326602062,88.07726160774044,91.47801292112156,90.26931623387723,89.07569057764593,87.89694803433524,86.29926860136759,86.84376547315182
98.55513321808574,0,92.96783346566498,91.85123373723505,86.05522752426663,87.20950055423334,96.94849472875336,94.43815060305057,93.036861717673,92.74632485112386,0,84.85822004296988,95.50363339994291,94.14156096964689,91.84322823005317,90.73037271272445,90.67935653317971,89.01363984901505,94.10897231958366,93.00762702029539,91.78698282689244,89.52624709171963,89.47569285650846,89.38375334839928,92.86765263003879,0,0,0,87.20465585578371,88.09184694517072,91.49260753508028,90.28391084783597,89.09028519160466,87.91154264829396,86.31386074392954,86.85835156670784
98.56958188590488,0,92.98228213348413,91.86568240505419,86.06885948875761,87.22313251872431,96.96294339657248,94.45259927086971,93.05131038549214,92.76077351894301,0,84.87185200746084,95.51808206776205,94.15600963746603,91.85767689787231,90.74482138054361,90.6938050780569,89.02800574002389,94.12342098740281,93.02207568811454,91.80143149471155,89.54069575953878,89.4901404178501,89.3981919349791,92.88210129785793,0,0,0,87.21910251964918,88.10628642922671,91.50705620289942,90.29835951565511,89.1047338594238,87.9259913161131,86.32830696506589,86.87279179932828
98.58388606704582,0,93.05929310909809,91.87998658619516,89.75925464357692,87.23662816357036,96.97724757771344,94.46690345201064,93.06561456663309,92.77507770008397,0,86.31480724357617,95.53238624890298,94.17031381860699,91.87198107901327,91.49912934261985,90.70810913748534,89.0422279721226,94.13772516854377,93.03637986925548,91.81573567585251,89.5549999406797,89.50444350357833,89.41248613569309,92.89640547899889,0,0,0,87.233404716876,88.12058151844214,91.52136038404038,90.31266369679605,89.11903804056476,87.94029549725404,86.77857866134835,86.88708762962257
98.59804720637537,0,93.12932600230307,91.94381150674732,90.5012817956948,87.6140019034553,96.99140871704297,94.4810645913402,93.08598367861543,92.8624992137261,0,86.61177638814918,95.54654738823253,94.1844749579365,91.8861422183428,91.51329046989984,91.30835315082022,89.19782448143604,94.15188630787328,93.05054100858504,91.82989681518205,89.64242145432186,89.51860355844929,89.42663739439993,92.91056661832845,0,0,0,87.24756389213051,88.1347336567654,91.53552152336992,90.3268248361256,89.13319917989429,87.95445663658359,86.8359003882694,86.94440152541229
98.61206673431161,0,93.19374185223496,92.0142509551509,90.69875250889146,88.02370259375246,97.00542824497923,94.49508411927644,93.1055345101854,92.8863521691515,0,86.7938087141509,95.56056691616877,94.19849448587276,91.90077633557166,91.6433544188182,91.38039476637836,89.70401865992197,94.16590583580953,93.06456053652127,91.84391634311831,89.66369375812214,90.00405252147306,89.45465727397378,92.92458614626467,0,0,0,87.26158147563254,88.14874427370545,91.54954105130619,90.34084436406184,89.14721870783055,87.96847616451983,86.85419261993378,86.96695894561269
98.6259460669685,0,93.2530719068497,92.07460325627603,90.79363975324002,88.4082955094137,97.0193075776361,94.50896345193331,93.12446392305979,92.92168626408979,0,87.23075690406009,95.57444624882565,94.21237381852963,91.9152032672883,91.67082685706103,91.53859698120132,89.781870787796,94.17978516846641,93.07843986917815,91.85785652011515,89.6897795132668,90.06598940714916,89.89063312743578,92.93846547892156,0,0,0,87.64883184619111,88.17371081017168,91.56342038396305,90.35472369671874,89.16109804048742,87.98235549717671,86.86849475776076,86.98209946976381
98.63968660629881,0,93.30780899738599,92.13106561274118,90.86022645011214,88.76036163445838,97.03304811696641,94.52270399126363,93.14275829617084,92.94537300828374,0,87.37893153093833,95.58818678815597,94.22611435785994,91.9294497881498,91.71590174575958,91.58214892323903,89.99358642222954,94.19352570779672,93.09218040850847,91.87165729534203,89.70612239459366,90.237029660541,89.94986618866093,92.95220601825187,0,0,0,87.73869533344205,88.55981315990906,91.57716092329338,90.36846423604904,89.17483857981775,87.99609603650703,86.91924088755519,87.0047877901809
98.65328974023582,0,93.35839088799183,92.18235214941117,90.91812880241321,89.08064463486352,97.04665125090342,94.53630712520064,93.16047018084883,92.96991433905887,0,87.5759488895316,95.60178992209298,94.23971749179695,91.94350971498484,91.7403836949882,91.63909286243582,90.04861292144564,94.20712884173373,93.10578354244548,91.88531648480439,89.72313296780587,90.27900481694752,90.1445140497802,92.96580915218887,0,0,0,87.92127983199023,88.65384636226122,91.59076405723037,90.38206736998606,89.18844171375474,88.00969917044404,86.94404374679229,87.31785086174384
98.66675684283346,0,93.40521282910477,92.22991996564805,90.97021240521146,89.3717491211023,97.06011835350108,94.5497742277983,93.1776434028536,92.99144323182782,0,87.65853931391221,95.61525702469062,94.2531845943946,91.95738913340286,91.76684981169926,91.66827555668961,90.13248737804103,94.22059594433136,93.11925064504312,91.89883435939593,89.73805880558169,90.34505860179019,90.19251528410942,92.97927625478653,0,0,0,87.98190930825334,88.8353926206568,91.60423115982802,90.39553447258369,89.2019088163524,88.02316627304167,86.97534877729113,87.42577388515596
98.68008927440513,0,93.44863132761486,92.27384351720109,91.01819866902513,89.63627949501809,97.07345078507275,94.56310665936996,93.19431878270449,93.01237378301744,0,87.74132078756311,95.62858945626228,94.26651702596627,91.97109349722322,91.78816384392678,91.69866513255532,90.16852864610232,94.23392837590303,93.13258307661475,91.91221263666122,89.7528627657524,90.3744010757776,90.27110653248891,92.99260868635817,0,0,0,88.05819930357993,88.89738499597675,91.61756359139969,90.40886690415536,89.21524124792406,88.03649870461335,86.9951162387179,87.58334209914244
98.69328838166108,0,93.48896807239258,92.31465152419261,91.06248740209023,89.8767266982946,97.08664989232868,94.57630576662591,93.21053323187998,93.0320392046536,0,87.78625620365054,95.64178856351825,94.27971613322221,91.9846280950825,91.80910614049787,91.72145931901498,90.20857308966897,94.24712748315898,93.14578218387072,91.92545310393345,89.76703404259393,90.40771574550972,90.30405110258168,93.00580779361412,0,0,0,88.09512849767196,88.97331921938732,91.63076269865562,90.42206601141132,89.22844035518001,88.0496978118693,87.01518521274126,87.64999629226175
98.70635549784447,0,93.5265133424579,92.3525850954907,91.10357651277441,90.09534974098742,97.09971700851209,94.5893728828093,93.22632018774775,93.05099432845331,0,87.82686861534064,95.65485567970163,94.29278324940562,91.99799782475752,91.82827770408129,91.74360039466227,90.23433620397685,94.26019459934238,93.15884930005409,91.93855752832818,89.7809967364414,90.43043321003225,90.34191820904026,93.0188749097975,0,0,0,88.13268719443256,89.01058479723356,91.64382981483901,90.43513312759468,89.2415074713634,88.0627649280527,87.0312817243314,87.71872179075005
98.71929194286602,0,93.56152908671702,92.3879529301971,91.14175554515795,90.29421069398445,97.11265345353364,94.60230932783085,93.24170992873928,93.06915100585384,0,87.85531425938713,95.66779212472318,94.30571969442715,92.01120722742075,91.84680573185757,91.76322526849714,90.25964140818623,94.27313104436394,93.17178574507567,91.9515276255983,89.79465573204766,90.4531000921752,90.36615028146537,93.03181135481907,0,0,0,88.15808702952049,89.04798314873483,91.65676625986055,90.44806957261623,89.25444391638493,88.07570137307424,87.04694274597537,87.75663350740204
98.73209902343736,0,93.59425169921005,92.4209843263489,91.17732631865738,90.4751755273108,97.12546053410497,94.61511640840219,93.25672988274167,93.08667537110493,0,87.88098821864214,95.68059920529451,94.3185267749985,92.02426051586572,91.86443641373211,91.78208635033775,90.28039940219413,94.28593812493527,93.184592825647,91.96436506054881,89.80811456440047,90.47239420798752,90.39031010413797,93.0446184353904,0,0,0,88.18225622065006,89.07339197056785,91.6695733404319,90.46087665318757,89.26725099695628,88.08850845364556,87.0612534352489,87.79155670288235
98.74477803320298,0,93.62489452238758,92.45190565582229,91.21053019756248,90.639936700381,97.13813954387061,94.6277954181678,93.27140490474704,93.10358672039943,0,87.9025119938289,95.69327821506015,94.33120578476412,92.03716160518458,91.88147523366924,91.79982721495003,90.30027092342272,94.2986171347009,93.19727183541264,91.97707144997746,89.8213596747898,90.4910564316528,90.41016155862955,93.05729744515604,0,0,0,88.20244538365668,89.09743477340784,91.68225235019752,90.4735556629532,89.2799300067219,88.1011874634112,87.07520615122127,87.81655464436473
98.75733025287094,0,93.65365010501728,92.48091020697692,91.24159425852862,90.79002608959816,97.15069176353856,94.6403476378358,93.28575752781855,93.11995739261933,0,87.9225119461289,95.70583043472814,94.34375800443209,92.04991414065091,91.89790257574968,91.81692586607971,90.3184178359338,94.31116935436887,93.20982405508062,91.98964836610784,89.8344212443196,90.50838375634893,90.42928955785524,93.069849664824,0,0,0,88.22160482941841,89.11753608998399,91.6948045698655,90.48610788262117,89.29248222638986,88.11373968307915,87.08862797297458,87.83945265930201
98.76975695034223,0,93.68069223882445,92.5081767755337,91.27071654711438,90.9268310774263,97.16311846100986,94.65277433530707,93.29980818948711,93.13582242752223,0,87.9408442913931,95.7182571321994,94.3561847019034,92.06252152300894,91.91382341562083,91.83334449261417,90.33583363482956,94.32359605184018,93.2222507525519,92.00209733979295,89.84730156414427,90.52511265535044,90.44679937369422,93.0822763622953,0,0,0,88.2392148860492,89.13657228084219,91.70723126733678,90.49853458009247,89.30490892386116,88.12616638055044,87.10179487643559,87.8589685658627
98.7820593808388,0,93.70617779555181,92.53386417425149,91.29807788255133,91.05160742815116,97.17542089150642,94.66507676580363,93.31357543598469,93.15122610499809,0,87.95826740848085,95.73055956269597,94.36848713239995,92.07498693130621,91.92926209814429,91.8492354028202,90.35238556099407,94.33589848233673,93.23455318304849,92.01441986343848,89.86001246611276,90.54112483099644,90.46365740868906,93.09457879279189,0,0,0,88.2560921525598,89.15406803348806,91.71953369783337,90.51083701058903,89.31721135435774,88.13846881104702,87.11468373988195,87.87728082721455
98.79423878703041,0,93.73024838399915,92.55811675172274,91.32383984675235,91.16549192885526,97.18760029769801,94.67725617199524,93.3270761064754,93.16620124626706,0,87.9748263111865,95.74273896888758,94.38066653859157,92.08731334350365,91.94426908623699,91.86462124487812,90.3683649959334,94.34807788852835,93.24673258924008,92.02661739365413,89.87255871370473,90.55663775663898,90.47970977200289,93.10675819898348,0,0,0,88.27217672456791,89.17082252610047,91.73171310402499,90.52301641678065,89.32939076054934,88.15064821723864,87.12737411170097,87.8942263746651
98.8062963991601,0,93.75303184468432,92.58106420192831,91.34814875702136,91.2695134534385,97.1996579098277,94.68931378412492,93.34032549924301,93.18078047428652,0,87.99076068639418,95.75479658101726,94.39272415072125,92.09950355507736,91.95887291129331,91.8795657574499,90.38377909817923,94.36013550065803,93.25879020136978,92.03869135365676,89.88494692796831,90.57165460602853,90.49523666793942,93.11881581111318,0,0,0,88.28771402907425,89.18678706524246,91.74377071615467,90.53507402891036,89.34144837267904,88.16270582936832,87.13986892084361,87.91042988882181
98.81823343516851,0,93.77464359803878,92.60282384393525,91.37113630181744,91.36460321395882,97.21159494583611,94.70125082013331,93.35333752160335,93.1949915696094,0,88.00612366166399,95.76673361702565,94.40466118672964,92.11156019580831,91.97310599757512,91.89409816172866,90.39872981797934,94.37207253666642,93.27072723737817,92.05064313544955,89.89718171618307,90.58625425589518,90.51023649815335,93.13075284712156,0,0,0,88.30272605631195,89.20220304934537,91.75570775216306,90.54701106491875,89.35338540868746,88.17464286537673,87.15219372890158,87.92591493782889
98.83005110081682,0,93.79518786049128,92.62350145558763,91.39292147215657,91.45160395751724,97.22341261148442,94.71306848578162,93.36612482513644,93.20886037141939,0,88.02100650084911,95.77855128267396,94.41647885237795,92.12348574493811,91.98699350052681,91.90825483942426,90.41324539991102,94.38389020231473,93.28254490302646,92.06247410179803,89.9092678469381,90.60046014730841,90.52480572453413,93.14257051276986,0,0,0,88.31730135212905,89.21709528799751,91.76752541781136,90.55882873056704,89.36520307433577,88.18646053102506,87.1643542081145,87.94087757308785
98.84175058980865,0,93.81475874138623,92.6431926063828,91.4136116043124,91.53127835189136,97.23511210047627,94.72476797477347,93.37869892767657,93.22240986216337,0,88.03544964389765,95.79025077166581,94.42817834136977,92.13528254484984,92.00055973201604,91.92206163610376,90.42737324313696,94.39558969130654,93.2942443920183,92.07418558802382,89.92120936202308,90.61431111639976,90.53896816477122,93.1542700017617,0,0,0,88.3314697040408,89.23155140120356,91.7792249068032,90.57052821955887,89.37690256332758,88.19816002001689,87.17636064103596,87.95535741443305
98.85333308391057,0,93.83344123241511,92.66198356756395,91.43330364190902,91.60431656036214,97.24669459457817,94.73635046887539,93.39107032335795,93.23566103222132,0,88.0494986380562,95.80183326576771,94.4397608354717,92.1469528134192,92.0138256847478,91.93554421025456,90.44114017885241,94.40717218540848,93.3058268861202,92.08577890363298,89.93301012602474,90.62783039094683,90.55276794397832,93.1658524958636,0,0,0,88.3452734936078,89.24560187591798,91.79080740090511,90.58211071366078,89.38848505742948,88.20974251411877,87.18821794001597,87.96942879724465
98.86479975307147,0,93.85131210009429,92.67995227145151,91.45208510660864,91.67134311583166,97.25816126373907,94.74781713803628,93.4032485818869,93.24863281207836,0,88.06318375198624,95.81329993492861,94.45122750463258,92.15849865516569,92.02681074286298,91.94872402783919,90.45457540614302,94.41863885456937,93.31729355528113,92.09725533379536,89.94467363694382,90.6410430434519,90.56622913305215,93.17731916502451,0,0,0,88.35873833121293,89.25928887321388,91.80227407006599,90.59357738282168,89.39995172659037,88.22120918327965,87.19993172311082,87.98312371271585
98.87615175554075,0,93.86844069079082,92.69716910654414,91.4700350500981,91.73292314176027,97.26951326620834,94.75916914050555,93.41524243809548,93.26134241527157,0,88.07653410455855,95.82465193739789,94.46257950710188,92.16992207132157,92.03953223278354,91.96162104840529,90.46770130566745,94.42999085703866,93.32864555775039,92.1086161406898,89.95620317796681,90.65396880427825,90.57937865407025,93.1886711674938,0,0,0,88.37189078365218,89.27263816661556,91.81362607253529,90.60492938529094,89.41130372905967,88.23256118574895,87.21150600853554,87.99647927573224
98.88739023798534,0,93.88488965686608,92.71369766776607,91.48722487230239,91.78956798926811,97.28075174865295,94.77040762295016,93.42705987272952,93.27380544356505,0,88.08957318679121,95.83589041984249,94.47381798954648,92.18122496892443,92.05200596174802,91.97425292378023,90.48053923344125,94.44122933948324,93.33988404019497,92.11986256472741,89.9676017890906,90.66662647170865,90.59223690074438,93.19990964993838,0,0,0,88.38475165906486,89.28567626010013,91.82486455497988,90.61616786773556,89.42254221150424,88.24379966819355,87.22294474153973,88.00951997110202
98.89851633560549,0,93.9007156116679,92.7295954162597,91.5037190775866,91.84174034079584,97.29187784627311,94.78153372057032,93.43870818532979,93.28603607852367,0,88.10232256387013,95.84701651746265,94.48494408716661,92.19240916902905,92.06424622268129,91.98663578185786,90.49310751429995,94.45235543710338,93.35101013781514,92.13099582566596,89.97887231859713,90.6790323459276,90.60482349945384,93.21103574755853,0,0,0,88.39734052959058,89.29842398938688,91.83599065260003,90.6272939653557,89.43366830912439,88.25492576581368,87.23425128086915,88.02226960455083
98.90953117224943,0,93.91596972034375,92.74491428242453,91.51957594703983,91.88985883233016,97.30289268291706,94.79254855721426,93.45019405998069,93.29804720503635,0,88.11480101897185,95.85803135410659,94.49595892381058,92.20347641412454,92.07626602432855,91.99878415301434,90.50542299950048,94.46337027374734,93.36202497445905,92.1420171236244,89.99001742951401,90.69120142521845,90.61715523683966,93.22205058420245,0,0,0,88.40967430535343,89.31090089894622,91.84700548924395,90.63830880199966,89.44468314576835,88.26594060245762,87.24542879575995,88.03474736725097
98.92043586052694,0,93.93069823276437,92.75970120577088,91.5348481491941,91.93430223836312,97.31379737119455,94.80345324549177,93.46152362462607,93.30985054587326,0,88.12702561736081,95.8689360423841,94.50686361208807,92.21442837483488,92.08807718253554,92.01071126351326,90.51750071851271,94.47427496202485,93.3729296627366,92.15292764000871,90.00103962384094,90.70314714315637,90.62924759471925,93.23295527247998,0,0,0,88.42176847399868,89.32312389280268,91.85791017752145,90.64921349027713,89.45558783404586,88.27684529073514,87.25648016415666,88.04697095210348
98.93123150192167,0,93.94494296423103,92.77399862376215,91.54958328851096,91.97541326115174,97.32459301258928,94.81424888688649,93.4727025045818,93.32145677114619,0,88.13901164129952,95.87973168377883,94.51765925348282,92.22526665597259,92.0996904565281,92.02242911082845,90.52935436869843,94.48507060341959,93.38372530413132,92.16372853835689,90.01194125471817,90.71488175533996,90.64111437390008,93.2437509138747,0,0,0,88.43363688169319,89.33510843933097,91.8687058189162,90.66000913167186,89.46638347544057,88.28764093212988,87.2674080854396,88.05895578360946
98.94191918690245,0,93.95874172908344,92.7878449117669,91.56382440114479,92.01350196124879,97.33528069757006,94.82493657186727,93.48373587081424,93.33287560257753,0,88.15077296498646,95.89041936875961,94.5283469384636,92.23599280200932,92.11111564366108,92.03394861732095,90.5409963312809,94.49575828840038,93.39441298911211,92.17442096511061,90.02272454179204,90.72641636300935,90.65276816822416,93.2544385988555,0,0,0,88.44529213701064,89.34686837091026,91.87939350389699,90.67069681665265,89.47707116042133,88.29832861711064,87.27821506999301,88.070715906986
98.95249999503342,0,93.97212873182397,92.80127478035419,91.57761040154604,92.04884886318601,97.34586150570104,94.83551737999824,93.49462848349707,93.34411590467225,0,88.16232214144178,95.90100017689058,94.53892774659457,92.24660830201974,92.1223616777551,92.04527972283226,90.55243787710603,94.50633909653135,93.40499379724308,92.18500605032166,90.03339158272748,90.73776108320979,90.66422036502033,93.26501940698648,0,0,0,88.45674564978756,89.3584162795177,91.88997431202796,90.68127762478365,89.48765196855231,88.3089094252416,87.28890347824499,88.08226391648185
98.96297499508309,0,93.98513491992136,92.8143196334222,91.59097648554663,92.08170776685179,97.35633650575069,94.8459923800479,93.50538473130912,93.35518576828251,0,88.17367058267345,95.91147517694024,94.54940274664422,92.25711459415093,92.13343671096077,92.05643148858022,90.5636892486229,94.516814096581,93.41546879729275,92.19548490829831,90.04394436464254,90.74892512331019,90.67548133940791,93.27549440703615,0,0,0,88.46800780890338,89.36976356009731,91.90044931207764,90.69175262483331,89.49812696860201,88.31938442529126,87.29947552846656,88.09361126545598
98.97334524513225,0,93.99778830204954,92.82700789134648,91.6039544938086,92.11230829233406,97.36670675579985,94.85636263009707,93.51600866689108,93.36609258529073,0,88.18482866027867,95.9218454269894,94.5597729966934,92.26751306966335,92.14434819067013,92.06741217965806,90.57475977924157,94.52718434663018,93.42583904734191,92.20585863819834,90.05438477385698,90.75991688365652,90.68656052572497,93.2858646570853,0,0,0,88.47908806319273,89.38092058634213,91.9108195621268,90.70212287488248,89.50849721865119,88.32975467534047,87.3099333152303,88.10476833219539
98.98361179268093,0,94.01011423514836,92.83936528241033,91.61657323972052,92.1408581833567,97.37697330334855,94.86662917764576,93.52650403883645,93.3768431162974,0,88.19580581989452,95.93211197453809,94.57003954424208,92.27780507658504,92.15510292723306,92.07822934427888,90.58565797570353,94.53745089417885,93.43610559489058,92.21612832457309,90.06471460494126,90.77074403094778,90.69746652804875,93.29613120463398,0,0,0,88.48999502815991,89.39189679267812,91.92108610967549,90.71238942243116,89.51876376619985,88.34002122288915,87.32027881933351,88.1157445674781
98.99377567475412,0,94.02213568336201,92.85141510570956,91.62885880513365,92.16754539210315,97.38713718542172,94.87679305971895,93.53687432055705,93.38744355151316,0,88.20661066909632,95.94227585661129,94.58020342631526,92.28799192301727,92.16570715577308,92.08888988251604,90.59639160311526,94.54761477625203,93.44626947696376,92.22629503786798,90.07493556874715,90.78141357283488,90.70820719458042,93.30629508670717,0,0,0,88.50073656277361,89.40270078047756,91.93124999174866,90.72255330450436,89.52892764827304,88.35018510496234,87.33051391943003,88.12654857509541
99.00383791800658,0,94.0338734516107,92.86317846828776,91.64083480713843,92.19253996607215,97.39719942867418,94.8868553029714,93.54712273632894,93.39789956576796,0,88.21725106214836,95.95233809986372,94.59026566956771,92.29807488012575,92.1761665915462,92.09940010945202,90.60696775545671,94.55767701950448,93.45633172021621,92.23635983488293,90.08504929971895,90.79193192052213,90.71878969566093,93.31635732995962,0,0,0,88.51131984666709,89.41334039508956,91.94131223500112,90.73261554775681,89.53898989152552,88.36024734821478,87.34064040086832,88.13718820509625
99.01379953882652,0,94.04534639628172,92.87467449904719,91.6525226386973,92.21599575567699,97.40716104949412,94.89681692379132,93.55725228479524,93.40821636809609,0,88.22773417262708,95.96229972068365,94.60022729038764,92.3080551848476,92.18648648005642,92.10976581147203,90.61739292170913,94.56763864032442,93.46629334103615,92.24632375919708,90.09505736246253,90.8023049472286,90.72922058795761,93.32631895077955,0,0,0,88.52175144498744,89.42382280289736,91.95127385582104,90.74257716857674,89.54895151234545,88.37020896903473,87.3506599642921,88.14767062490142
99.02366154343825,0,94.05657161528174,92.8859205417023,91.66394168570744,92.23805195953923,97.41702305410587,94.90667892840308,93.56726576017452,93.41839874648909,0,88.23806656017379,95.97216172529541,94.61008929499936,92.31793404234226,92.19667164216774,92.11999229731605,90.62767304398373,94.57750064493612,93.4761553456479,92.25618784156106,90.10496125769347,90.81253803977745,90.73950587494109,93.33618095539128,0,0,0,88.53203736874565,89.43415455620301,91.96113586043278,90.75243917318845,89.55881351695717,88.38007097364647,87.36057423299418,88.15800238822487
99.03342492800387,0,94.06756461947332,92.89693232883407,91.6751095227983,92.2588345228345,97.42678643867147,94.9164423129687,93.5771657714,93.42845110826137,0,88.24825422974953,95.98192510986104,94.619852679565,92.32771262821132,92.20672651484553,92.13008444396911,90.63781357055068,94.58726402950177,93.4859187302135,92.26595310025957,90.11476242760263,90.82263614560513,90.74965105992223,93.34594433995689,0,0,0,88.54218312807365,89.44434165352324,91.97089924499839,90.76220255775407,89.56857690152276,88.38983435821207,87.37038475970023,88.16818949401348
99.04309067872383,0,94.07833948731933,92.9077241388953,91.68604208995065,92.27845740260257,97.43645218939145,94.92610806368864,93.58695475939199,93.43837751647308,0,88.25830268536654,95.99159086058098,94.62951843028497,92.33739209050977,92.21665518788886,92.14004673812552,90.64781950330102,94.59692978022174,93.49558448093346,92.27562054144771,90.12446226070794,90.83260381488849,90.75966119450258,93.35561009067686,0,0,0,88.55219378069735,89.45438959283649,91.98056499571834,90.77186830847403,89.57824265224272,88.399500108932,87.38009303259356,88.17823744070807
99.05265977193659,0,94.08890900438132,92.91830893783838,91.6967538518153,92.29702371262401,97.44602128260419,94.9356771569014,93.59663501264649,93.44818172279007,0,88.26821697831699,96.00115995379375,94.63908752349772,92.34697355156882,92.22646143708158,92.14988331355637,90.65769544070244,94.6064988734345,93.50515357414623,92.28519115946308,90.13406209623767,90.84244523866124,90.7695409219093,93.36517918388964,0,0,0,88.56207397537153,89.46430342002589,91.99013408893111,90.78143740168677,89.58781174545548,88.40906920214476,87.38970048078995,88.18815127438336
99.06213317421722,0,94.09928478915576,92.92869850687222,91.70725794142741,92.3146267592777,97.45549468488483,94.94515055918203,93.60620868130498,93.4578671971331,0,88.2780017507431,96.01063335607436,94.64856092577837,92.35645810964904,92.23614875409713,92.15959798483816,90.66744561645905,94.61597227571514,93.51462697642687,92.29466593711598,90.14356322809337,90.85216428313319,90.7792945162318,93.37465258617027,0,0,0,88.57182799116404,89.47408777229649,91.99960749121176,90.79091080396742,89.5972851477361,88.4185426044254,87.39920847925863,88.19793563242267
99.07151184247505,0,94.10947740658698,92.93890355770787,91.71756628984542,92.33135097871774,97.46487335314265,94.95452922743986,93.61567778985385,93.4674371544295,0,88.2876612748827,96.0200120243322,94.65793959403616,92.36584684044014,92.24572037348365,92.16919427777408,90.67707393442234,94.62535094397296,93.5240056446847,92.3040458459598,90.1529669084327,90.86176452068,90.78892591772829,93.38403125442811,0,0,0,88.58145977282409,89.48374691743818,92.00898615946959,90.80028947222526,89.60666381599393,88.42792127268322,87.40861835327675,88.20759478271526
99.0807967240503,0,94.11949647046453,92.94893383651848,91.72768974309402,92.3472727847322,97.4741582347179,94.96381410901509,93.62504424858805,93.47689457875221,0,88.29719948848927,96.02929690590743,94.66722447561145,92.3751407984222,92.25517929701138,92.17867545684601,90.68658400006555,94.63463582554822,93.53329052625993,92.31333184654389,90.16227435090988,90.87124925778701,90.79843876471276,93.39331613600334,0,0,0,88.59097296271453,89.49328478917677,92.01827104104484,90.80957435380051,89.61594869756921,88.43720615425848,87.4179313824491,88.21713265907425
99.0899887568098,0,94.12935073579412,92.9587982177197,91.73763816765523,92.3624613357627,97.48335026747739,94.9730061417746,93.63430986395973,93.48624224510121,0,88.30662002677279,96.03848893866693,94.6764165083709,92.38434101810232,92.26452831564329,92.18804454998168,90.69597914888904,94.64382785830769,93.54248255901943,92.3225248886495,90.17148673360695,90.88062156026866,90.8078364223023,93.40250816876285,0,0,0,88.60037092960455,89.50270501908975,92.02746307380434,90.81876638656001,89.62514073032871,88.44639818701798,87.42714880434391,88.2265528931388
99.0990888692417,0,94.13904818212457,92.96850478856821,91.74742054562974,92.37697922876244,97.49245037990931,94.9821062542065,93.64347634792121,93.49548273905906,0,88.31592625122113,96.04758905109884,94.68551662080283,92.39344851513806,92.27377002936046,92.19730437090426,90.70526247204394,94.6529279707396,93.55158267145133,92.33162591151181,90.18060520168618,90.88988427602051,90.81712200836269,93.41160828119473,0,0,0,88.60965679465352,89.51201096538415,92.03656318623624,90.82786649899194,89.63424084276062,88.4554982994499,87.43627181777913,88.23585884316986
99.10809798054927,0,94.1485960887172,92.97806092547776,91.75704506058071,92.39088312684467,97.50145949121689,94.9911153655141,93.65254532636055,93.50461847452856,0,88.3251212756006,96.05659816240644,94.6945257321104,92.40246428735972,92.28290686505295,92.20645753929902,90.71443683945496,94.66193708204717,93.56059178275892,92.3406358440278,90.18963086979097,90.899040055551,90.82629841691363,93.42061739250231,0,0,0,88.61883345485198,89.52120573886698,92.04557229754381,90.8368756102995,89.64324995406822,88.46450741075749,87.44530158579515,88.24505362001818
99.11701700074379,0,94.15800110235672,92.98747336286463,91.76651917497337,92.4042243270161,97.51037851141139,95.00003438570862,93.66151834671878,93.5136517097401,0,88.33420798941724,96.06551718260094,94.70344475230495,92.41138931569989,92.29194109266582,92.21550649901208,90.72350492068374,94.67085610224171,93.56951080295342,92.34955560495241,90.19856482421957,90.90809137050857,90.83536833925028,93.42953641269682,0,0,0,88.62790360417458,89.53029222637376,92.05449131773833,90.845794630494,89.65216897426272,88.47342643095202,87.454239238344,88.25414011055817
99.12584683073635,0,94.16726929852501,92.99674825525439,91.77584970003352,92.4170492736937,97.51920834140395,95.00886421570117,93.67039688486884,93.5225845616988,0,88.34318907908613,96.07434701259349,94.71227458229748,92.42022456504097,92.30087483977064,92.22445353447388,90.73246920375566,94.67968593223426,93.57834063294602,92.35838610308369,90.20740812489397,90.91704053040108,90.8443342830015,93.43836624268941,0,0,0,88.6368697526671,89.5392731119105,92.06332114773087,90.85462446048656,89.66099880425526,88.48225626094457,87.46308587472333,88.26312099882932
99.13458836242899,0,94.1764062365878,93.00589123331017,91.78504285876811,92.4294000231644,97.52794987309659,95.0176057473938,93.67918235132835,93.53141901922359,0,88.35206704703354,96.08308854428614,94.72101611399012,92.4289709849869,92.30971010471742,92.23330078552095,90.74133201214998,94.6884274639269,93.58708216463864,92.36712823743758,90.21616180714406,90.92588969768495,90.85319858932861,93.44710777438203,0,0,0,88.64573424367084,89.54815089573036,92.07206267942354,90.8633659921792,89.66974033594789,88.49099779263717,87.47184256577975,88.27199878511482
99.1432424788047,0,94.18541700958123,93.01490745437837,91.79410434281773,92.44131466365752,97.5366039894723,95.02625986376951,93.68787609687179,93.54015695471679,0,88.36084422893542,96.09174266066185,94.72967023036583,92.437629510568,92.31844876850536,92.2420502607736,90.75009552013245,94.69708158030261,93.59573628101435,92.37578289741383,90.22482688332485,90.93464090138337,90.86196344844664,93.45576189075774,0,0,0,88.6544992693672,89.55692791154897,92.08071679579923,90.87202010855492,89.6783944523236,88.49965190901288,87.48051035590424,88.28077580315701
99.15181005401665,0,94.19430628912718,93.02380164808874,91.80303936374557,92.45282769525782,97.54517156468427,95.03482743898148,93.69647941760022,93.54880013478794,0,88.36952280927412,96.1003102358738,94.73823780557778,92.446201062884,92.32709260549849,92.25070384970978,90.75876176659352,94.70564915551455,93.60430385622631,92.38435096295355,90.23340434428295,90.94329604937806,90.8706309136321,93.4643294659697,0,0,0,88.66316688480634,89.56560634208044,92.08928437101119,90.88058768376686,89.68696202753556,88.50821948422484,87.48909026484007,88.28945423569384
99.16029195347649,0,94.20307836595474,93.03257815749353,91.81185269930789,92.46397037348552,97.55365346414409,95.04330933844132,93.70499355952244,93.55735022984452,0,88.37810483537835,96.10879213533364,94.74671970503763,92.45468654969243,92.33564329309883,92.2592633335645,90.76733266753784,94.7141310549744,93.61278575568612,92.39283330468913,90.24189516068758,90.95185693950373,90.87920291386615,93.47281136542951,0,0,0,88.67173902056922,89.57418823305842,92.09776627047103,90.88906958322671,89.6954439269954,88.51670138368468,87.49758328932107,88.29803612848055
99.16868903394172,0,94.21173718645841,93.0412409761826,91.82054873519782,92.4747710200071,97.56205054460932,95.05170641890653,93.71341972269458,93.56580882275041,0,88.38659223009489,96.11718921579887,94.75511678550286,92.46308686594675,92.3441024204793,92.26773039516803,90.77581002735829,94.72252813543965,93.62118283615136,92.40123078408718,90.25030028423865,90.9603252695639,90.88768126524599,93.48120844589477,0,0,0,88.68021749419609,89.58267550589112,92.10616335093624,90.89746666369194,89.70384100746065,88.52509846414992,87.50599040455738,88.30652340294462
99.1770021436023,0,94.22028638568122,93.04979378176942,91.82913150270579,92.48525530361093,97.57036365426991,95.06001952856712,93.72175906496209,93.57417741664364,0,88.39498680322656,96.12550232545946,94.76342989516344,92.47140289428967,92.35247149646868,92.27610662782807,90.78419554901183,94.73084124510021,93.62949594581197,92.40954425358524,90.25862064876414,90.96870264637207,90.8960676812863,93.48952155555537,0,0,0,88.68860402050325,89.59106996908345,92.11447646059683,90.90577977335249,89.71215411712123,88.53341157381053,87.51431256558334,88.31491786760846
99.18523212216627,0,94.22872931707322,93.0582399661024,91.83760471269713,92.4954464942852,97.57859363283387,95.06824950713109,93.73001270534228,93.58245744199553,0,88.40329026185623,96.13373230402343,94.77165987372742,92.47963550550564,92.36075195667141,92.28439354334901,90.79249084320661,94.7390712236642,93.63772592437593,92.41777455672269,90.26685717121755,90.9769905939148,90.90436378221813,93.49775153411933,0,0,0,88.69690022089577,89.59937332854784,92.12270643916082,90.91400975191648,89.72038409568516,88.54164155237449,87.52255070848051,88.32322122840007
99.19337980094461,0,94.23706907934113,93.06658266252369,91.84597178626714,92.50536569296513,97.58674131161222,95.07639718590941,93.73818172708312,93.5906502629857,0,88.41150421966717,96.14187998280175,94.77980755250576,92.48778555893654,92.36894516989706,92.29259257927288,90.80069743669577,94.74721890244254,93.64587360315427,92.42592252826633,90.27501075258537,90.98519056072253,90.91257110338421,93.50589921289766,0,0,0,88.70510763177543,89.60758719691167,92.13085411793915,90.92215743069484,89.72853177446352,88.5497892311528,87.53070575148884,88.33143509796106
99.20144600293517,0,94.24530854067417,93.0748247704636,91.85423588239965,92.51503203927237,97.59480751360276,95.08446338789996,93.74626718042975,93.59875718325948,0,88.41963020535715,96.1499461847923,94.78787375449629,92.49585390286416,92.3770524439674,92.300705105418,90.80881677976619,94.75528510443307,93.65393980514482,92.43398899433127,90.2830822787127,90.9933039265251,90.92069110281939,93.51396541488822,0,0,0,88.71322771213228,89.61571310192032,92.13892031992971,90.9302236326854,89.73659797645409,88.55785543314336,87.53877859601619,88.33956100404957
99.20943154290582,0,94.25345036060324,93.08296897763253,91.8623999229223,92.52446289934926,97.60279305357342,95.09244892787062,93.75427008512705,93.60677945112903,0,88.42766967023553,96.15793172476296,94.79585929446692,92.5038413748624,92.38507503096143,92.30873242978454,90.81685025300052,94.7632706444037,93.66192534511546,92.44197477249703,90.29107262105569,91.00133200826272,90.92872516809484,93.52195095485887,0,0,0,88.72126185039909,89.62375249402415,92.14690585990037,90.93820917265603,89.74458351642474,88.565840973114,87.54677012755623,88.34760039712741
99.21733722747676,0,94.26149700972506,93.09101778004515,91.87046661502359,92.5336740356895,97.61069873814438,95.10035461244159,93.76219143268462,93.61471826427143,0,88.43562399508305,96.16583740933393,94.80376497903788,92.51174880212258,92.39301413195423,92.31667580388813,90.82479917338405,94.77117632897465,93.66983102968639,92.44988067192001,90.29898263736736,91.00927606551525,90.93667462249951,93.5298566394298,0,0,0,88.72921137064198,89.631706753229,92.15481154447131,90.94611485722699,89.75248920099567,88.57374665768496,87.55468121652386,88.3555546572108
99.225163855202,0,94.2694507875008,93.0989735000896,91.87843847157043,92.5426797606867,97.6185253658696,95.10818124016683,93.77003218842665,93.62257477397416,0,88.44349449634662,96.17366403705915,94.81159160676314,92.51957700175386,92.40087090129803,92.32453642757869,90.83266479982008,94.77900295669991,93.67765765741161,92.45770749344183,90.3068131723235,91.01713730540622,90.94454073062278,93.53768326715502,0,0,0,88.73707753815131,89.63957719528284,92.16263817219652,90.95394148495222,89.76031582872092,88.58157328541019,87.5625127190159,88.3634251000571
99.23291221664998,0,94.27731383831744,93.10683830283295,91.8863178294419,92.55149307545733,97.62627372731758,95.1159296016148,93.77779329334834,93.6303500889713,0,88.45128243173413,96.18141239850713,94.8193399682111,92.52732678106139,92.40864645049146,92.33231545339355,90.8404483381123,94.78675131814788,93.68540601885964,92.46545602969437,90.31456505809446,91.02491688703401,90.95232470339691,93.54543162860303,0,0,0,88.7448615644917,89.64736507726322,92.17038653364449,90.96168984640019,89.76806419016889,88.58932164685818,87.5702654775044,88.37121298275223
99.24058309448348,0,94.28508816598232,93.11461421073604,91.89410686607319,92.56012579534722,97.63394460515109,95.1236004794483,93.78547566579742,93.638045278911,0,88.45898900526831,96.18908327634063,94.82701084604463,92.53499893780442,92.41634185167631,92.34001399049156,90.84815094546566,94.7944221959814,93.69307689669311,92.47312706520165,90.32223911486794,91.03261592547534,90.96002770265312,93.5531025064365,0,0,0,88.75256461206467,89.65507160262408,92.17805741147802,90.96936072423368,89.77573506800239,88.59699252469167,87.57794032146928,88.37891950875786
99.24817726353865,0,94.29277564680419,93.12230311693305,91.90180761438542,92.56858866339562,97.64153877420624,95.13119464850345,93.79308020299793,93.64566137749037,0,88.46661537185194,96.19667744539578,94.83460501509977,92.54259426043625,92.4239581407988,92.34763310820837,90.85577373455354,94.80201636503655,93.7006710657483,92.48072137647854,90.3298361513276,91.04023549540389,90.96765084523736,93.56069667549168,0,0,0,88.76018779823065,89.66269792575545,92.18565158053318,90.97695489328886,89.78332923705754,88.60458669374684,87.58553806797566,88.38654583247076
99.25569549090326,0,94.30037804139933,93.12990679721683,91.90942197625928,92.57689145290965,97.64905700157087,95.13871287586808,93.80060778243153,93.65319938528984,0,88.4741626413931,96.20419567276042,94.84212324246438,92.55011352832719,92.43149632046818,92.35517383927026,90.86331777719286,94.80953459240115,93.70818929311292,92.48823973212721,90.33735696509153,91.04777663436096,90.97519520673048,93.56821490285631,0,0,0,88.76773219903451,89.67024515610262,92.1931698078978,90.98447312065346,89.79084746442217,88.61210492111145,87.59305952220193,88.39409306334251
99.26313853599423,0,94.30789700534753,93.13742692085643,91.91695173469508,92.58504306019216,97.65650004666183,95.14615592095905,93.80805926309044,93.6606602723366,0,88.48163188253258,96.21163871785139,94.84956628755538,92.5575575119731,92.4389573625417,92.3626371827003,90.87078410766628,94.81697763749214,93.71563233820387,92.49568289293042,90.34480234311516,91.05524034571242,90.98266182481012,93.57565794794726,0,0,0,88.77519885257246,89.67771436188912,92.20061285298877,90.99191616574444,89.79829050951312,88.61954796620242,87.60050547792268,88.40156226960217
99.27050715063429,0,94.3153340988106,93.14486506036134,91.92439856478792,92.59305158836602,97.6638686613019,95.15352453559912,93.81543548661432,93.66804498042404,0,88.48902412601315,96.21900733249146,94.85693490219542,92.56492697318993,92.44634221046324,92.37002410644588,90.87817372572555,94.82434625213219,93.72300095284395,92.50305161194291,90.35217306206093,91.06262760132323,90.99005170229022,93.58302656258735,0,0,0,88.78258876203593,89.6851065734813,92.20798146762883,90.9992847803845,89.80565912415318,88.62691658084246,87.60787671795134,88.40895448162112
99.27780207912794,0,94.32269079521505,93.15222270029574,91.93176404363419,92.60092442314814,97.67116358979557,95.16081946409277,93.82273727832253,93.67535442521017,0,88.49634036772525,96.22630226098511,94.8642298306891,92.57222266529594,92.45365178137978,92.37733554975603,90.88548759930717,94.83164118062587,93.7302958813376,92.51034663458054,90.35946988863867,91.0699393439759,90.99736580986948,93.59032149108099,0,0,0,88.78990289846419,89.69242278643006,92.21527639612249,91.00657970887816,89.81295405264684,88.63421150933613,87.61517401454596,88.41627069495486
99.28502405833666,0,94.32996848909055,93.1595012452354,91.93904965927379,92.60866830134478,97.67838556900428,95.16804144330149,93.82996544815207,93.68258949811734,0,88.50358157146088,96.23352424019382,94.8714518098978,92.57944533328319,92.4608869680566,92.38457242533225,90.89272666698865,94.83886315983459,93.73751786054633,92.51756869870714,90.36669357991963,91.07717648955908,91.00460508861691,93.59754347028972,0,0,0,88.79714220323345,89.69966396422114,92.22249837533121,91.01380168808689,89.82017603185558,88.64143348854485,87.62239812978221,88.42351187309319
99.2921738177533,0,94.33716850314674,93.16670202695163,91.94625681876265,92.6162893727663,97.68553532842091,95.17519120271814,93.83712079150978,93.68975106805235,0,88.51074867140427,96.24067399961048,94.87860156931443,92.58659571397813,92.46804864061185,92.39173562127507,90.89989184021084,94.8460129192512,93.74466761996297,92.52471853471972,90.37384488362571,91.08433992904826,91.01177045222056,93.60469322970637,0,0,0,88.8043075903088,89.7068310407626,92.22964813474786,91.02095144750352,89.82732579127222,88.6485832479615,87.62954981589607,88.4306789499478
99.29925207957577,0,94.34429209466323,93.17382631089761,91.95338685546069,92.62379325619227,97.69261359024338,95.1822694645406,93.84420409004811,93.69683998296453,0,88.51784257438503,96.24775226143292,94.88567983113694,92.59367453619376,92.47513764808753,92.39882600284659,90.90698400528872,94.85309118107371,93.75174588178541,92.53179686563176,90.38092453839755,91.09143053029865,91.01886278902259,93.6117714915288,0,0,0,88.81139994828229,89.71392492263475,92.23672639657033,91.028029709326,89.83440405309469,88.65566150978397,87.63662981559978,88.4377728321025
99.30625955878001,0,94.35134046125971,93.18087530206562,91.96044103561212,92.63118508995794,97.69962106944763,95.18927694374484,93.85121611237099,93.70385707125763,0,88.5248641619169,96.25475974063718,94.89268731034115,92.60068252087277,92.4821548198729,92.4058444140667,90.91400402523183,94.86009866027791,93.75875336098969,92.53880440715477,90.38793327404238,91.09844913966909,91.02588296386095,93.61877897073308,0,0,0,88.81842014221733,89.72094649112668,92.24373387577454,91.03503718853025,89.84141153229893,88.66266898898822,87.64363886237322,88.44479440084922
99.31319696319221,0,94.35831474610713,93.1878501502767,91.96742056428717,92.63846957767812,97.70655847385981,95.19621434815704,93.85815761467703,93.71080314306975,0,88.53181429204315,96.26169714504938,94.89962471475336,92.60762038122323,92.48910096699504,92.41279167915918,90.92095274139285,94.86703606469013,93.76569076540186,92.54574186777856,90.39487181176419,91.10539658349326,91.0328318197374,93.62571637514525,0,0,0,88.82536901531897,89.72789660407892,92.25067128018676,91.04197459294242,89.84834893671113,88.66960639340041,87.65057768073312,88.45174451403135
99.3200649935603,0,94.36521604263447,93.19475195495815,91.974326590748,92.64565102957565,97.7134265042279,95.20308237852511,93.86502934134607,93.7176789914341,0,88.53869380100768,96.26856517541744,94.90649274512145,92.61448882284776,92.4959768832891,92.41966860386266,90.92783097496033,94.87390409505822,93.77255879576992,92.55260994884944,90.4017408643778,91.11227366941272,91.03971017932837,93.63258440551333,0,0,0,88.83224739044705,89.73477609755241,92.25753931055483,91.04884262331052,89.8552169670792,88.6764744237685,87.65744698648227,88.45862400771219
99.32686434362469,0,94.37204539878059,93.20158176945932,91.98116021329496,92.65273339983597,97.72022585429231,95.20988172858952,93.87183202547463,93.72448539333256,0,88.5455035047681,96.27536452548185,94.91329209518581,92.62128854386556,92.50278334646015,92.42647597661923,90.93463952831249,94.88070344512259,93.77935814583437,92.5594093446478,90.40854113650776,91.11908118758613,91.04651884635364,93.63938375557775,0,0,0,88.83905607148681,89.74158578734,92.26433866061922,91.05564197337492,89.86201631714361,88.68327377383288,87.66424748694065,88.46543369768676
99.33359570018844,0,94.3788038208355,93.20834060495062,91.98792248364418,92.65972032037006,97.72695721085604,95.21661308515327,93.87856638936486,93.73122311065194,0,88.55224420036758,96.28209588204561,94.92002345174959,92.62802023502927,92.50952111904738,92.43321456965278,90.94137918624348,94.88743480168635,93.78608950239808,92.56614074246363,90.41527332477489,91.1258199117857,91.0532586068178,93.64611511214149,0,0,0,88.84579584459208,89.74832647033594,92.27107001718299,91.06237332993865,89.86874767370736,88.69000513039666,87.67097988115995,88.4721743808514
99.34025974318655,0,94.38549227691155,93.21502943394636,91.99461441088245,92.66661513133049,97.73362125385414,95.22327712815137,93.88523314497199,93.73789289105278,0,88.55891666717763,96.2887599250437,94.92668749474772,92.63468457983669,92.51619094929985,92.43988513994793,90.94805071707636,94.89409884468449,93.7927535453962,92.57280482267107,90.42193811796959,91.13249060039267,91.05993023013565,93.6527791551396,0,0,0,88.85246747931215,89.75499892577757,92.27773406018109,91.06903737293678,89.87541171670547,88.69666917339477,87.67764486012359,88.47884683644517
99.34685714575468,0,94.3921117000804,93.22164919348884,92.00123696504023,92.67342090869283,97.7402186564223,95.2298745307195,93.89183299431394,93.7444954687592,0,88.56552166802565,96.29535732761184,94.93328489731581,92.64128225463685,92.52279357197247,92.4464884301392,90.95465487367278,94.90069624725258,93.79935094796436,92.57940225880205,90.42853619721518,91.13909399730119,91.06653447015354,93.65937655770776,0,0,0,88.85907172961488,89.76160391637133,92.28433146274922,91.0756347755049,89.8820091192736,88.7032665759629,87.6842431069328,88.48545182717613
99.35338857429714,0,94.39866299120872,93.22820078802624,92.00779108032111,92.6801404891843,97.74675008496475,95.23640595926196,93.89836662984683,93.75103156527732,0,88.57205995021792,96.3018887561543,94.93981632585827,92.6478139287326,92.5293297090501,92.45302516931879,90.96119239435,94.90722767579504,93.80588237650677,92.5859337176182,90.4350682361208,91.14563083273974,91.07307206607692,93.66590798625018,0,0,0,88.86560933481518,89.76814218931423,92.2908628912917,91.08216620404735,89.88854054781605,88.70979800450536,87.69077529698085,88.49199010024287
99.35985468855417,0,94.40514702152181,93.23468509201435,92.01427765802036,92.686776492815,97.75321619922177,95.24287207351898,93.90483473480965,93.75750189004924,0,88.57853224646834,96.30835487041132,94.94628244011531,92.65428026447879,92.53580007040671,92.45949607377149,90.96766400371365,94.91369379005208,93.81234849076381,92.59239985918208,90.44153490092553,91.15210182401805,91.07954374331264,93.6723741005072,0,0,0,88.87208102041869,89.77461447722172,92.29732900554869,91.08863231830439,89.89500666207309,88.71626411876237,87.69724209811605,88.49846238826201
99.36625614166863,0,94.41156463492209,93.24110295226956,92.02069756916339,92.69333134324218,97.75961765233625,95.24927352663344,93.9112379835411,93.76390714104893,0,88.58493927574193,96.31475632352577,94.95268389322976,92.66068191737652,92.54220535440577,92.46590184764328,90.97407041341532,94.92009524316653,93.81874994387827,92.59880133692737,90.4479368506341,91.15850767620658,91.0859502142349,93.67877555362166,0,0,0,88.8784874988887,89.78102149897,92.30373045866315,91.09503377141884,89.90140811518755,88.72266557187683,87.70364417079472,88.50486941011103
99.37259358025194,0,94.41791665008616,93.24745519009683,92.02705165689184,92.69980728617597,97.76595509091955,95.25561096521676,93.91757704177125,93.77024800532541,0,88.59128174402183,96.32109376210909,94.95902133181306,92.66701953616436,92.5485462484477,92.4722431835505,90.98041232284116,94.92643268174984,93.82508738246159,92.60513879772766,90.45427473714544,91.1648490827555,91.09229217888175,93.68511299220499,0,0,0,88.88482947034363,89.78736396046205,92.31006789724648,91.10137121000214,89.90774555377085,88.72900301046015,87.70998216822512,88.51121187169392
99.37886764444943,0,94.42420386236212,93.25374260321503,92.03334073862128,92.70620640601507,97.77222915511702,95.26188502941423,93.92385256689046,93.77652515949875,0,88.59756034500651,96.32736782630656,94.96529539601055,92.67329376290634,92.5548234294695,92.47852076313488,90.98669041973945,94.93270674594733,93.83136144665906,92.61141288196487,90.46054920537402,91.17112672605867,91.09857032558938,93.69138705640248,0,0,0,88.89110762319211,89.7936425553241,92.31634196144397,91.10764527419964,89.91401961796832,88.73527707465762,87.71625673650274,88.51749046663794
99.38507896800493,0,94.4304270454868,93.25996596749947,92.03956560799331,92.71253064088293,97.77844047867254,95.26809635296974,93.93006520819763,93.782739270213,0,88.60377576074492,96.33357914986208,94.97150671956605,92.67950523307704,92.56103756440108,92.48473525757001,90.99290538079181,94.93891806950283,93.83757277021458,92.61762422359621,90.46676089336569,91.1773412779682,91.10478533156979,93.69759837995797,0,0,0,88.89732263471159,89.79985796553987,92.32255328499947,91.11385659775515,89.92023094152384,88.74148839821311,87.72246851473861,88.52370587692761
99.39122817832488,0,94.4365869531403,93.26612603855907,92.04572703664226,92.71878179621804,97.78458968899248,95.2742455632897,93.93621560712984,93.78889099455068,0,88.6099286622146,96.33972836018204,94.977655929886,92.68565457564391,92.56718931058276,92.49088732802394,90.9990578721346,94.9450672798228,93.84372198053453,92.6237734502206,90.47291043240712,91.18349340026406,91.11093786343767,93.70374759027793,0,0,0,88.90347517157572,89.80601086202816,92.32870249531942,91.12000580807509,89.92638015184379,88.74763760853307,87.72861813518035,88.52985877348254
99.39731589654163,0,94.44268432035388,93.27222355316498,92.05182577579394,92.72496155705785,97.79067740720923,95.28033328150644,93.94230439747507,93.79498098041188,0,88.6160197098491,96.34581607839878,94.98374364810276,92.69174241314741,92.57327931614725,92.49697762608207,91.00514854983454,94.95115499803956,93.84980969875129,92.62986118314393,90.4789984471307,91.18958374508361,91.11702857769124,93.70983530849469,0,0,0,88.9095658903359,89.81210190516941,92.33479021353617,91.12609352629184,89.93246787006052,88.75372532674982,87.73470622332702,88.53594981668392
99.40334273757621,0,94.44871986478533,93.27825923054436,92.05786255771386,92.73107149914215,97.79670424824381,95.28636012254103,93.94833220556973,93.80100986686217,0,88.62204955401909,96.35184291943337,94.98977048913734,92.69776936177865,92.57930822036992,92.50300679413402,91.01117806032349,94.95718183907412,93.85583653978588,92.63588803744385,90.48502555561451,91.19561295531437,91.12305812115163,93.71586214952929,0,0,0,88.91559543786126,89.8181317452865,92.34081705457076,91.13212036732642,89.9384947110951,88.75975216778438,87.74073339803849,88.54197965685525
99.40930931020044,0,94.45469428787514,93.28423377355323,92.06383809701848,92.73711309894932,97.80267082086804,95.29232669516524,93.95429965048231,93.80697828445174,0,88.62801883547198,96.35780949205758,94.99573706176159,92.70373603145512,92.58527665399019,92.50897546572837,91.01714704079605,94.96314841169837,93.86180311241009,92.64185462203343,90.490992369478,91.201581664954,91.12902713136438,93.72182872215349,0,0,0,88.92156445174062,89.82410102308373,92.34678362719501,91.13808693995067,89.94446128371936,88.76571874040863,87.74670027163931,88.54794893470138
99.41521621709843,0,94.4606082758945,93.29014786973961,92.0697530918638,92.74308774276867,97.80857772776604,95.29823360206325,93.96020734418457,93.81288685550878,0,88.63392818573392,96.36371639895559,95.00164396865958,92.70964302589424,92.59118523950696,92.51488426589779,91.02305611957365,94.96905531859635,93.8677100193081,92.64776153972416,90.49689949397383,91.20749049944025,91.13493623696768,93.7277356290515,0,0,0,88.9274735606512,89.83001037004821,92.35269053409299,91.14399384684867,89.95036819061737,88.77162564730665,87.75260745001825,88.55385828171005
99.42106405492744,0,94.46646250089627,93.29600219230802,92.07560822502282,92.7489967349014,97.81442556559506,95.30408143989226,93.96605589171116,93.81873619440958,0,88.63977822747766,96.3695642367846,95.00749180648859,92.71549094268536,92.59703459145035,92.52073381145796,91.02890591643849,94.97490315642537,93.8735578571371,92.65360938728823,90.50274752807614,91.21334007595425,91.14078605802925,93.7335834668805,0,0,0,88.93332338469592,89.83586040881762,92.35853837192201,91.14984168467768,89.95621602844639,88.77747348513567,87.75845553272315,88.55970832051929
99.42685341437817,0,94.47225762157798,93.30179740099487,92.08140416486248,92.75484130507441,97.82021492504578,95.30987079934297,93.97184589130924,93.8245269078273,0,88.64556957485986,96.37535359623531,95.0132811659393,92.72128037335989,92.60282531663256,92.52652471128248,91.0346970429399,94.98069251587609,93.87934721658782,92.65939875551996,90.5085370645654,91.21913100369915,91.14657720635611,93.73937282633122,0,0,0,88.93911453571361,89.841651753517,92.36432773137273,91.15563104412841,89.96200538789712,88.7832628445864,87.76424511305194,88.56549966525455
99.43258488023439,0,94.4779942840656,93.30753414286313,92.08714156623071,92.76062261514268,97.82594639090199,95.31560226519919,93.97757793457848,93.83025959496203,0,88.65130283383066,96.38108506209153,95.0190126317955,92.72701190346002,92.60855801437881,92.53225756655615,91.0404301026761,94.9864239817323,93.88507868244403,92.66513022929665,90.5142686901104,91.22486388415695,91.15231028577895,93.74510429218743,0,0,0,88.94484761756355,89.84738501006787,92.37005919722893,91.16136250998461,89.96773685375332,88.78899431044263,87.76997677814022,88.57123292183779
99.43825903143204,0,94.48367312262572,93.31321305302464,92.09282107126128,92.76634176514897,97.83162054209963,95.32127641639684,93.98325260660279,93.83593484775311,0,88.65697860241794,96.38675921328918,95.02468678299316,92.73268611260568,92.61423327674152,92.53793297100862,91.04610569155382,94.99209813292995,93.89075283364168,92.67080438763858,90.51994298534738,91.23053931132551,91.15798589241395,93.75077844338509,0,0,0,88.95052322638782,89.85306077647245,92.37573334842658,91.16703666118227,89.97341100495096,88.79466846164027,87.77565110904524,88.57690868827156
99.44387644111772,0,94.48929476031319,93.31883475529656,92.09844331010525,92.7719997988026,97.83723795178534,95.32689382608254,93.9888704860742,93.84155325107626,0,88.66259747098938,96.39237662297485,95.03030419267884,92.73830357456046,92.61985168869826,92.54355151113035,91.05172439802718,94.99771554261561,93.89637024332735,92.67642180376839,90.52556052495656,91.23615787193718,91.16360461490441,93.75639585307076,0,0,0,88.95614195085297,89.858679643075,92.38135075811226,91.17265407086794,89.97902841463664,88.80028587132594,87.78126868082694,88.58252755490052
99.44943767670655,0,94.4948598095604,93.32439986279894,92.1040089015957,92.77759770843355,97.84279918737415,95.33245506167137,93.99443214540986,93.84711538292625,0,88.66816002249342,96.39793785856371,95.03586542826766,92.74386485729606,92.62541382833578,92.5491137663727,91.05728680331872,95.00327677820442,93.90193147891618,92.68198304516982,90.5311218777364,91.24172014566147,91.16916703464337,93.76195708865957,0,0,0,88.96170437237313,89.86424219280318,92.38691199370106,91.17821530645678,89.98458965022546,88.80584710691475,87.78683006262645,88.58809010465242
99.45494329993949,0,94.50036887271388,93.32990897849861,92.1095184538527,92.78313643947227,97.84830481060709,95.3379606849043,93.99993815086252,93.85262181458694,0,88.67366683268213,96.40344348179664,95.04137105150062,92.74937052305536,92.6309202670208,92.55462030933332,91.06279348162371,95.00878240143739,93.9074371021491,92.68748867364575,90.53662760667564,91.24722670529277,91.17467372597997,93.76746271189249,0,0,0,88.96721106531635,89.86974900139,92.392417616934,91.18372092968968,89.99009527345841,88.81135273014769,87.79233581774145,88.59359691326071
99.4603938669401,0,94.50582254252346,93.33536269570487,92.11497256483372,92.7886168945012,97.8537553776077,95.34341125190491,94.00538906262534,93.85807311078953,0,88.67911847031705,96.40889404879724,95.04682161850123,92.75482112841482,92.63637156955933,92.56007170592846,91.06824500029954,95.014232968438,93.91288766914974,92.6929392453755,90.54207826902339,91.25267811692488,91.18012525641025,93.77291327889313,0,0,0,88.97266259719581,89.87520063758006,92.3978681839346,91.18917149669028,89.99554584045899,88.8168032971483,87.79778650369968,88.59904854947011
99.4657899282707,0,94.51122140258832,93.34076159852151,92.12037182283532,92.7940399369191,97.85915143893831,95.34880731323553,94.01078543493158,93.86346982986043,0,88.68451549736002,96.41429011012787,95.05221767983181,92.76021722434507,92.64176829434531,92.56546851555348,91.07364192004134,95.01962902976858,93.91828373048034,92.69833531097183,90.54747441635709,91.25807494011327,91.1855221867546,93.77830934022373,0,0,0,88.97805952884733,89.88059766331975,92.40326424526522,91.19456755802088,90.00094190178959,88.82219935847888,87.80318267233011,88.6044455752272
99.47113202898798,0,94.51656602776441,93.34610626225975,92.12571680695042,92.79940639425563,97.86449353965561,95.35414941395281,94.01612781614894,93.86881252385962,0,88.68985846915002,96.41963221084515,95.05755978054914,92.76555935627123,92.64711099349941,92.57081129123249,91.0789847950457,95.02497113048591,93.92362583119761,92.70367741553679,90.55281659464923,91.26341772802641,91.19086507132245,93.78365144094101,0,0,0,88.98340241459425,89.88594063393417,92.4086063459825,91.19990965873819,90.00628400250689,88.82754145919617,87.80852486983184,88.60978854585743
99.4764207086981,0,94.52185698453683,93.35139725381524,92.13100808748591,92.80471706116987,97.86978221936572,95.35943809366294,94.02141674887015,93.87410173871012,0,88.6951479345679,96.42492089055528,95.06284846025926,92.7708480641318,92.65240021299967,92.57610057975818,91.0842741731629,95.03025981019603,93.92891451090776,92.7089660987175,90.55810534433185,91.26870702758733,91.19615445806593,93.78894012065116,0,0,0,88.98869180240123,89.89123009829169,92.41389502569264,91.2051983384483,90.01157268221701,88.83283013890629,87.81381363684154,88.61507801022908
99.48165650161111,0,94.52709483136047,93.35663513201318,92.13624622634387,92.80997270216346,97.87501801227874,95.36467388657594,94.02665276999923,93.87933801431984,0,90.06297520349098,96.43015668346828,95.0680842531723,92.77608388243652,92.65763649280352,92.58133692182295,91.0895105960392,95.03549560310907,93.93415030382077,92.71420189476103,90.59449060819992,91.27394337960584,91.20276643222469,93.79417591356417,0,0,0,88.99392823401777,89.89646659895682,92.41913081860565,91.21043413136134,90.01680847513002,88.83806593181932,88.0063868142662,88.62031451090701
99.486839936595,0,94.53228011897211,93.36182044792446,92.14143177737051,92.81517405403568,97.88020144726262,95.36985732155986,94.03183641083405,93.88452188469626,0,90.33796747040468,96.43534011845219,95.07326768815615,92.78126734032372,92.66282036696299,92.58652085214183,91.22972726401963,95.04067903809292,93.93933373880469,92.7193853325686,90.59967448446271,91.2823472890858,91.20808666343427,93.7993593485481,0,0,0,88.99911224511231,89.90274010278644,92.42431425358956,91.21561756634522,90.02199191011391,88.84324936680319,88.01157082517197,88.64404497756594
99.49197153722905,0,94.53741339067672,93.36695374515537,92.14656528667552,92.82032182810548,97.88533304789665,95.37498892219388,94.0369681971457,93.88965387805443,0,90.39653540993639,96.44047171908622,95.07839928879022,92.78639896161653,92.66795236373352,92.59197167661623,91.26158387414638,95.04581063872699,93.94446533943871,92.72451693574965,90.60512526017848,91.28749286853812,91.32049695440303,93.8044909491821,0,0,0,89.00690243539793,89.9080880198819,92.42944585422363,91.22074916697927,90.02712351074797,88.84838096743725,88.01853903822149,88.6518761258779
99.49705182185676,0,94.54249518261038,93.37203556011373,92.1516472929248,92.82541671222286,97.89041333252437,95.38006920682159,94.04204864925457,93.8947345169194,0,90.41220889902695,96.44555200371393,95.08347957341792,92.79147926487849,92.67306456460415,92.59708526204724,91.28282777194966,95.0508909233547,93.94954562406643,92.7295972226747,90.61020724270145,91.30347816712361,91.35736542079512,93.80957123380983,0,0,0,89.0122784069549,89.99841764295991,92.43452613885131,91.225829451607,90.03220379537568,88.85346125206496,88.02599218107335,88.6575768129923
99.50208130363819,0,94.54752602398206,93.3770664222537,92.15667832760919,92.83045937259013,97.89544281430581,95.38509868860304,94.0470782821041,93.8997674425567,0,90.41934739808785,96.45058148549535,95.08850905519934,92.796508763468,92.6780976255658,92.6032229146544,91.29207938520379,95.0559204051361,93.95457510584788,92.73462670652839,90.61634159875652,91.31168122122757,91.37942311058809,93.81460071559127,0,0,0,89.03441361730347,90.03709232221131,92.43955562063276,91.23085893338842,90.03723327715711,88.8584907338464,88.03131726674894,88.73042010363675
99.50706049060182,0,94.55250643729632,93.38204716361001,92.16165891529155,92.83545045541112,97.90042200126942,95.39007787556663,94.05205760533114,93.90474724016059,0,90.42475460791279,96.45556067245897,95.09348824216296,92.80148796559247,92.683189250639,92.60862882890042,91.2998308287652,95.06089959209973,93.95955429281146,92.73960589536115,90.62163780429594,91.3193332546314,91.38974620193115,93.81957990255485,0,0,0,89.04693061522418,90.06058219159772,92.44453480759637,91.23583812035206,90.04221246412074,88.86346992081002,88.05655775781517,88.76878911885954
99.5119898856958,0,94.5574369385588,93.38697774431198,92.16658981880686,92.84039058838518,97.9053513963634,95.39500727066063,94.05698712333475,93.90968802843291,0,90.42977817305234,96.46049006755297,95.09841763725694,92.80641737436162,92.68816137686197,92.61395413277573,91.30566961266368,95.06582898719371,93.96448368790544,92.74453529214108,90.62692086235535,91.32516104910562,91.39766488258172,93.82450929764885,0,0,0,89.05655570554345,90.07232275980483,92.44946420269032,91.24076751544602,90.04714185921472,88.868399315904,88.07076269218484,88.79369043653618
99.51686998683884,0,94.56231803746603,93.3918599668403,92.17147115761884,92.84528040631307,97.91023149750646,95.39988737180366,94.06186733534233,93.91457257467735,0,90.43468542426542,96.46537016869598,95.1032977384,92.81129748783961,92.69308969772545,92.61899621348094,91.31116853566616,95.07070908833677,93.96936378904849,92.74941539480487,90.63192374825812,91.33068566190715,91.40365010046668,93.82938939879189,0,0,0,89.06328651896114,90.08070955507421,92.45434430383338,91.24564761658904,90.05202196035776,88.87327941704704,88.08133900428197,88.8068604855088
99.52170128697045,0,94.56715023758112,93.39669270728332,92.17630438294604,92.85012048662922,97.91506279763806,95.40471867193529,94.06669873547375,93.91940894638313,0,90.4395297958045,96.47020146882761,95.10812903853159,92.81612879909737,92.69794055557519,92.62394554626198,91.31624021802537,95.07554038846837,93.97419508918013,92.7542466963082,90.63685704521305,91.33576681210066,91.4091447207226,93.83422069892352,0,0,0,89.06915865555997,90.08694649089911,92.459175603965,91.25047891672067,90.05685326048935,88.87811071717866,88.08845677337024,88.81585371710806
99.52648427410075,0,94.57193403649667,93.40147705187722,92.1810888919917,92.8549114874983,97.91984578476837,95.40950165906558,94.07148181280391,93.92419409151822,0,90.44432232497964,96.47498445595791,95.1129120256619,92.82091179626343,92.70273924572601,92.62878044349344,91.32118364977566,95.08032337559867,93.97897807631041,92.7590296846758,90.64168025734801,91.3407190474671,91.4142084944256,93.83900368605381,0,0,0,89.07438172468316,90.09249702831174,92.46395859109532,91.25526190385096,90.06163624761965,88.88289370430894,88.09447613419788,88.82238835934943
99.53121943135974,0,94.57666992598612,93.4062132001015,92.18582542570113,92.85965393566816,97.92458094202736,95.41423681632456,94.07621705142319,93.92893100920341,0,90.44906571844463,96.4797196132169,95.11764718292088,92.82564696257471,92.70748125221837,92.63354993222009,91.32598866236792,95.08505853285766,93.98371323356939,92.76376484305082,90.64644460709714,91.34552709767239,91.4191152772697,93.84373884331279,0,0,0,89.07937048214043,90.09757412413155,92.4686937483543,91.25999706110997,90.06637140487865,88.88762886156793,88.09973325025123,88.82802723128408
99.53590723704615,0,94.58135839214454,93.41090185810219,92.19051428876921,92.86434837382475,97.92926874771375,95.41892462201096,94.08090493049657,93.93361965550683,0,90.45376092930123,96.4844074189033,95.12233498860728,92.83033477642626,92.71217385187377,92.6382537777163,91.33072146489403,95.08974633854406,93.9884010392558,92.76845264974388,90.65114505388856,91.35026197487063,91.42388261571466,93.84842664899921,0,0,0,89.08417497737746,90.10245681561851,92.4733815540407,91.26468486679637,90.07105921056507,88.89231666725433,88.10471137504757,88.8331269939842
99.54054816467568,0,94.58599991551995,93.41554347642577,92.19515610079324,92.86899531566601,97.93390967534327,95.42356554964049,94.08554592432118,93.9382612002409,0,90.45840857607087,96.48904834653283,95.12697591623682,92.83497571142077,92.7168170340215,92.64290475019013,91.33538370290788,95.0943872661736,93.99304196688533,92.77309357828143,90.65579443852086,91.35492473124202,91.42857171466402,93.85306757662873,0,0,0,89.08888403160414,90.10719157915261,92.47802248167024,91.26932579442591,90.0757001381946,88.89695759488389,88.10948550454556,88.837991796504
99.54514268302893,0,94.59059497123607,93.42013859608178,92.19975134128626,92.87359528023694,97.93850419369652,95.42816006799373,94.0901405023824,93.94285606259665,0,90.46300918806952,96.49364286488607,95.13157043459005,92.83957023641723,92.72141303629027,92.64750420960681,91.33999161093334,95.09898178452683,93.99763648523857,92.77768809745369,90.66039290358785,91.35953281131589,91.43319004084773,93.85766209498198,0,0,0,89.0935118726086,90.11184028347881,92.48261700002347,91.27392031277915,90.08029465654785,88.90155211323713,88.11415614277787,88.84269598349276
99.54969125619864,0,94.5951440291072,93.42468768842814,92.20430053367144,92.87814877747847,97.94305276686624,95.43270864116344,94.0946891294087,93.94740488949168,0,90.46756328118543,96.49819143805577,95.13611900775976,92.8441188155791,92.72596237173292,92.65205578981325,91.34454705767139,95.10353035769654,94.00218505840827,92.78223667136216,90.66494399471009,91.36408804550771,91.4377529182234,93.86221066815169,0,0,0,89.09807985001486,90.11641637580405,92.4871655731932,91.27846888594885,90.08484322971756,88.90610068640684,88.11874196468227,88.84730586501603
99.55419434363665,0,94.59964755374598,93.42919123626697,92.20880415490203,92.88265631356678,97.94755585430427,95.43721172860147,94.0991922654254,93.95190814644765,0,90.47207136143766,96.5026945254938,95.14062209519776,92.84862190842203,92.73046595841124,92.65656043810925,91.34905448927356,95.10803344513455,94.00668814584628,92.78673975946654,90.66944834538259,91.3685951799125,91.44226352508511,93.86671375558969,0,0,0,89.10259285839818,90.120935437589,92.4916686606312,91.28297197338688,90.08934631715557,88.91060377384485,88.12326648980262,88.85184050477693
99.55865240020029,0,94.60410600466479,93.43364970145555,92.21326268179405,92.8871183867233,97.95201391086789,95.44166978516512,94.103650365807,93.95636633649006,0,90.47653392990955,96.50715258205744,95.14508015176142,92.85307996986094,92.73492430429313,92.66101944524586,91.35351502074829,95.11249150169819,94.01114620240993,92.79119781663123,90.67390719806025,91.37305534215884,91.44672616729942,93.87117181215332,0,0,0,89.10705668379343,90.12540201317012,92.49612671719481,91.28743002995051,90.0938043737192,88.91506183040849,88.12773552743492,88.85631645903385
99.56306587619828,0,94.60851983637122,93.43806354345112,92.21767657454802,92.89153548806809,97.9564273868659,95.44608326116311,94.10806388132882,93.96077991628826,0,90.48095148040694,96.51156605805545,95.14949362775943,92.85749345025644,92.73933798059569,92.66543345295322,91.35793015025838,95.1169049776962,94.01555967840793,92.79561129317139,90.67832111172038,91.37747010380531,91.45114226586901,93.87558528815131,0,0,0,89.11147324198919,90.12982053550053,92.5005401931928,91.29184350594848,90.0982178497172,88.91947530640648,88.13215534421919,88.86073954109115
99.5674352174363,0,94.61288949845832,93.4424332129202,92.2220462881738,92.89590810074893,97.9607967281039,95.45045260240111,94.11243325821732,93.96514934489306,0,90.4853244996705,96.51593539929345,95.15386296899746,92.861862795461,92.74370745711806,92.66980313275089,91.36230057562027,95.12127431893423,94.01992901964594,92.79998063489843,90.6826907389325,91.3818401691203,91.4555133036024,93.87995462938935,0,0,0,89.11584440618529,90.13419275853974,92.50490953443084,91.2962128471865,90.10258719095519,88.9238446476445,88.1365280775577,88.86511445776212
99.57176086526194,0,94.61721543568989,93.4467591560025,92.22637226969121,92.9002367002965,97.96512237592955,95.45477825022677,94.1167589381997,93.96947506684192,0,90.4896534667279,96.5202610471191,95.15818861682307,92.86618844686446,92.74803320804828,92.67412899292276,91.36662702366272,95.12559996675984,94.02425466747161,92.80430628316518,90.68701656563536,91.38616628134965,91.4598400496908,93.88428027721501,0,0,0,89.12017109325106,90.13852021576086,92.50923518225648,91.30053849501215,90.10691283878083,88.92817029547012,88.140855721134,88.86944327576013
99.57604325660931,0,94.62149808808147,93.45104181312799,92.23065496095283,92.90452175466362,97.96940476727694,95.45906064157414,94.12104135855247,93.97375752309517,0,90.49393885304696,96.52454343846648,95.16247100817047,92.870470841439,92.75231567947773,92.67841153292721,91.37091002052027,95.12988235810725,94.02853705881896,92.80858867491044,90.69129908466121,91.39044896731211,91.46412322951387,93.88856266856236,0,0,0,89.1244541344211,90.14280375894728,92.51351757360386,91.30482088635954,90.11119523012822,88.9324526868175,88.14513924940664,88.87372761157512
99.58028282404321,0,94.62573789097728,93.4552816200466,92.23489479826603,92.90876372453963,97.97364433471083,95.46330020900805,94.12528095214924,93.97799714774152,0,90.49818112259688,96.5287830059004,95.16671057560438,92.87471041178384,92.75655531335363,92.68265120767006,91.37515008025187,95.13412192554115,94.0327766262529,92.81282824270319,90.6955387447264,91.39468874318169,91.46836338373784,93.89280223599629,0,0,0,89.12869411355467,90.14704412921846,92.51775714103775,91.30906045379345,90.11543479756214,88.93669225425141,88.14937952400238,88.87796839632344
99.58447999580278,0,94.62993527512353,93.45947900766502,92.23909221313357,92.91296306359314,97.9778415064704,95.46749738076763,94.12947814750773,93.98219437050881,0,90.50238073210957,96.53298017765995,95.17090774736394,92.87890758616906,92.76075254133721,92.68684846331041,91.37934766260183,95.13831909730071,94.03697379801245,92.81702541478651,90.69973598977869,91.39888606719265,91.47256102412453,93.89699940775584,0,0,0,89.13289157063444,90.15124188595492,92.52195431279735,91.313257625553,90.11963196932172,88.940889426011,88.15357714234221,88.88216639445328
99.58863519584474,0,94.63409066673833,93.46363440233704,92.24324763227114,92.91712021876171,97.98199670651236,95.47165258080958,94.13363336883592,93.98634961617734,0,90.50653813132345,96.5371353777019,95.1750629474059,92.88306278857937,92.76490779034145,92.69100373125887,91.38350321680902,95.14247429734269,94.0411289980544,92.82118061512047,90.70389124945501,91.40304138731825,91.47671661082106,93.9011546077978,0,0,0,89.13704697741893,90.15539754330898,92.5261095128393,91.317412825595,90.12378716936368,88.94504462605298,88.15773265016844,88.88632218381905
99.5927488438863,0,94.6382044875786,93.46774822588966,92.24736147784061,92.92123563051153,97.9861103545539,95.47576622885111,94.13774703607763,93.99046330519322,0,90.51065376326132,96.54124902574345,95.17917659544743,92.88717643875717,92.76902148147643,92.69511743668957,91.38761717462931,95.14658794538421,94.04524264609597,92.82529426342536,90.70800494819187,91.40715513332435,91.48083058952852,93.90526825583937,0,0,0,89.14116078630813,90.15951156332234,92.53022316088085,91.32152647363654,90.12790081740525,88.94915827409451,88.16184652029311,88.89043628286547
99.59682135544743,0,94.64227715500422,93.47182089573947,92.25143416751706,92.92530973309199,97.99018286611505,95.47983874041225,94.14181956495732,93.99453585360273,0,90.51472806449088,96.54532153730459,95.18324910700856,92.89124895224515,92.77309403138226,92.69918999776071,91.39168996078433,95.15066045694535,94.04931515765709,92.82936677522406,90.71207750360756,91.41122772809244,91.48490338886886,93.9093407674005,0,0,0,89.14523342820631,90.16358438952001,92.53429567244201,91.32559898519766,90.13197332896637,88.95323078565566,88.16591920389507,88.89450915566398
99.60085314189296,0,94.64630908203954,93.47585282494822,92.25546611459403,92.92934295476915,97.99421465256057,95.48387052685779,94.14585136702419,93.99856767323124,0,90.51876146537806,96.54935332375013,95.18728089345409,92.89528074042875,92.77712585210394,92.7032218277142,91.3957219921091,95.15469224339087,94.05334694410261,92.83339856188385,90.71610932868307,91.41525958658166,91.48893542952035,93.91337255384602,0,0,0,89.14926532460412,90.16761644793903,92.53832745888752,91.32963077164321,90.13600511541188,88.95726257210117,88.16995112933004,88.89854124409621
99.60484461047402,0,94.65030067743261,93.47984442229507,92.25945772804862,92.93333571804413,97.99820612114165,95.48786199543885,94.14984284969573,94.00255917171133,0,90.52275439032204,96.55334479233119,95.19127236203518,92.89927221057754,92.78111735144529,92.7072133348816,91.3997136801446,95.15868371197195,94.05733841268368,92.83739003065823,90.72010083156441,91.4192511186118,91.4929271243445,93.91736402242708,0,0,0,89.15325688805444,90.1716081556619,92.54231892746859,91.33362224022427,90.13999658399298,88.96125404068223,88.17394271488999,88.9025329717369
99.60879616436928,0,94.65425234571234,93.48379609233326,92.26340941261132,92.93728843985414,98.00215767503688,95.49181354933413,94.15379441630056,94.00651075255932,0,90.52670725797472,96.55729634622645,95.19522391593043,92.9032237658869,92.78506893299581,92.71116492324052,91.4036654311782,95.16263526586721,94.06128996657894,92.8413415847278,90.7240524161224,91.4232027288612,91.4968788807272,93.92131557632234,0,0,0,89.15720852526846,90.17555992180874,92.54627048136385,91.33757379411952,90.14394813788823,88.96520559457751,88.1778943695686,88.90648475226028
99.61270820272559,0,94.65816448724345,93.48770823544852,92.26732156882498,92.94120153175857,98.00606971339319,95.4957255876904,94.15770646612094,94.01042281521764,0,90.53062048144349,96.56120838458274,95.19913595428673,92.9071358055187,92.7889809962506,92.71507699249076,91.40757764693798,95.16654730422353,94.06520200493526,92.84525362324138,90.727964481978,91.4271148175946,91.50079110084238,93.92522761467865,0,0,0,89.16112063751872,90.17947214979658,92.55018251972014,91.34148583247583,90.14786017624452,88.96911763293382,88.18180649634957,88.91039699113358
99.61658112069833,0,94.66203749827989,93.49158124791276,92.27119459310256,92.94507540011057,98.00994263136594,95.49959850566316,94.16157939443424,94.014295755106,0,90.5344944684786,96.5650813025555,95.20300887225947,92.91100872464196,92.79285393665529,92.71894993822892,91.41145072469898,95.17042022219624,94.06907492290802,92.84912654135596,90.73183742467323,91.43098778075189,91.50466418230015,93.9291005326514,0,0,0,89.16499362147914,90.18334523781137,92.55405543769288,91.34535875044855,90.15173309421726,88.97299055090654,88.18567949269752,88.91427008789972
99.62041530949135,0,94.66587177101637,93.49541552193652,92.27502887778122,92.94891044621568,98.01377682015895,95.50343269445615,94.16541359255447,94.01812996366417,0,90.53832962164634,96.56891549134849,95.2068430610525,92.91484291447274,92.79668814566818,92.7227841520101,91.41528505750439,95.17425441098928,94.072909111701,92.85296073027695,90.73567163571967,91.43482201016765,91.50849851830374,93.9329347214444,0,0,0,89.16882786942527,90.18717957945148,92.55788962648592,91.34919293924158,90.15556728301027,88.97682473969957,88.1895137514533,88.91810443682573
99.62421115639644,0,94.66966769363849,93.49921144571942,92.2788248111744,92.95270706647852,98.01757266706406,95.50722854136126,94.16920944787269,94.02192582839601,0,90.5421263384888,96.5727113382536,95.21063890795756,92.91863876231389,92.80048401080381,92.72658002142481,91.41908103424706,95.17805025789433,94.07670495860609,92.8567565772974,90.73946750267322,91.43861789364031,91.51229449786214,93.93673056834949,0,0,0,89.17262376949157,90.19097556393534,92.56168547339098,91.35298878614668,90.15936312991536,88.98062058660464,88.19330966106081,88.92190042756519
99.62796904483248,0,94.67342565037129,93.5029694034991,92.28258277762231,92.95646565253864,98.02133055550009,95.5109864297973,94.1729673438974,94.02568373291096,0,90.54588501167179,96.57646922668964,95.21439679639363,92.92239665159423,92.80424191567977,92.73033793014807,91.42283903976718,95.1818081463304,94.08046284704211,92.86051446583754,90.74322540917946,91.44237581502145,91.51605250588241,93.9404884567855,0,0,0,89.17638170577239,90.19473357631607,92.56544336182701,91.35674667458271,90.1631210183514,88.98437847504069,88.19706760584015,88.92565844541076
99.63168935438415,0,94.67714602152665,93.50668977559864,92.2863031575405,92.96018659139655,98.02505086505175,95.51470673934895,94.17668766029404,94.02940405696545,0,90.54960602912162,96.58018953624129,95.2181171059453,92.92611696190751,92.80796224005796,92.73405825799016,91.42655945491514,95.18552845588208,94.0841831565938,92.8642347754831,90.74694573502342,91.4460961542684,91.5197729232651,93.94420876633718,0,0,0,89.18010205842374,90.19845399758563,92.56916367137867,91.36046698413436,90.16684132790309,88.98809878459237,88.20078796609643,88.92937887151616
99.6353724608403,0,94.68082918354936,93.51037293847295,92.28998632746715,92.96387026553084,98.02873397150793,95.51838984580513,94.18037077292435,94.03308717650289,0,90.55328977415215,96.58387264269747,95.22180021240143,92.92980006905063,92.8116453598865,92.73774138093951,91.43024265661447,95.1892115623382,94.08786626304997,92.86791788202396,90.7506288561713,91.44977928749876,91.52345612696861,93.94789187279336,0,0,0,89.18378520372552,90.20213720477089,92.57284677783483,91.36415009059051,90.17052443435922,88.99178189104853,88.20447111822634,88.93306208301148
99.6390187362319,0,94.684475509062,93.5140192647537,92.29363266010908,92.96751705300723,98.0323802468995,95.52203612119673,94.18401705388506,94.03673346369368,0,90.55693662558255,96.58751891808907,95.22544648779306,92.93344634506182,92.81529164733931,92.7413876712055,91.43388901791505,95.19285783772983,94.09151253844155,92.87156415749196,90.75427514481285,91.45342558703494,91.52710249007093,93.95153814818494,0,0,0,89.18743151414016,90.20578357100028,92.57649305322644,91.3677963659821,90.17417070975081,88.9954281664401,88.20811743478255,88.93670845310109
99.64262854886958,0,94.68808536690887,93.5176291232934,92.29724252438652,92.97112732758023,98.03599005953718,95.5256459338344,94.18762687154609,94.04034328697418,0,90.56054695784707,96.59112873072674,95.22905630043073,92.93705615825844,92.81890147085585,92.74499749725852,91.43749890804446,95.19646765036752,94.09512235107925,92.87517397019853,90.75788496940089,91.45703542144827,91.5307123818222,93.95514796082264,0,0,0,89.1910413583606,90.20939346556507,92.5801028658641,91.3714061786198,90.17778052238847,88.99903797907778,88.2117272845336,88.9403183511327
99.64620226338089,0,94.69165912219886,93.5212028792083,92.3008162854769,92.97470145878826,98.03956377404849,95.5292196483457,94.19120059058841,94.04391701108528,0,90.56412114109727,96.59470244523804,95.23263001494202,92.94062987327386,92.82247519517972,92.7485712238698,91.44107269245602,95.2000413648788,94.09869606559056,92.87874768477201,90.76145869469087,91.46060915559984,91.534286167695,93.95872167533396,0,0,0,89.19461510135568,90.21296725397181,92.58367658037544,91.37497989313108,90.18135423689978,89.00261169358906,88.21530103251243,88.9438921426585
99.64974024074708,0,94.69519713634745,93.52474089392054,92.3043543048574,92.97823981204256,98.04310175141468,95.5327576257119,94.1947385720416,94.04745499711042,0,90.56765954129756,96.59824042260422,95.23616799230821,92.94416785109476,92.82601318139676,92.75210921214983,91.44461073287533,95.20357934224499,94.10223404295674,92.88228566219425,90.76499668177914,91.46414715068109,91.53782420943136,93.96225965270014,0,0,0,89.19815310441248,90.21650529799186,92.58721455774163,91.3785178704973,90.18489221426597,89.00614967095525,88.21883904006219,88.9474301894876
99.65324283833961,0,94.69869976711769,93.52824352519923,92.30785694034682,92.9817427487108,98.04660434900721,95.53626022330442,94.19824117332058,94.05095760251336,0,90.57116252031463,96.60174302019676,95.23967058990074,92.94767044909744,92.82951578697266,92.75561181958649,91.44811338734482,95.20708193983752,94.10573664054927,92.88578825983735,90.76849928814089,91.4676497642525,91.5413268650884,93.96576225029266,0,0,0,89.20165572517746,90.22000795570767,92.59071715533416,91.38202046808983,90.18839481185853,89.00965226854778,88.22234166487853,88.95093284973498
99.6567104099562,0,94.7021673686606,93.53171112720075,92.31132454614647,92.98521062619567,98.05007192062384,95.53972779492103,94.20170874826239,94.05442518117492,0,90.57463043600124,96.60521059181336,95.24313816151735,92.95113802108402,92.8329833657903,92.75907940008241,91.45158101026739,95.21054951145412,94.10920421216586,92.88925583149957,90.77196686766725,91.47111735028219,91.54479448908185,93.96922982190925,0,0,0,89.20512331769561,90.22347558155762,92.59418472695076,91.38548803970644,90.19186238347514,89.01311984016442,88.22580926105054,88.9544004778672
99.66014330585664,0,94.70560029155456,93.53514405050839,92.31475747287998,92.98864379800884,98.05350481652427,95.54316069082147,94.20514164716218,94.05785808342992,0,90.57806364227521,96.6086434877138,95.24657105741778,92.95457091731818,92.83641626818601,92.76251230399201,91.4550139524485,95.21398240735456,94.1126371080663,92.89268872744114,90.77539977070231,91.47455025918343,91.54822743222881,93.9726627178097,0,0,0,89.20855623244955,90.22690852637889,92.59761762285119,91.38892093560688,90.19529527937559,89.01655273606487,88.22924217910005,88.95783342474648
99.66354187279806,0,94.70899888284418,93.53854264217111,92.31815606763287,92.99204261384101,98.05690338346568,95.54655925776291,94.20854021680898,94.06125665610321,0,90.5814624891935,96.61204205465525,95.24996962435924,92.95796948456062,92.8398148409862,92.7659108781577,91.45841256113756,95.217380974296,94.11603567500774,92.89608729441967,90.77879834407916,91.47794883785186,91.55162604178902,93.97606128475113,0,0,0,89.21195481639731,90.23030713744924,92.60101618979262,91.39231950254829,90.19869384631701,89.01995130300631,88.23264076602035,88.96123203767287
99.66690645407009,0,94.71236348607825,93.54190724574174,92.3215206739908,92.995407419628,98.06026796473769,95.54992383903492,94.2119048005213,94.06462124254529,0,90.5848273230224,96.61540663592724,95.25333420563125,92.96133406610416,92.84317942754285,92.76927546594601,91.46177718006817,95.22074555556803,94.11940025627976,92.89945187572518,90.78216293115594,91.48131342970183,91.55499066150539,93.97942586602315,0,0,0,89.21531941300948,90.23367175852772,92.60438077106464,91.39568408382031,90.20205842758902,89.02331588427833,88.23600536531391,88.96459666042543
99.67023738952939,0,94.71569444134734,93.54523820131438,92.32485163207764,92.99873855761363,98.06359890019701,95.55325477449422,94.2152357381817,94.06795218266804,0,90.5881584863038,96.61873757138653,95.25666514109052,92.96466500180836,92.84651036776884,92.77260640728308,91.46510814949748,95.22407649102729,94.12273119173906,92.90278281121465,90.78549387185122,91.4846443747027,91.55832163164351,93.98275680148247,0,0,0,89.21865036230604,90.23700272989444,92.60771170652394,91.39901501927962,90.20538936304831,89.02664681973762,88.23933631702917,88.96792763330215
99.6735350156341,0,94.71899208532047,93.54853584556135,92.32814927859236,93.00203636640944,98.06689652630172,95.5565524005989,94.21853336627183,94.07124981297913,0,90.59145631791816,96.62203519749124,95.25996276719523,92.96796262813393,92.84980799817315,92.7759040386895,91.46840580624496,95.227374117132,94.12602881784373,92.90608043734662,90.78879150267873,91.48794200941417,91.56161928903028,93.98605442758713,0,0,0,89.22194800089238,90.2403003883895,92.61100933262865,91.40231264538433,90.20868698915302,89.0299444458423,88.24263395779731,88.97122529315918
99.67679966547776,0,94.72225675128144,93.55180051176931,92.33141394684587,93.00530118105145,98.07016117614536,95.55981705044259,94.22179801790631,94.07451446661702,0,90.59472115314406,96.62529984733493,95.26322741703888,92.97122727817684,92.85307265189499,92.7791686933154,91.47167048373,95.23063876697564,94.12929346768739,92.9093450872148,90.79205615678245,91.49120666702127,91.56488396709203,93.98931907743079,0,0,0,89.22521266199493,90.24356506745089,92.61427398247228,91.40557729522799,90.21195163899668,89.03320909568596,88.24589862086792,88.97448997344917
99.68003166882298,0,94.72548876916449,93.55503252987513,92.33464596679677,93.00853333305457,98.0733931794906,95.56304905378781,94.22503002286689,94.07774647338458,0,90.59795332371527,96.62853185068015,95.26645942038414,92.97445928170178,92.8563046587384,92.78240070097416,91.47490251200917,95.2338707703209,94.13252547103261,92.91257709058218,90.79528816397021,91.49443867736936,91.56811599589138,93.99255108077601,0,0,0,89.228444675496,90.24679709715203,92.6175059858175,91.40880929857317,90.21518364234191,89.0364410990312,88.24913063614436,88.97772200425851
99.68323135213474,0,94.72868846558937,93.55823222650098,92.33784566508687,93.01173315046451,98.07659286280236,95.56624873709957,94.22822970763569,94.08094615978331,0,90.60115315787485,96.63173153399191,95.2696591036959,92.97765896517569,92.8595043452055,92.78560038817682,91.47810221781258,95.23707045363268,94.1357251543444,92.91577677391392,90.79848785074802,91.49763836699782,91.57131570216407,93.9957507640878,0,0,0,89.23164436796868,90.24999680423812,92.62070566912928,91.41200898188495,90.21838332565365,89.03964078234297,88.25233033021851,88.98092171234428
99.68639903861339,0,94.73185616389607,93.56139992498892,92.34101336507598,93.01490095790747,98.07976054928099,95.5694164235782,94.2313973954286,94.0841138490464,0,90.60432098042712,96.63489922047054,95.27282679017456,92.98082665180057,92.86267203453029,92.78876807816503,91.48126992457989,95.24023814011133,94.13889284082308,92.91894446041063,90.801655540353,91.50080605917434,91.57448340935458,93.99891845056646,0,0,0,89.23481206271074,90.25316451216241,92.62387335560794,91.4151766683636,90.22155101213231,89.04280846882159,88.25549802640522,88.9840894211703
99.68953504822726,0,94.73499218417884,93.56453594543518,92.34414938687627,93.01803707663808,98.08289655889486,95.57255243319209,94.2345334062279,94.08724986117184,0,90.60745711278729,96.63803523008441,95.2759627997884,92.98396266154634,92.86580804671135,92.79190409094458,91.4844059524951,95.24337414972517,94.14202885043694,92.92208047004078,90.80479155278691,91.50394207392776,91.57761943765165,94.00205446018033,0,0,0,89.23794807977852,90.25630054112126,92.62700936522182,91.41831267797747,90.22468702174616,89.04594447843546,88.2586340447761,88.9872254509426
99.69263969774498,0,94.7380968433199,93.56764060472372,92.34725404738616,93.02114182458527,98.08600120841258,95.5756570827098,94.23763805681493,94.09035451295502,0,90.61056187302924,96.64113987960214,95.27906744930611,92.98706731118301,92.86891269854469,92.79500874331775,91.48751061852157,95.24647879924291,94.14513349995464,92.92518511957319,90.80789620484829,91.50704672808153,91.58072410402248,94.00515910969804,0,0,0,89.24105273601988,90.25940520808918,92.63011401473953,91.42141732749522,90.22779167126387,89.04904912795318,88.26173870219301,88.99033011864418
99.69571330076752,0,94.74117045502271,93.57071421655954,92.35032766032364,93.02421551639671,98.08907481143515,95.57873068573235,94.24071166080194,94.093428118021,0,90.61363557593133,96.64421348262468,95.28214105232867,92.99014091431286,92.87198630365594,92.79808234891593,91.49058423643578,95.24955240226544,94.14820710297718,92.92825872260893,90.81096981016522,91.51012033528588,91.5837977222474,94.00823271272058,0,0,0,89.24412634510736,90.26247882685259,92.63318761776208,91.42449093051776,90.23086527428646,89.05212273097571,88.26481231234088,88.99340373806952
99.69875616775984,0,94.74421332984463,93.57375709150146,92.35337053625923,93.0272584634815,98.09211767842747,95.58177355272467,94.24375452866424,94.09647098685647,0,90.6166785330206,96.64725634961701,95.28518391932099,92.993183781402,92.87502917253228,92.80112521823148,91.4936271168611,95.25259526925777,94.1512499699695,92.93130158961318,90.81401267922709,91.51316320605027,91.58684060295293,94.0112755797129,0,0,0,89.24716921757044,90.26552170804395,92.63623048475439,91.4275337975101,90.23390814127879,89.05516559796807,88.2678551857605,88.99644661985788
99.70176860608224,0,94.74722577522932,93.57676953699438,92.35638298264848,93.03027097405167,98.09513011674986,95.58478599104707,94.24676696777135,94.09948342684142,0,90.61969105261544,96.65026878793941,95.28819635764339,92.9961962198117,92.87804161255403,92.80413765864944,91.4966395673007,95.25560770758017,94.15426240829191,92.93431402794634,90.81702511941624,91.51617564777516,91.58985305364531,94.01428801803532,0,0,0,89.25018166082762,90.26853415917454,92.63924292307681,91.43054623583247,90.23692057960119,89.05817803629047,88.27086762988056,88.99945907152701
99.70475092002141,0,94.75020809553871,93.57975185740136,92.35936530386394,93.03325335316224,98.09811243068904,95.58776830498624,94.24974928241834,94.10246574228022,0,90.6226734398668,96.65325110187858,95.29117867158257,92.99917853382962,92.88102392802605,92.80711997447882,91.49962189217017,95.25859002151935,94.15724472223108,92.93729634189523,90.82000743503922,91.51915796478346,91.59283537874279,94.01727033197449,0,0,0,89.25316397921814,90.2715164846673,92.64222523701596,91.43352854977165,90.23990289354035,89.06116035022966,88.2738499490494,89.00244139750558
99.7077034108212,0,94.75316059208441,93.58270435403513,92.36231780122694,93.0362059027501,98.10106492148881,95.59072079578605,94.25270177385656,94.10541823443263,0,90.62562599679812,96.6562035926784,95.29413116238234,93.00213102470045,92.88397642020847,92.8100724669836,91.50257439282956,95.26154251231911,94.16019721303088,92.94024883270377,90.82295992735781,91.52211045835165,91.59578787960787,94.02022282277427,0,0,0,89.25611647403316,90.27446898588894,92.64517772781576,91.43648104057142,90.24285538434013,89.06411284102943,88.27680244456656,89.00539389916545
99.71062637671298,0,94.75608356315901,93.58562732518917,92.36524077303875,93.0391289216718,98.1039878873806,95.59364376167782,94.25562474032424,94.1083412015445,0,90.6285490223441,96.65912655857016,95.29705412827417,93.0050539906563,92.88689938734737,92.8129954344133,91.50549736761519,95.26446547821095,94.16312017892264,92.94317179860347,90.8258828946196,91.5250334267406,91.598710854579,94.02314578866604,0,0,0,89.25903944354678,90.27739196118172,92.64810069370753,91.43940400646322,90.2457783502319,89.0670358069212,88.27972541471355,89.00831687485352
99.71352011294584,0,94.75897730406678,93.58852106616855,92.3681345146115,93.04202270574041,98.10688162361346,95.59653749791067,94.25851847707655,94.11123493887791,0,90.63144281238822,96.66202029480301,95.29994786450702,93.00794772694697,92.88979312470514,92.81588917203337,91.50839111187071,95.2673592144438,94.16601391515555,92.94606553484344,90.82877663208819,91.52792716522598,91.60160459900187,94.02603952489895,0,0,0,89.26193318304668,90.28028570589467,92.65099442994041,91.44229774269608,90.2486720864648,89.06992954315407,88.28261915478474,89.01121061992306
99.71638491181639,0,94.76184210715408,93.59138586932046,92.37099931829857,93.04488754776123,98.109746422484,95.59940229678121,94.2613832764156,94.11409973874112,0,90.63430765979928,96.66488509367355,95.30281266337755,93.01081252586964,92.89265792459035,92.81875397215515,91.51125591797803,95.27022401331433,94.16887871402608,92.94893033372044,90.83164143207334,91.53079196612833,91.60446940526016,94.02890432376948,0,0,0,89.26479798486417,90.28315051241468,92.65385922881097,91.44516254156663,90.25153688533533,89.07279434202462,88.28548395711759,89.01407542676465
99.71922106269822,0,94.76467826183944,93.59422202406412,92.37383547352492,93.04772373756683,98.11258257336583,95.60223844766304,94.26421942772006,94.11693589051832,0,90.63714385446715,96.66772124455538,95.30564881425936,93.01364867679851,92.89549407638742,92.82159012416562,91.51409207538775,95.27306016419615,94.17171486490791,92.95176648460807,90.83447758396059,91.5336281188429,91.60730556280608,94.03174047465131,0,0,0,89.26763413840425,90.28598667019664,92.6566953796928,91.44799869244848,90.25437303621716,89.07563049290646,88.28832011112256,89.01691158483678
99.72202885207125,0,94.76748605464323,93.59702981692048,92.37664326681671,93.05053156205102,98.11539036273884,95.60504623703603,94.26702721747428,94.119743680699,0,90.63995168333742,96.67052903392837,95.30845660363238,93.01645646621391,92.89830186658595,92.82439791455668,91.51689987064921,95.27586795356916,94.17452265428089,92.95457427398632,90.8372853742405,91.53643590986907,91.61011335819035,94.0345482640243,0,0,0,89.27044193017507,90.2887944657939,92.65950316906581,91.4508064818215,90.25718082559018,89.07843828227946,88.29112790331273,89.01971938069569
99.72480856355054,0,94.77026576921708,93.59980953154177,92.37942298183073,93.0533113052023,98.11817007421814,95.60782594851536,94.2698069292974,94.12252339290677,0,90.64273143044522,96.67330874540768,95.31123631511164,93.01923617773146,92.90108157880991,92.82717762695424,91.51967958744015,95.27864766504841,94.17730236576017,92.95735398547029,90.84006508653776,91.53921562283955,91.61289307509206,94.03732797550357,0,0,0,89.27322164381725,90.29157418288769,92.66228288054508,91.45358619330078,90.25996053706947,89.08121799375876,88.29390761733319,89.02249909802559
99.72756047791503,0,94.77301768637287,93.60256144874032,92.38217489938356,93.05606324813648,98.12092198858264,95.61057786287985,94.27255884397206,94.12527530792836,0,90.64548337694838,96.67606065977219,95.31398822947615,93.02198809213043,92.90383349384605,92.82992954214704,91.52243150659595,95.28139957941293,94.18005428012465,92.96010589983902,90.84281700164013,91.5419675385491,91.61564499434783,94.04007988986805,0,0,0,89.27597356013271,90.29432610231667,92.66503479490957,91.45633810766525,90.26271245143397,89.08396990812325,88.29665953398992,89.02525101766757
99.73028487313589,0,94.77574208411146,93.60528584651752,92.38489929748027,93.05878766912856,98.1236463838035,95.61330225810072,94.27528323947267,94.12799970374193,0,90.64820780115987,96.67878505499304,95.31671262469702,93.02471248738242,92.90655788967273,92.83265393811499,91.52515590613878,95.28412397463379,94.18277867534553,92.9628302950637,90.84554139752649,91.54469193498326,91.61836939398079,94.04280428508892,0,0,0,89.27869795711337,90.29705050210596,92.6677591901304,91.4590625028861,90.2654368466548,89.0866943033441,88.29938393127838,89.02797541764889
99.73298202440452,0,94.77843923765111,93.60798300009196,92.38759645134296,93.0614848436441,98.12634353507215,95.61599940936935,94.27798039099366,94.13069685554518,0,90.65090497857948,96.68148220626169,95.31940977596567,93.02740963867915,92.90925504148785,92.83535109005754,91.52785306130598,95.28682112590245,94.18547582661417,92.96552744633583,90.84823854939545,91.54738908734629,91.62106654922935,94.04550143635755,0,0,0,89.28139510996945,90.29974765749549,92.67045634139905,91.46175965415473,90.26813399792343,89.08939145461274,88.30208108441208,89.0306725732117
99.73565220416047,0,94.78110941945552,93.61065318192776,92.39026663343874,93.06415504436984,98.12901371482809,95.6186695891253,94.28065057097722,94.13336703578338,0,90.65357518192488,96.68415238601764,95.32207995572162,93.03007981846045,92.91192522173671,92.83802127042136,91.53052324457865,95.2894913056584,94.18814600637013,92.9681976260949,90.85090872969292,91.55005926808943,91.62373673257532,94.04817161611352,0,0,0,89.28406529115728,90.30241784096866,92.673126521155,91.46442983391067,90.27080417767938,89.09206163436868,88.30475126585043,89.03334275684118
99.73829568211887,0,94.78375289926163,93.61329666176216,92.39291011350765,93.06679854124397,98.13165719278649,95.62131306708369,94.2832940491409,94.13601051417675,0,90.65621868116203,96.68679586397603,95.32472343368003,93.03272329644167,92.91456870013974,92.84066474892805,91.53316672570924,95.2921347836168,94.19078948432853,92.97084110405612,90.85355220813972,91.55270274693827,91.62638021377211,94.05081509407192,0,0,0,89.2867087704073,90.30506132228012,92.67576999911341,91.46707331186907,90.27344765563777,89.09470511232708,88.30739474532633,89.03598623829363
99.74091272529769,0,94.78636994410707,93.61591370663315,92.39552715859014,93.06941560148564,98.13427423596531,95.6239301102625,94.28591109250492,94.1386275577479,0,90.6588357435353,96.68941290715485,95.32734047685882,93.0353403396411,92.9171857437196,92.84328179260145,91.53578377174948,95.2947518267956,94.19340652750735,92.97345814723747,90.85616925175911,91.55531979092027,91.62899725987204,94.05343213725074,0,0,0,89.28932581475117,90.30767836848355,92.67838704229223,91.4696903550479,90.27606469881658,89.09732215550586,88.31001178987404,89.03860328462423
99.74350359804471,0,94.78896081835738,93.61850458090652,92.3981180330543,93.07200648962414,98.13686510871231,95.62652098300953,94.28850196541896,94.14121843084882,0,90.6614266335966,96.69200377990187,95.32993134960584,93.03793121240669,92.91977661682834,92.84587266579459,91.53837464707767,95.29734269954263,94.19599740025436,92.97604901998679,90.85876012490354,91.55791066439183,91.63158813525403,94.05602300999776,0,0,0,89.29191668854908,90.31026924395888,92.68097791503925,91.47228122779492,90.27865557156362,89.09991302825289,88.3126026638558,89.0411941602143
99.74606856206427,0,94.79152578373291,93.62106954630283,92.40068299862271,93.07457146752749,98.13943007273188,95.62908594702908,94.29106692958919,94.14378339518757,0,90.66399161323446,96.69456874392141,95.3324963136254,93.040496176443,92.92234158117421,92.8484376302165,91.54093961342551,95.29990766356217,94.19856236427393,92.9786139840084,90.86132508928152,91.56047562906491,91.63415310165045,94.05858797401731,0,0,0,89.29448165351663,90.31283421043949,92.6835428790588,91.47484619181448,90.28122053558317,89.10247799227245,88.31516762898912,89.04375912679838
99.74860787644363,0,94.79406509933536,93.62360886192401,92.40322231439913,93.07711079443064,98.14196938711123,95.63162526140843,94.29360624410444,94.14632270985487,0,90.6665309417022,96.69710805830077,95.33503562800475,93.04303549083748,92.92488089584783,92.85097694495884,91.54347892990506,95.30244697794153,94.20110167865326,92.98115329838963,90.86386440398424,91.56301494403372,91.63669241817384,94.06112728839666,0,0,0,89.29702096875107,90.31537352703882,92.68608219343817,91.47738550619384,90.28375984996254,89.10501730665182,88.31770694437319,89.04629844349104
99.75112179767919,0,94.79657902167415,93.62612278427972,92.40573623689484,93.07962472696322,98.14448330834679,95.634139182644,94.2961201654626,94.14883663135014,0,90.66904487564611,96.69962197953635,95.33754954924032,93.04554941208667,92.9273948173489,92.85349086652175,91.54599285303513,95.3049608991771,94.20361559988883,92.98366721962685,90.8663783255114,91.56552886580106,91.63920634134335,94.06364120963222,0,0,0,89.2995348907579,90.31788745027687,92.68859611467371,91.4798994274294,90.2862737711981,89.10753122788738,88.32022086651499,89.04881236681331
99.7536105797024,0,94.79906780469246,93.62861156731329,92.40822502005472,93.08211351917681,98.14697209037,95.63662796466721,94.29860894759636,94.15132541360761,0,90.67153366913281,96.70211076155955,95.34003833126353,93.04803819412219,92.92988359961153,92.85597964884028,91.54848163676719,95.3074496812003,94.20610438191204,92.98615600165158,90.86886710779767,91.56801764830384,91.64169512511111,94.06612999165544,0,0,0,89.30202367347688,90.32037623410636,92.69108489669694,91.4823882094526,90.2887625532213,89.11002000991058,88.32270964935562,89.0513011507188
99.75607447390537,0,94.80153169979302,93.63107546242759,92.41068891528295,93.08457742257197,98.14943598457296,95.63909185887017,94.30107284189907,94.15378930802189,0,90.67399757367635,96.70457465576251,95.3425022254665,93.05050208833627,92.9323474940305,92.85844354330962,91.55094553251163,95.30991357540329,94.20856827611502,92.98861989585593,90.87133100223794,91.57048154293946,91.64415902088768,94.06859388585842,0,0,0,89.30448756830738,90.32284012993874,92.6935487908999,91.48485210365558,90.29122644742426,89.11248390411356,88.32517354429599,89.0537650466196
99.75851372916631,0,94.80397095586358,93.63351471851055,92.41312817146867,93.08701668612464,98.15187523983391,95.64153111413111,94.30351209724999,94.15622856347342,0,90.67643683826492,96.70701391102345,95.34494148072744,93.05294134360722,92.93478674948626,92.8608827988108,91.55338478916305,95.31235283066422,94.21100753137596,92.99105915111811,90.87377025771289,91.57292079859064,91.6465982775681,94.07103314111936,0,0,0,89.30692682413442,90.32527938666941,92.69598804616085,91.48729135891652,90.29366570268523,89.11492315937451,88.32761280022203,89.05620430341213
99.76092859187465,0,94.8063858193022,93.63592958196037,92.41554303501115,93.08943155631246,98.15429010254225,95.64394597683945,94.30592696003944,94.15864342635369,0,90.67885170938716,96.70942877373179,95.34735634343576,93.05535620632457,92.93720161237033,92.86329766173587,91.55579965312562,95.31476769337254,94.21342239408429,92.99347401382755,90.8761851206143,91.57533566165097,91.64901314155684,94.07344800382769,0,0,0,89.30934168735337,90.32769425070352,92.69840290886918,91.48970622162486,90.29608056539355,89.11733802208285,88.33002766353033,89.05861916750194
99.7633193059559,0,94.80877653404217,93.63832029671043,92.41793374984482,93.09182227714052,98.1566808166235,95.6463366909207,94.30831767419389,94.16103414058998,0,90.68124243105812,96.71181948781305,95.34974705751702,93.05774692041396,92.93959232661011,92.8656883760126,91.55819036833827,95.3171584074538,94.21581310816553,92.99586472790982,90.87857583486968,91.57772637604974,91.65140385679307,94.07583871790892,0,0,0,89.31173240189521,90.33008496598063,92.70079362295044,91.49209693570612,90.2984712794748,89.1197287361641,88.33241837815277,89.06100988282938
99.76568611289635,0,94.81114334157677,93.64068710425413,92.42030055746393,93.09418909016685,98.15904762356396,95.64870349786118,94.31068448120035,94.1634009476703,0,90.6836092448448,96.7141862947535,95.35211386445746,93.06011372736175,92.9419591336935,92.86805518312939,91.56055717629924,95.31952521439423,94.21817991510599,92.99823153485116,90.88094264196721,91.58009318327659,91.65377066477535,94.07820552484938,0,0,0,89.3140992092511,90.33245177399981,92.70316042989087,91.49446374264656,90.30083808641524,89.12209554310454,88.33478518558135,89.06337669089389
99.76802925176739,0,94.81348648098373,93.64303024366933,92.4226436969471,93.0965322345276,98.161390762435,95.65104663673222,94.31302762013097,94.16574408666749,0,90.68595238989141,96.71652943362454,95.35445700332852,93.06245686623942,92.9443022726935,92.87039832215945,91.56290031609086,95.32186835326529,94.220523053977,93.00057467372302,90.8832857809799,91.58243632240598,91.65611380458613,94.0805486637204,0,0,0,89.31644234849689,90.33479491384391,92.70550356876191,91.49680688151759,90.30318122528628,89.12443868197556,88.3371283248927,89.06571983077889
99.77034895924972,0,94.81580618894945,93.64534995164246,92.42496340498163,93.09885194696186,98.16371046991733,95.65336634421456,94.31534732766701,94.16806379426365,0,90.68827210294437,96.71884914110689,95.35677671081085,93.06477657372774,92.94662198029212,92.87271802978522,91.56522002440356,95.32418806074762,94.22284276145936,93.00289438120606,90.88560548859002,91.58475603012131,91.65843351291619,94.08286837120275,0,0,0,89.31876205631727,90.33711462220394,92.70782327624423,91.49912658899991,90.30550093276861,89.12675838945789,88.33944803277222,89.06803953917586
99.77264546965722,0,94.818102699793,93.64764646249266,92.42725991588719,93.1011484618362,98.16600698032484,95.65566285462205,94.31764383812296,94.17036030477381,0,90.69056861837677,96.72114565151439,95.35907322121837,93.06707308414063,92.94891849080459,92.87501454032213,91.56751653556006,95.32648457115513,94.22513927186687,93.00519089161423,90.88790199911277,91.587052540739,91.66073002408834,94.08516488161025,0,0,0,89.32105856702968,90.33941113340322,92.71011978665175,91.5014230994074,90.30779744317611,89.1290548998654,88.34174454353801,89.07033605040837
99.77491901496064,0,94.82037624548974,93.64992000819544,92.42953346163985,93.10342201116887,98.16828052562826,95.65793639992548,94.3199173834701,94.17263385016982,0,90.69284216821289,96.72341919681782,95.36134676652179,93.06934662944893,92.95119203620267,92.87728808574228,91.56979008153917,95.32875811645857,94.22741281717029,93.00746443691828,90.8901755445202,91.58932608623203,91.66300357008147,94.08743842691369,0,0,0,89.32333211260813,90.34168467942081,92.71239333195516,91.50369664471084,90.31007098847952,89.13132844516882,88.3440180891646,89.07260959645603
99.77716982481104,0,94.82262705569491,93.65217081840602,92.43178427189548,93.10567282465382,98.17053133547866,95.66018720977587,94.3221681933599,94.17488466010374,0,90.69509298215189,96.72567000666821,95.36359757637219,93.07159743930372,92.95344284613843,92.87953889569798,91.57204089199902,95.33100892630895,94.2296636270207,93.00971524676922,90.8924263544644,91.59157689625346,91.66525438055406,94.0896892367641,0,0,0,89.32558292270663,90.34393548991538,92.71464414180558,91.50594745456122,90.31232179832992,89.1335792550192,88.34626889930648,89.07486040697772
99.77939812656292,0,94.82485535776681,93.65439912048282,92.43401257401287,93.10790112968421,98.17275963723053,95.66241551152774,94.32439649514735,94.17711296193094,0,90.6973212875919,96.72789830842008,95.36582587812408,93.07382574105957,92.95567114796731,92.88176719754483,91.57426919430068,95.33323722806087,94.23189192877258,93.01194354852161,90.89465465630089,91.59380519815961,91.66748268286717,94.09191753851599,0,0,0,89.32781122468234,90.34616379224839,92.71687244355746,91.50817575631314,90.31455010008182,89.1358075567711,88.34849720132135,89.07708870933511
99.7816041452973,0,94.82706137678981,93.65660513951026,92.43621859307694,93.1101071513759,98.1749656559649,95.66462153026211,94.32660251391377,94.17931898073327,0,90.69952730965309,96.73010432715445,95.36803189685843,93.0760317597975,92.95787716677115,92.88397321636485,91.57647521353095,95.33544324679521,94.23409794750697,93.01414956725641,90.89686067511155,91.59601121703314,91.66968870210778,94.09412355725037,0,0,0,89.33001724361856,90.34836981150694,92.71907846229185,91.5103817750475,90.31675611881619,89.13801357550547,88.35070322029293,89.07929472861571
99.78378810384432,0,94.8292453355972,93.65878909832165,92.43840255192136,93.11229111259055,98.17714961451192,95.66680548880913,94.32878647248972,94.18150293934157,0,90.70171127120102,96.73228828570147,95.37021585540546,93.07821571834772,92.96006112538082,92.88615717498917,91.57865917252529,95.33762720534224,94.23628190605397,93.01633352580384,90.89904463372743,91.59819517570568,91.67187266111148,94.09630751579738,0,0,0,89.33220120234768,90.35055377052679,92.72126242083887,91.51256573359454,90.31894007736322,89.1401975340525,88.35288717905388,89.08147868765545
99.78595022280587,0,94.83140745479359,93.66095121752163,92.44056467115118,93.1144532339584,98.17931173347348,95.66896760777068,94.3309485914774,94.1836650583584,0,90.70387339286953,96.73445040466302,95.37237797436701,93.08037783731218,92.96222324439888,92.88831929402039,91.58082129189035,95.3397893243038,94.23844402501554,93.01849564476574,90.90120675275105,91.60035729478047,91.67403478048493,94.09846963475894,0,0,0,89.33436332147348,90.35271588991485,92.72342453980042,91.5147278525561,90.3211021963248,89.14235965301407,88.35504929820844,89.08364080706143
99.78809072057781,0,94.83354795277735,93.66309171550864,92.44270516916505,93.1165937339009,98.18145223124542,95.67110810554263,94.33308908927285,94.18580555618024,0,90.70601389308322,96.73659090243497,95.37451847213896,93.08251833508675,92.96436374222176,92.89045979185519,91.58296179002625,95.34192982207574,94.24058452278747,93.02063614253802,90.90334725057897,91.60249779265452,91.67617527862845,94.10061013253086,0,0,0,89.33650381939358,90.3548563880715,92.72556503757237,91.51686835032805,90.32324269409675,89.14450015078603,88.35718979615447,89.08578130523428
99.79020981337203,0,94.83566704576263,93.66521080849685,92.44482426217753,93.11871282865305,98.18357132403965,95.67322719833686,94.33520818208831,94.18792464901942,0,90.70813298808,96.73870999522919,95.37663756493318,93.08463742788334,92.966482835062,92.8925788847061,91.58508088314876,95.34404891486994,94.2427036155817,93.02275523533253,90.9054663434237,91.60461688554085,91.6782943717578,94.10272922532509,0,0,0,89.33862291232143,90.35697548121276,92.72768413036658,91.51898744312226,90.32536178689098,89.14661924358028,88.35930888910572,89.08790039839012
99.79230771523831,0,94.83776494780125,93.66730871053811,92.44692216424065,93.12081073228545,98.18566922590591,95.67532510020314,94.33730608397374,94.19002255092627,0,90.71023089193305,96.74080789709548,95.37873546679944,93.08673532975175,92.96858073696974,92.89467678662355,91.58717878531118,95.34614681673622,94.24480151744797,93.02485313719907,90.90756424533555,91.6067147874902,91.68039227392639,94.10482712719136,0,0,0,89.34072081430824,90.35907338339207,92.72978203223286,91.52108534498853,90.32745968875723,89.14871714544654,88.36140679111365,89.08999830058258
99.79438463808593,0,94.83984187080432,93.66938563354356,92.44899908726582,93.12288765672616,98.18774614875353,95.67740202305075,94.33938300683863,94.19209947381049,0,90.71230781657282,96.74288481994307,95.38081238964709,93.08881225260127,92.97065765985475,92.8967537095173,91.58925570842592,95.34822373958386,94.24687844029557,93.02693006004692,90.90964116822428,91.60879171041277,91.68246919704671,94.10690405003896,0,0,0,89.34279773726459,90.36115030652203,92.73185895508047,91.52316226783617,90.32953661160485,89.15079406829413,88.36348371408903,89.09207522372445
99.79644079170507,0,94.84189802456368,93.67144178730507,92.45105524104513,93.12494381178232,98.18980230237267,95.67945817666988,94.34143916047334,94.19415562746264,0,90.71436397180855,96.74494097356222,95.3828685432662,93.09086840622216,92.97271381350762,92.89880986317804,91.59131186228603,95.350279893203,94.24893459391474,93.02898621366626,90.91169732188047,91.61084786409954,91.68452535091181,94.10896020365813,0,0,0,89.3448538909818,90.36320646039586,92.73391510869959,91.52521842145529,90.33159276522399,89.15285022191328,88.36553986782339,89.09413137760897
99.79847638378801,0,94.84393361677309,93.67347737951644,92.45309083327254,93.12697940516152,98.19183789445563,95.68149376875282,94.34347475257034,94.19619121957535,0,90.71639956534968,96.74697656564516,95.38490413534916,93.09290399830664,92.97474940562104,92.90084545529854,91.59334745458632,95.35231548528593,94.25097018599767,93.03102180574942,90.91373291399685,91.61288345624344,91.68656094321668,94.11099579574108,0,0,0,89.34688948315323,90.36524205270855,92.73595070078257,91.52725401353823,90.33362835730694,89.15488581399622,88.36757546001027,89.09616696993132
99.80049161995014,0,94.8459488530493,93.67549261579438,92.45510606956499,93.1289946424929,98.19385313061774,95.68350900491497,94.3454899887451,94.19820645576432,0,90.71841480282716,96.74899180180729,95.38691937151127,93.09491923447018,92.97676464181059,92.90286069149451,91.5953626909445,95.35433072144805,94.25298542215978,93.0330370419117,90.91574815018915,91.61489869246059,91.68857617957892,94.11301103190318,0,0,0,89.34890471939512,90.36725728907791,92.73796593694469,91.52926924970036,90.33564359346904,89.15690105015834,88.36959069626617,89.09818220630939
99.80248670375063,0,94.84794393695267,93.67748769969936,92.45710115348302,93.13098972734811,98.19584821441823,95.68550408871545,94.34748507255708,94.20020153958902,0,90.72040988781414,96.75098688560779,95.38891445531178,93.09691431827193,92.97875972563584,92.90485577532553,91.59735777492185,95.35632580524856,94.25498050596029,93.03503212571233,90.91774323401684,91.61689377631069,91.69057126355996,94.11500611570368,0,0,0,89.35089980326762,90.36925237306534,92.73996102074517,91.53126433350086,90.33763867726955,89.15889613395883,88.37158578015124,89.10017729030469
99.80446183671313,0,94.84991907000799,93.67946283275606,92.45907628655152,93.13296486126198,98.19782334738073,95.68747922167793,94.34946020552987,94.2021766725734,0,90.72238502184692,96.75296201857027,95.39088958827428,93.09888945123559,92.98073485862064,92.90683090831557,91.59933290804385,95.35830093821106,94.25695563892279,93.03700725867499,90.91971836700385,91.61886890931791,91.6925463966853,94.11698124866618,0,0,0,89.35287493629502,90.37122750619645,92.74193615370766,91.53323946646336,90.33961381023205,89.16087126692133,88.37356091319006,89.10215242344287
99.806417218346,0,94.85187445172458,93.68141821447394,92.46103166827999,93.13492024375303,98.1997787290136,95.68943460331081,94.35141558717203,94.20413205422594,0,90.72434040444517,96.75491740020315,95.39284496990712,93.10084483286951,92.98269024027368,92.90878628997326,91.60128828982062,95.3602563198439,94.25891102055567,93.038962640308,90.92167374865885,91.62082429099115,91.69450177846507,94.11893663029906,0,0,0,89.35483031798644,90.37318288798141,92.74389153534054,91.53519484809621,90.34156919186492,89.1628266485542,88.37551629489171,89.10410780523425
99.80835304616254,0,94.85381027961664,93.68335404236716,92.46296749618278,93.13685607234366,98.20171455683015,95.69137043112737,94.353351414997,94.20606788206027,0,90.72627623313255,96.75685322801971,95.39478079772368,93.10278066068696,92.98462606810837,92.91072211781224,91.60322411776693,95.36219214766045,94.2608468483722,93.04089846812467,90.92360957649537,91.62276011884407,91.69643760641411,94.12087245811558,0,0,0,89.35676614585581,90.37511871593514,92.74582736315709,91.53713067591275,90.34350501968144,89.16476247637074,88.37745212277031,89.10604363319374
